# Blender 5.2.0 LTS
# www.blender.org
mtllib Greg-character.mtl
o Plane
v -0.586869 3.844272 0.432343
v -0.586869 3.844272 -0.432342
v -1.203962 4.286792 -0.372990
v -1.203962 4.286792 0.372990
v -1.073057 -0.026207 0.034846
v -1.061818 0.164490 -0.185614
v -1.402331 0.184558 -0.185614
v -1.413569 -0.006138 0.034847
v 0.539405 3.793938 -0.459474
v 0.539405 3.793938 0.459474
v 1.207872 4.254771 0.401463
v 1.207872 4.254771 -0.401463
v 1.035167 0.118663 -0.185810
v 1.046074 -0.071854 0.031947
v 1.383921 -0.052512 0.031947
v 1.373013 0.138005 -0.185810
v -1.120867 -0.063190 -0.714887
v -1.114854 0.038845 -0.714887
v -1.364421 0.053553 -0.714887
v -1.370434 -0.048481 -0.714887
v 1.084371 0.032514 -0.710990
v 1.090337 -0.071688 -0.710990
v 1.339928 -0.057399 -0.710990
v 1.333962 0.046804 -0.710990
v -1.269888 8.063455 0.181652
v -1.269888 8.063456 -0.181652
v -1.395022 8.404024 -0.181652
v -1.395022 8.404023 0.181652
v -3.777494 6.955944 0.125000
v -3.777494 6.955944 -0.125000
v -3.884355 7.181954 -0.125000
v -3.884355 7.181954 0.125000
v 1.407305 7.932496 -0.181652
v 1.407305 7.932496 0.181652
v 1.540165 8.270514 0.181652
v 1.540165 8.270513 -0.181652
v 3.866421 6.896287 -0.137892
v 3.866421 6.896286 0.137892
v 3.978427 7.148301 0.137892
v 3.978427 7.148301 -0.137891
v 0.334905 9.033319 -0.329070
v 0.343783 9.154558 0.124606
v -0.320444 9.169878 0.124606
v -0.317616 9.042185 -0.329070
v 0.416843 12.218750 -0.565093
v 0.416844 12.171697 0.565093
v -0.416843 12.171698 0.565093
v -0.416844 12.218751 -0.565093
v 1.139478 11.449079 -1.225970
v 1.139478 11.494933 1.113612
v -1.139478 11.494933 1.113612
v -1.139478 11.449080 -1.225970
v 1.114695 9.427419 -1.269875
v 1.114695 10.084058 0.820445
v -1.114695 10.084058 0.820445
v -1.114695 9.427418 -1.269875
v 3.960007 6.920506 -0.077751
v 3.960007 6.920506 0.077751
v 4.023162 7.062605 0.077751
v 4.023163 7.062605 -0.077751
v -0.779448 2.936220 0.305349
v -0.779448 2.936220 -0.305349
v -1.352433 3.050652 -0.305349
v -1.352433 3.050652 0.305350
v -0.840793 2.219532 0.270289
v -0.840793 2.219532 -0.270288
v -1.380434 2.251336 -0.270288
v -1.380434 2.251336 0.270289
v -0.906792 1.593339 0.241245
v -0.906792 1.593339 -0.241245
v -1.388447 1.621726 -0.241245
v -1.388447 1.621726 0.241245
v -0.966793 1.024050 0.214841
v -0.966793 1.024050 -0.214841
v -1.395731 1.049330 -0.214841
v -1.395731 1.049330 0.214841
v -1.023968 0.472929 0.182053
v -1.021657 0.512145 -0.182053
v -1.401377 0.534524 -0.182053
v -1.403688 0.495308 0.182053
v 1.007786 0.323214 -0.176708
v 1.010032 0.283994 0.176708
v 1.379115 0.305125 0.176708
v 1.376869 0.344345 -0.176708
v 0.943341 0.882958 -0.217189
v 0.943341 0.882957 0.217189
v 1.377010 0.907786 0.217189
v 1.377010 0.907786 -0.217189
v 0.849452 1.712559 -0.263507
v 0.849452 1.712559 0.263507
v 1.375603 1.742682 0.263506
v 1.375603 1.742682 -0.263507
v 0.751140 2.712110 -0.321708
v 0.751140 2.712110 0.321708
v 1.354169 2.834703 0.321708
v 1.354169 2.834703 -0.321708
v -1.081913 -0.110447 -0.415629
v -1.070619 0.081199 -0.454913
v -1.403374 0.100810 -0.454913
v -1.414669 -0.090836 -0.415629
v 1.040268 0.073876 -0.459722
v 1.051242 -0.117813 -0.420438
v 1.384031 -0.098761 -0.420438
v 1.373056 0.092928 -0.459722
v 0.669299 5.692110 -0.583967
v 0.669299 5.692110 0.583967
v -0.674178 5.694667 0.576599
v -0.674178 5.694667 -0.576599
v 0.589131 7.402472 -0.493288
v 0.589131 7.402472 0.493288
v -0.567951 7.418283 0.493288
v -0.567951 7.418283 -0.493288
v -0.842610 8.042407 0.268955
v -0.719329 8.021138 -0.384866
v -0.630854 8.697095 -0.289471
v -0.619582 8.641447 0.297112
v -1.710453 7.887282 0.166667
v -1.710453 7.887282 -0.166667
v -1.848703 8.190420 -0.166667
v -1.848703 8.190420 0.166667
v -2.140200 7.683988 0.166667
v -2.140200 7.683988 -0.166667
v -2.282681 7.985335 -0.166667
v -2.282681 7.985335 0.166667
v -2.572062 7.479798 0.166667
v -2.572063 7.479798 -0.166667
v -2.714543 7.781146 -0.166667
v -2.714544 7.781146 0.166667
v -3.003925 7.275608 0.166667
v -3.003925 7.275608 -0.166667
v -3.146406 7.576955 -0.166667
v -3.146406 7.576955 0.166667
v -3.435787 7.071418 0.166667
v -3.435787 7.071418 -0.166666
v -3.578269 7.372766 -0.166666
v -3.578269 7.372765 0.166667
v 0.923877 7.959862 -0.268955
v 0.791097 7.939626 0.384866
v 0.711261 8.581093 0.297112
v 0.720347 8.634932 -0.289471
v 1.850096 7.760967 -0.166667
v 1.850096 7.760967 0.166667
v 1.983407 8.066441 0.166667
v 1.983407 8.066441 -0.166667
v 2.264028 7.576972 -0.166667
v 2.264028 7.576972 0.166667
v 2.399407 7.881576 0.166667
v 2.399408 7.881576 -0.166667
v 2.678995 7.392542 -0.166667
v 2.678995 7.392542 0.166667
v 2.814374 7.697146 0.166667
v 2.814374 7.697146 -0.166667
v 3.093961 7.208113 -0.166666
v 3.093961 7.208113 0.166667
v 3.229341 7.512716 0.166667
v 3.229341 7.512717 -0.166666
v 3.510440 7.027084 -0.162945
v 3.510440 7.027084 0.162945
v 3.642796 7.324886 0.162945
v 3.642796 7.324886 -0.162945
v -0.842610 8.042406 -0.268955
v -0.979428 8.579891 -0.250713
v -0.979428 8.579891 0.250713
v 1.094608 8.480002 -0.250713
v 1.094608 8.480002 0.250713
v 0.923877 7.959862 0.268955
v -1.261710 4.355805 -0.204797
v -1.280959 4.378809 0.000000
v -1.261710 4.355805 0.204798
v -1.129980 4.635527 0.405142
v -1.028143 4.978779 0.446447
v -0.886853 5.311203 0.499270
v -0.787932 7.960602 -0.303749
v -0.743923 7.837944 -0.347455
v -0.686251 7.669501 -0.405106
v -0.820107 5.839723 0.304184
v -0.859385 5.874774 0.000000
v -0.820107 5.839723 -0.304184
v -0.886853 5.311203 -0.499270
v -1.028143 4.978779 -0.446447
v -1.129980 4.635527 -0.405142
v -0.342044 5.757051 0.699637
v -0.004835 5.769172 0.733531
v 0.333417 5.755012 0.703466
v 0.820475 5.839811 0.308013
v 0.861106 5.875700 -0.000000
v 0.820475 5.839811 -0.308013
v -0.404991 9.171534 0.016505
v -0.426931 9.138901 -0.102790
v -0.400952 9.090141 -0.225274
v 0.333417 5.755012 -0.703466
v -0.004835 5.769172 -0.733531
v -0.342044 5.757051 -0.699637
v 0.605017 5.186360 -0.666227
v 0.560658 4.719458 -0.657844
v 0.539524 4.259608 -0.591909
v -0.794216 8.596634 0.293516
v -0.875339 8.587770 0.282165
v -0.926306 8.587413 0.267655
v 0.253911 3.906130 -0.435765
v -0.026797 3.946358 -0.424322
v -0.306295 3.930139 -0.422230
v -0.577070 4.288928 -0.566062
v -0.587290 4.736468 -0.637019
v -0.620264 5.194853 -0.651696
v -0.808208 3.952607 -0.508282
v -0.975733 4.057580 -0.518143
v -1.108061 4.177626 -0.476098
v -0.493602 3.627600 -0.220611
v -0.468059 3.567918 0.000000
v -0.493602 3.627600 0.220611
v -0.808208 3.952607 0.508282
v -0.975733 4.057580 0.518143
v -1.108061 4.177626 0.476099
v -0.576434 8.861444 -0.176091
v -0.481129 8.957352 -0.094343
v -0.387973 9.047632 -0.005271
v -0.306295 3.930139 0.422230
v -0.026797 3.946358 0.424322
v 0.253911 3.906130 0.435765
v -0.803001 8.613453 -0.292590
v -0.878055 8.592492 -0.281985
v -0.926645 8.588003 -0.267632
v -0.620264 5.194853 0.651696
v -0.587290 4.736468 0.637019
v -0.577070 4.288928 0.566062
v 0.539524 4.259608 0.591909
v 0.560658 4.719458 0.657844
v 0.605016 5.186360 0.666227
v 0.884491 5.308240 0.513788
v 1.028904 4.973439 0.467162
v 1.132849 4.621539 0.430811
v 1.272067 4.328444 0.220224
v 1.293465 4.353001 -0.000000
v 1.272067 4.328444 -0.220225
v 1.070903 -0.051239 -0.723116
v 1.060007 -0.021153 -0.729207
v 1.067398 0.009980 -0.723116
v 1.132849 4.621539 -0.430811
v 1.028904 4.973439 -0.467162
v 0.884491 5.308240 -0.513788
v 1.101524 4.138292 -0.513136
v 0.956236 4.010545 -0.558298
v 0.774900 3.900340 -0.545537
v 1.289521 -0.066374 -0.723116
v 1.215648 -0.073541 -0.729207
v 1.141439 -0.074852 -0.723116
v 0.437277 3.570261 -0.234631
v 0.409293 3.508821 -0.000000
v 0.437278 3.570261 0.234631
v 1.101524 4.138292 0.513136
v 0.956236 4.010545 0.558298
v 0.774900 3.900340 0.545537
v -0.266170 9.011304 -0.228735
v -0.306990 8.945795 -0.211141
v -0.422889 8.847347 -0.242113
v -0.763319 8.768456 -0.141662
v -0.787952 8.781008 0.002827
v -0.747902 8.750116 0.147753
v -0.487733 8.804542 0.212988
v -0.381759 8.927021 0.154483
v -0.311876 9.040794 0.121070
v 1.353396 0.026354 -0.723116
v 1.364292 -0.003732 -0.729207
v 1.356901 -0.034865 -0.723116
v 0.189369 9.215151 0.244992
v 0.010054 9.235416 0.282118
v -0.168669 9.222357 0.244992
v 0.422274 9.158321 0.016505
v 0.441983 9.127430 -0.102790
v 0.416542 9.079619 -0.225274
v 0.190177 9.005033 -0.393794
v 0.009454 8.997524 -0.415368
v -0.171674 9.010131 -0.393794
v -0.873608 8.164181 -0.339183
v -0.911019 8.311149 -0.357272
v -0.948430 8.458117 -0.326642
v 1.134778 0.041488 -0.723116
v 1.208652 0.048655 -0.729207
v 1.282860 0.049966 -0.723116
v 0.299121 8.994183 -0.228735
v 0.358820 8.917437 -0.211141
v 0.493829 8.804876 -0.242113
v 0.381389 8.583857 -0.351831
v 0.040204 8.581141 -0.364708
v -0.298994 8.614372 -0.351831
v 0.668708 8.341892 -0.419816
v 0.616412 8.055912 -0.495664
v 0.584146 7.752506 -0.529250
v -1.097894 0.016701 -0.727654
v -1.090516 -0.013784 -0.734067
v -1.101424 -0.043193 -0.727654
v 0.314373 7.364388 -0.609096
v 0.009824 7.357612 -0.640510
v -0.294499 7.371703 -0.609096
v -0.542073 7.779786 -0.529250
v -0.553816 8.094972 -0.495664
v -0.588417 8.393082 -0.419816
v -0.674192 7.298998 -0.263050
v -0.701784 7.267962 0.000000
v -0.674192 7.298998 0.263050
v -0.541734 7.779206 0.529259
v -0.551100 8.090334 0.495734
v -0.579917 8.376486 0.420329
v -1.313329 0.056374 -0.727654
v -1.239130 0.054801 -0.734068
v -1.165261 0.047647 -0.727654
v -0.294499 7.371703 0.609096
v 0.009824 7.357612 0.640510
v 0.314373 7.364388 0.609096
v -1.387394 -0.026339 -0.727654
v -1.394772 0.004147 -0.734068
v -1.383864 0.033555 -0.727654
v 0.583808 7.751973 0.529259
v 0.613713 8.051643 0.495734
v 0.660379 8.326460 0.420329
v 0.380214 8.566715 0.349792
v 0.040491 8.573290 0.363177
v -0.296803 8.596751 0.349792
v 0.568524 8.755273 0.212988
v 0.445281 8.889332 0.154483
v 0.355797 9.014277 0.121070
v 0.846429 8.674757 0.147753
v 0.888501 8.700882 0.002827
v 0.861282 8.691328 -0.141662
v 0.651729 8.803895 -0.176091
v 0.539366 8.911315 -0.094343
v 0.428794 9.016068 -0.005271
v 0.689386 7.284294 0.263050
v 0.715504 7.253715 -0.000000
v 0.689386 7.284294 -0.263050
v -1.171959 -0.066011 -0.727654
v -1.246158 -0.064438 -0.734067
v -1.320027 -0.057285 -0.727654
v -0.686251 7.669501 0.405106
v -0.743923 7.837943 0.347455
v -0.787932 7.960602 0.303749
v -0.998668 8.655475 -0.135826
v -1.005081 8.680670 0.000000
v -0.998668 8.655474 0.135826
v -0.948430 8.458117 0.326642
v -0.911019 8.311150 0.357272
v -0.873608 8.164181 0.339183
v -0.823370 7.966823 0.148368
v -0.816956 7.941628 0.000000
v -0.823370 7.966824 -0.148367
v 0.901551 8.535677 -0.292590
v 0.981578 8.506628 -0.281985
v 1.035325 8.495469 -0.267632
v 0.721819 7.636435 -0.405106
v 0.793876 7.788156 -0.347455
v 0.853128 7.894260 -0.303749
v 1.034988 8.494925 0.267655
v 0.978879 8.502275 0.282165
v 0.892928 8.520048 0.293516
v 0.721819 7.636436 0.405106
v 0.793876 7.788156 0.347455
v 0.853128 7.894260 0.303749
v 1.118617 8.553148 0.135826
v 1.126620 8.577529 0.000000
v 1.118617 8.553148 -0.135826
v 1.055927 8.362158 -0.326642
v 1.009243 8.219933 -0.357272
v 0.962558 8.077706 -0.339183
v 0.899868 7.886717 -0.148367
v 0.891865 7.862335 0.000000
v 0.899868 7.886717 0.148368
v 0.962558 8.077706 0.339183
v 1.009243 8.219933 0.357272
v 1.055927 8.362158 0.326642
v -3.814973 6.994457 0.143233
v -3.854584 7.057763 0.152392
v -3.878374 7.128550 0.143233
v -3.907897 7.190992 0.074163
v -3.919723 7.195532 0.000000
v -3.907897 7.190992 -0.074162
v -3.878374 7.128549 -0.143233
v -3.854584 7.057763 -0.152392
v -3.814973 6.994457 -0.143233
v -3.785449 6.932014 -0.074162
v -3.789445 6.919994 0.000000
v -3.785449 6.932014 0.074163
v 0.239844 12.239633 -0.619421
v -0.000000 12.249882 -0.644495
v -0.239844 12.239633 -0.619421
v -0.439763 12.229085 -0.329730
v -0.448289 12.226028 0.000000
v -0.439763 12.202373 0.329730
v -0.239844 12.191824 0.619421
v 0.000000 12.202176 0.644495
v 0.239844 12.191824 0.619421
v 0.439763 12.202373 0.329730
v 0.448289 12.226028 -0.000000
v 0.439763 12.229084 -0.329730
v 3.973009 6.949759 -0.087112
v 3.991585 6.991555 -0.091659
v 4.010162 7.033353 -0.087112
v 4.026965 7.071160 -0.045739
v 4.028811 7.075315 0.000000
v 4.026965 7.071160 0.045740
v 4.010161 7.033353 0.087113
v 3.991585 6.991555 0.091659
v 3.973009 6.949759 0.087113
v 3.956205 6.911951 0.045740
v 3.954359 6.907797 0.000000
v 3.956205 6.911951 -0.045739
v -0.701385 3.561534 0.368157
v -0.749111 3.339980 0.335839
v -0.769505 3.133405 0.317160
v -0.698872 2.920128 0.166988
v -0.672013 2.914764 0.000000
v -0.698872 2.920128 -0.166988
v -0.769505 3.133405 -0.317160
v -0.749111 3.339980 -0.335839
v -0.701385 3.561534 -0.368157
v -0.909265 2.962146 -0.391229
v -1.065941 2.993436 -0.419856
v -1.222616 3.024726 -0.391229
v -1.331873 3.321255 -0.316470
v -1.301826 3.622080 -0.330320
v -1.259965 3.946226 -0.348595
v -1.433009 3.066744 -0.166988
v -1.459868 3.072108 0.000000
v -1.433009 3.066744 0.166988
v -1.331873 3.321255 0.316470
v -1.301826 3.622080 0.330320
v -1.259965 3.946226 0.348595
v -1.222616 3.024726 0.391229
v -1.065941 2.993436 0.419856
v -0.909265 2.962146 0.391229
v -0.791205 2.746828 0.295513
v -0.806204 2.564550 0.286518
v -0.823161 2.388935 0.278174
v -0.764906 2.215060 0.147814
v -0.739611 2.213569 0.000000
v -0.764907 2.215060 -0.147814
v -0.823161 2.388935 -0.278174
v -0.806204 2.564550 -0.286518
v -0.791205 2.746828 -0.295513
v -0.963056 2.226738 -0.346307
v -1.110614 2.235434 -0.371647
v -1.258172 2.244131 -0.346307
v -1.377972 2.422893 -0.278174
v -1.373665 2.608077 -0.286518
v -1.365743 2.814718 -0.295513
v -1.456321 2.255809 -0.147814
v -1.481616 2.257299 0.000000
v -1.456321 2.255809 0.147814
v -1.377972 2.422893 0.278174
v -1.373665 2.608077 0.286518
v -1.365743 2.814718 0.295513
v -1.258172 2.244131 0.346307
v -1.110614 2.235434 0.371647
v -0.963056 2.226738 0.346307
v -0.858043 2.055865 0.262697
v -0.874750 1.897350 0.255345
v -0.890978 1.743378 0.248204
v -0.839059 1.589347 0.131931
v -0.816482 1.588017 0.000000
v -0.839059 1.589348 -0.131931
v -0.890978 1.743378 -0.248204
v -0.874750 1.897350 -0.255345
v -0.858043 2.055865 -0.262697
v -1.015917 1.599771 -0.309095
v -1.147619 1.607532 -0.331712
v -1.279322 1.615294 -0.309095
v -1.386527 1.772583 -0.248204
v -1.384557 1.927396 -0.255345
v -1.382528 2.086776 -0.262697
v -1.456179 1.625718 -0.131931
v -1.478757 1.627048 0.000000
v -1.456179 1.625718 0.131931
v -1.386527 1.772583 0.248204
v -1.384557 1.927396 0.255345
v -1.382528 2.086776 0.262698
v -1.279322 1.615294 0.309095
v -1.147619 1.607533 0.331712
v -1.015917 1.599771 0.309095
v -0.922249 1.446682 0.234443
v -0.937383 1.303088 0.227783
v -0.952222 1.162298 0.221253
v -0.906474 1.020495 0.117491
v -0.886367 1.019310 0.000000
v -0.906474 1.020495 -0.117491
v -0.952222 1.162298 -0.221253
v -0.937383 1.303088 -0.227783
v -0.922249 1.446682 -0.234443
v -1.063974 1.029778 -0.275265
v -1.181262 1.036690 -0.295407
v -1.298550 1.043602 -0.275265
v -1.393962 1.188332 -0.221253
v -1.392161 1.329891 -0.227783
v -1.390323 1.474268 -0.234443
v -1.456051 1.052885 -0.117491
v -1.476157 1.054070 0.000000
v -1.456051 1.052885 0.117491
v -1.393962 1.188332 0.221253
v -1.392161 1.329891 0.227783
v -1.390323 1.474268 0.234443
v -1.298550 1.043602 0.275265
v -1.181262 1.036690 0.295407
v -1.063974 1.029778 0.275265
v -0.981139 0.887798 0.208409
v -0.995368 0.751848 0.201313
v -1.009604 0.614219 0.192784
v -0.970047 0.478667 0.099560
v -0.951615 0.488342 0.000000
v -0.968783 0.500113 -0.099560
v -1.008628 0.630763 -0.192784
v -0.995079 0.756750 -0.201313
v -0.981103 0.888411 -0.208409
v -1.107362 0.522730 -0.233256
v -1.211084 0.530688 -0.250323
v -1.315021 0.534968 -0.233256
v -1.400382 0.653851 -0.192784
v -1.399038 0.780558 -0.201313
v -1.397453 0.912949 -0.208409
v -1.455298 0.528786 -0.099560
v -1.473730 0.519113 0.000000
v -1.456562 0.507340 0.099560
v -1.401357 0.637307 0.192784
v -1.399327 0.775656 0.201313
v -1.397489 0.912336 0.208409
v -1.317983 0.484724 0.233256
v -1.214262 0.476767 0.250323
v -1.110323 0.472485 0.233256
v -1.038396 0.328222 0.167306
v -1.052063 0.189228 0.142548
v -1.063955 0.067300 0.100741
v -1.022626 0.014176 -0.015102
v -1.003591 0.065379 -0.075384
v -1.016479 0.118463 -0.135666
v -1.054627 0.225569 -0.164346
v -1.045169 0.306202 -0.161394
v -1.033996 0.402893 -0.169662
v -1.137385 0.195853 -0.216616
v -1.229967 0.210279 -0.226950
v -1.323603 0.206828 -0.216616
v -1.402297 0.246059 -0.164346
v -1.402218 0.327245 -0.161394
v -1.401957 0.424579 -0.169662
v -1.452761 0.144176 -0.135666
v -1.471796 0.092973 -0.075384
v -1.458907 0.039889 -0.015102
v -1.411625 0.087790 0.100741
v -1.409112 0.210271 0.142548
v -1.406357 0.349908 0.167306
v -1.338002 -0.037502 0.065849
v -1.245420 -0.051928 0.076183
v -1.151784 -0.048476 0.065849
v 1.017883 0.242757 -0.164748
v 1.025606 0.184969 -0.157709
v 1.031263 0.145166 -0.162444
v 0.990128 0.072779 -0.136474
v 0.977274 0.019778 -0.076932
v 0.996093 -0.031410 -0.017389
v 1.040321 -0.013034 0.097533
v 1.032302 0.068009 0.138476
v 1.022159 0.168082 0.162344
v 0.957621 0.289909 0.096637
v 0.939706 0.299642 -0.000000
v 0.956393 0.311357 -0.096637
v 1.124151 -0.094263 0.062569
v 1.217042 -0.097905 0.072776
v 1.308911 -0.083685 0.062569
v 1.382923 0.006581 0.097533
v 1.381640 0.088009 0.138476
v 1.380296 0.188586 0.162344
v 1.295810 0.294822 0.226407
v 1.194994 0.287206 0.242973
v 1.093968 0.283267 0.226407
v 1.428959 -0.006628 -0.017389
v 1.441813 0.046373 -0.076932
v 1.422994 0.097561 -0.136474
v 1.373866 0.164781 -0.162444
v 1.374944 0.204970 -0.157709
v 1.376020 0.263261 -0.164748
v 1.429280 0.338430 -0.096637
v 1.447195 0.328697 -0.000000
v 1.430508 0.316983 0.096637
v 1.294936 0.160414 -0.216432
v 1.202044 0.164056 -0.226639
v 1.110176 0.149836 -0.216432
v 1.091091 0.333517 -0.226407
v 1.191907 0.341133 -0.242973
v 1.292933 0.345073 -0.226407
v 0.962632 0.712655 -0.207537
v 0.979965 0.560565 -0.198036
v 0.995097 0.429736 -0.187991
v 0.996044 0.413190 0.187991
v 0.980245 0.555663 0.198036
v 0.962667 0.712042 0.207537
v 0.882357 0.879466 0.118775
v 0.862028 0.878302 -0.000000
v 0.882356 0.879466 -0.118775
v 1.378266 0.435074 0.187991
v 1.377701 0.578418 0.198036
v 1.377316 0.735781 0.207537
v 1.278757 0.902161 0.278274
v 1.160175 0.895372 0.298635
v 1.041594 0.888583 0.278274
v 1.377318 0.451619 -0.187991
v 1.377420 0.583320 -0.198036
v 1.377281 0.736394 -0.207537
v 1.437994 0.911277 -0.118775
v 1.458323 0.912441 -0.000000
v 1.437994 0.911277 0.118775
v 1.041594 0.888583 -0.278274
v 1.160175 0.895372 -0.298635
v 1.278757 0.902161 -0.278274
v 0.875302 1.484150 -0.250754
v 0.899604 1.269415 -0.238766
v 0.922303 1.068851 -0.227568
v 0.922303 1.068852 0.227568
v 0.899604 1.269415 0.238766
v 0.875302 1.484150 0.250754
v 0.775462 1.708323 0.144105
v 0.750798 1.706911 -0.000000
v 0.775462 1.708323 -0.144105
v 1.376695 1.094866 0.227568
v 1.376355 1.296710 0.238765
v 1.375991 1.512815 0.250754
v 1.256397 1.735857 0.337618
v 1.112528 1.727621 0.362321
v 0.968658 1.719384 0.337618
v 1.376695 1.094866 -0.227568
v 1.376355 1.296710 -0.238766
v 1.375991 1.512816 -0.250754
v 1.449594 1.746918 -0.144105
v 1.474257 1.748330 -0.000000
v 1.449594 1.746918 0.144105
v 0.968658 1.719384 -0.337618
v 1.112528 1.727621 -0.362322
v 1.256397 1.735857 -0.337618
v 0.771380 2.457610 -0.306114
v 0.795764 2.203299 -0.291204
v 0.822414 1.953506 -0.276996
v 0.822414 1.953506 0.276996
v 0.795764 2.203299 0.291204
v 0.771380 2.457610 0.306114
v 0.666339 2.694870 0.175934
v 0.638072 2.689124 -0.000000
v 0.666339 2.694870 -0.175934
v 1.374887 1.986511 0.276996
v 1.372304 2.247315 0.291204
v 1.366013 2.528808 0.306114
v 1.217545 2.806928 0.412188
v 1.052655 2.773406 0.442348
v 0.887763 2.739885 0.412188
v 1.374887 1.986511 -0.276996
v 1.372304 2.247315 -0.291204
v 1.366013 2.528808 -0.306114
v 1.438970 2.851943 -0.175934
v 1.467237 2.857689 -0.000000
v 1.438970 2.851943 0.175934
v 0.887763 2.739885 -0.412188
v 1.052655 2.773406 -0.442348
v 1.217545 2.806928 -0.412188
v 0.656060 3.475189 -0.396766
v 0.708028 3.215559 -0.361868
v 0.734100 2.963869 -0.338842
v 0.734100 2.963869 0.338842
v 0.708028 3.215559 0.361868
v 0.656060 3.475189 0.396766
v 1.334828 3.166811 0.338139
v 1.305635 3.519330 0.356240
v 1.264136 3.884552 0.377013
v 1.334828 3.166811 -0.338139
v 1.305635 3.519330 -0.356240
v 1.264136 3.884552 -0.377014
v -1.078677 -0.083400 -0.059132
v -1.081414 -0.110230 -0.173017
v -1.082186 -0.116109 -0.295590
v -1.032560 -0.069786 -0.424530
v -1.013874 -0.018301 -0.435271
v -1.026384 0.035021 -0.446013
v -1.070070 0.089478 -0.370850
v -1.068911 0.101924 -0.293874
v -1.066405 0.124829 -0.230092
v -1.144420 0.112592 -0.460437
v -1.234879 0.126938 -0.462279
v -1.326396 0.123317 -0.460437
v -1.402947 0.109097 -0.370850
v -1.402636 0.121592 -0.293874
v -1.402433 0.144633 -0.230092
v -1.452727 0.060148 -0.446013
v -1.471414 0.008664 -0.435271
v -1.458904 -0.044659 -0.424530
v -1.415063 -0.096491 -0.295590
v -1.415139 -0.090562 -0.173017
v -1.414705 -0.063596 -0.059132
v -1.340867 -0.122230 -0.410105
v -1.250409 -0.136575 -0.408264
v -1.158891 -0.132954 -0.410105
v -1.082253 -0.101056 -0.522975
v -1.087819 -0.089347 -0.611699
v -1.102438 -0.075566 -0.677332
v -1.095098 0.048970 -0.677946
v -1.078962 0.060938 -0.616609
v -1.072060 0.071912 -0.539548
v -1.382850 0.065928 -0.677946
v -1.397468 0.079710 -0.616609
v -1.403034 0.091419 -0.539548
v -1.390189 -0.058607 -0.677332
v -1.406325 -0.070576 -0.611699
v -1.413228 -0.081550 -0.522975
v 1.041671 0.064972 -0.542620
v 1.048533 0.054390 -0.617103
v 1.064635 0.042632 -0.675835
v 1.071885 -0.083993 -0.675221
v 1.057229 -0.097511 -0.612192
v 1.051621 -0.108808 -0.526047
v 1.001958 -0.077063 -0.429338
v 0.983357 -0.025541 -0.440080
v 0.995956 0.027766 -0.450822
v 1.359664 -0.067517 -0.675221
v 1.375766 -0.079275 -0.612192
v 1.382627 -0.089857 -0.526047
v 1.310177 -0.130033 -0.414914
v 1.219694 -0.144228 -0.413072
v 1.128183 -0.140453 -0.414914
v 1.352414 0.059108 -0.675835
v 1.367070 0.072627 -0.617103
v 1.372678 0.083923 -0.542620
v 1.422341 0.052178 -0.450822
v 1.440942 0.000656 -0.440080
v 1.428343 -0.052652 -0.429338
v 1.114122 0.105148 -0.465246
v 1.204604 0.119344 -0.467088
v 1.296116 0.115568 -0.465246
v 1.037638 0.101117 -0.232427
v 1.039053 0.089556 -0.297982
v 1.039800 0.081352 -0.375929
v 1.051550 -0.123872 -0.300711
v 1.051174 -0.122150 -0.177463
v 1.049540 -0.106771 -0.062607
v 1.384417 -0.104815 -0.300711
v 1.384594 -0.103061 -0.177463
v 1.384462 -0.087595 -0.062607
v 1.372668 0.100410 -0.375929
v 1.372474 0.108645 -0.297982
v 1.372560 0.120291 -0.232427
v 0.581799 6.211967 -0.548637
v 0.542159 6.624232 -0.523553
v 0.539795 7.002122 -0.505725
v 0.539795 7.002122 0.505725
v 0.542159 6.624232 0.523553
v 0.581799 6.211967 0.548637
v -0.532074 7.007628 0.505643
v -0.540440 6.625988 0.522898
v -0.583347 6.212913 0.546269
v -0.532074 7.007628 -0.505643
v -0.540440 6.625988 -0.522898
v -0.583347 6.212913 -0.546268
v -0.924977 8.086706 0.239556
v -1.030369 8.100067 0.215042
v -1.148701 8.089861 0.195660
v -1.252291 8.015562 0.099341
v -1.246425 7.999599 0.000000
v -1.252291 8.015562 -0.099341
v -1.148701 8.089861 -0.195660
v -1.030369 8.100068 -0.215042
v -0.924977 8.086706 -0.239556
v -1.298239 8.140615 -0.232741
v -1.332455 8.233740 -0.249771
v -1.366672 8.326863 -0.232741
v -1.274852 8.460052 -0.195375
v -1.159504 8.511997 -0.212762
v -1.058017 8.553921 -0.231860
v -1.412619 8.451916 -0.099341
v -1.418485 8.467880 0.000000
v -1.412619 8.451916 0.099341
v -1.274852 8.460052 0.195375
v -1.159504 8.511996 0.212762
v -1.058017 8.553921 0.231860
v -1.366672 8.326863 0.232741
v -1.332455 8.233739 0.249771
v -1.298239 8.140615 0.232741
v -1.385860 8.027346 0.172989
v -1.496607 7.984532 0.168540
v -1.604136 7.937137 0.166901
v -1.691012 7.844654 0.091146
v -1.684531 7.830444 0.000000
v -1.691012 7.844654 -0.091146
v -1.604136 7.937137 -0.166901
v -1.496607 7.984532 -0.168540
v -1.385860 8.027346 -0.172988
v -1.741775 7.955962 -0.213542
v -1.779578 8.038852 -0.229167
v -1.817381 8.121741 -0.213542
v -1.738611 8.242371 -0.166901
v -1.626871 8.295034 -0.168540
v -1.512627 8.348793 -0.172988
v -1.868144 8.233049 -0.091146
v -1.874625 8.247259 0.000000
v -1.868144 8.233049 0.091146
v -1.738611 8.242371 0.166901
v -1.626871 8.295035 0.168540
v -1.512627 8.348793 0.172989
v -1.817381 8.121740 0.213542
v -1.779578 8.038853 0.229167
v -1.741775 7.955962 0.213542
v -1.817196 7.836753 0.166667
v -1.924533 7.785971 0.166667
v -2.032267 7.735022 0.166667
v -2.120163 7.641611 0.091146
v -2.113485 7.627485 0.000000
v -2.120163 7.641611 -0.091146
v -2.032267 7.735022 -0.166667
v -1.924533 7.785971 -0.166667
v -1.817196 7.836752 -0.166667
v -2.172481 7.752262 -0.213542
v -2.211440 7.834661 -0.229167
v -2.250400 7.917062 -0.213542
v -2.174682 8.036397 -0.166667
v -2.066485 8.087543 -0.166667
v -1.957892 8.138856 -0.166667
v -2.302717 8.027713 -0.091146
v -2.309396 8.041839 0.000000
v -2.302717 8.027712 0.091146
v -2.174682 8.036397 0.166667
v -2.066485 8.087543 0.166667
v -1.957892 8.138855 0.166667
v -2.250400 7.917062 0.213542
v -2.211440 7.834661 0.229167
v -2.172481 7.752262 0.213542
v -2.248165 7.632940 0.166667
v -2.356131 7.581893 0.166667
v -2.464097 7.530846 0.166667
v -2.552026 7.437421 0.091146
v -2.545348 7.423295 0.000000
v -2.552026 7.437421 -0.091146
v -2.464097 7.530846 -0.166667
v -2.356131 7.581893 -0.166667
v -2.248165 7.632941 -0.166667
v -2.604343 7.548072 -0.213542
v -2.643303 7.630471 -0.229167
v -2.682262 7.712872 -0.213542
v -2.606578 7.832193 -0.166667
v -2.498612 7.883241 -0.166667
v -2.390646 7.934288 -0.166667
v -2.734580 7.823523 -0.091146
v -2.741258 7.837648 0.000000
v -2.734580 7.823523 0.091146
v -2.606578 7.832193 0.166667
v -2.498612 7.883241 0.166667
v -2.390646 7.934289 0.166667
v -2.682263 7.712872 0.213542
v -2.643303 7.630471 0.229167
v -2.604343 7.548072 0.213542
v -2.680028 7.428750 0.166667
v -2.787994 7.377703 0.166667
v -2.895959 7.326655 0.166667
v -2.983889 7.233231 0.091146
v -2.977210 7.219106 0.000000
v -2.983889 7.233231 -0.091146
v -2.895959 7.326655 -0.166667
v -2.787994 7.377703 -0.166667
v -2.680028 7.428750 -0.166667
v -3.036206 7.343882 -0.213542
v -3.075166 7.426282 -0.229167
v -3.114125 7.508681 -0.213542
v -3.038440 7.628003 -0.166667
v -2.930475 7.679050 -0.166667
v -2.822509 7.730098 -0.166667
v -3.166442 7.619332 -0.091146
v -3.173121 7.633458 0.000000
v -3.166442 7.619332 0.091146
v -3.038440 7.628003 0.166667
v -2.930475 7.679050 0.166667
v -2.822509 7.730098 0.166667
v -3.114125 7.508681 0.213542
v -3.075166 7.426282 0.229167
v -3.036206 7.343882 0.213542
v -3.111891 7.224561 0.166667
v -3.219856 7.173513 0.166667
v -3.327822 7.122466 0.166667
v -3.415751 7.029041 0.091146
v -3.409073 7.014915 0.000000
v -3.415751 7.029041 -0.091146
v -3.327822 7.122466 -0.166666
v -3.219856 7.173513 -0.166667
v -3.111891 7.224560 -0.166667
v -3.468069 7.139692 -0.213541
v -3.507028 7.222092 -0.229167
v -3.545988 7.304491 -0.213541
v -3.470303 7.423813 -0.166666
v -3.362337 7.474860 -0.166667
v -3.254371 7.525908 -0.166667
v -3.598305 7.415142 -0.091146
v -3.604984 7.429268 0.000000
v -3.598305 7.415142 0.091146
v -3.470303 7.423813 0.166667
v -3.362338 7.474861 0.166667
v -3.254371 7.525908 0.166667
v -3.545988 7.304492 0.213542
v -3.507028 7.222092 0.229167
v -3.468068 7.139692 0.213542
v -3.542426 7.021985 0.165775
v -3.641107 6.982235 0.159530
v -3.723702 6.960223 0.144126
v -3.723702 6.960222 -0.144125
v -3.641107 6.982235 -0.159529
v -3.542426 7.021984 -0.165774
v -3.846913 7.220813 -0.144125
v -3.777486 7.270678 -0.159529
v -3.684145 7.321719 -0.165774
v -3.846913 7.220813 0.144126
v -3.777486 7.270678 0.159530
v -3.684145 7.321719 0.165775
v 1.022836 7.988615 -0.239556
v 1.144099 7.988008 -0.215042
v 1.276109 7.966486 -0.195660
v 1.388621 7.884962 -0.099341
v 1.382393 7.869117 0.000000
v 1.388621 7.884962 0.099341
v 1.276109 7.966486 0.195660
v 1.144099 7.988008 0.215042
v 1.022836 7.988616 0.239556
v 1.437406 8.009077 0.232741
v 1.473735 8.101503 0.249771
v 1.510064 8.193930 0.232741
v 1.414997 8.332361 0.195375
v 1.291875 8.393042 0.212762
v 1.181508 8.444828 0.231860
v 1.558849 8.318047 0.099341
v 1.565077 8.333891 0.000000
v 1.558849 8.318046 -0.099341
v 1.414997 8.332361 -0.195374
v 1.291875 8.393041 -0.212762
v 1.181508 8.444828 -0.231860
v 1.510064 8.193930 -0.232741
v 1.473735 8.101503 -0.249771
v 1.437406 8.009077 -0.232741
v 1.528586 7.893235 -0.172988
v 1.640685 7.850917 -0.168540
v 1.746791 7.806506 -0.166901
v 1.831348 7.718010 -0.091146
v 1.825100 7.703691 0.000000
v 1.831348 7.718010 0.091146
v 1.746791 7.806506 0.166901
v 1.640685 7.850917 0.168540
v 1.528586 7.893235 0.172989
v 1.880299 7.830175 0.213542
v 1.916751 7.913704 0.229167
v 1.953204 7.997231 0.213542
v 1.878351 8.113221 0.166901
v 1.770838 8.161762 0.168540
v 1.658799 8.213661 0.172989
v 2.002154 8.109398 0.091146
v 2.008403 8.123716 0.000000
v 2.002154 8.109398 -0.091146
v 1.878351 8.113221 -0.166901
v 1.770838 8.161763 -0.168540
v 1.658799 8.213661 -0.172988
v 1.953203 7.997231 -0.213542
v 1.916751 7.913704 -0.229167
v 1.880299 7.830175 -0.213542
v 1.953240 7.715111 -0.166667
v 2.056674 7.669133 -0.166667
v 2.160303 7.623073 -0.166667
v 2.244991 7.534137 -0.091146
v 2.238645 7.519859 0.000000
v 2.244991 7.534137 0.091146
v 2.160302 7.623073 0.166667
v 2.056674 7.669133 0.166667
v 1.953239 7.715111 0.166667
v 2.294700 7.645984 0.213542
v 2.331718 7.729274 0.229167
v 2.368736 7.812564 0.213542
v 2.295650 7.927690 0.166667
v 2.191795 7.973845 0.166667
v 2.087747 8.020081 0.166667
v 2.418446 7.924411 0.091146
v 2.424792 7.938689 0.000000
v 2.418446 7.924411 -0.091146
v 2.295650 7.927690 -0.166667
v 2.191795 7.973845 -0.166667
v 2.087747 8.020081 -0.166667
v 2.368736 7.812564 -0.213542
v 2.331718 7.729274 -0.229167
v 2.294700 7.645984 -0.213542
v 2.367770 7.530865 -0.166667
v 2.471511 7.484757 -0.166667
v 2.575253 7.438650 -0.166667
v 2.659957 7.349708 -0.091146
v 2.653611 7.335429 0.000000
v 2.659957 7.349708 0.091146
v 2.575253 7.438650 0.166667
v 2.471512 7.484757 0.166667
v 2.367770 7.530865 0.166667
v 2.709667 7.461554 0.213542
v 2.746685 7.544845 0.229167
v 2.783703 7.628135 0.213542
v 2.710633 7.743254 0.166667
v 2.606891 7.789361 0.166667
v 2.503150 7.835469 0.166667
v 2.833412 7.739981 0.091146
v 2.839758 7.754260 0.000000
v 2.833412 7.739982 -0.091146
v 2.710633 7.743254 -0.166667
v 2.606891 7.789361 -0.166667
v 2.503150 7.835469 -0.166667
v 2.783702 7.628135 -0.213542
v 2.746685 7.544845 -0.229167
v 2.709667 7.461554 -0.213542
v 2.782737 7.346435 -0.166667
v 2.886478 7.300328 -0.166667
v 2.990220 7.254220 -0.166667
v 3.074924 7.165278 -0.091146
v 3.068578 7.151000 0.000000
v 3.074924 7.165278 0.091146
v 2.990220 7.254220 0.166667
v 2.886479 7.300328 0.166667
v 2.782737 7.346435 0.166667
v 3.124633 7.277124 0.213542
v 3.161652 7.360415 0.229167
v 3.198669 7.443705 0.213542
v 3.125599 7.558824 0.166667
v 3.021858 7.604932 0.166667
v 2.918116 7.651039 0.166667
v 3.248379 7.555552 0.091146
v 3.254725 7.569830 0.000000
v 3.248379 7.555552 -0.091146
v 3.125599 7.558824 -0.166666
v 3.021858 7.604932 -0.166667
v 2.918116 7.651039 -0.166667
v 3.198669 7.443705 -0.213541
v 3.161652 7.360415 -0.229167
v 3.124633 7.277124 -0.213541
v 3.197727 7.162058 -0.166608
v 3.301634 7.116323 -0.166201
v 3.405824 7.071225 -0.165096
v 3.491827 6.985206 -0.089110
v 3.485623 6.971246 0.000000
v 3.491827 6.985206 0.089111
v 3.405824 7.071225 0.165097
v 3.301634 7.116323 0.166202
v 3.197727 7.162058 0.166609
v 3.540426 7.094555 0.208774
v 3.576618 7.175985 0.224050
v 3.612809 7.257415 0.208774
v 3.539928 7.372960 0.165097
v 3.436636 7.420077 0.166202
v 3.333059 7.466556 0.166609
v 3.661409 7.366765 0.089111
v 3.667614 7.380724 0.000000
v 3.661409 7.366765 -0.089110
v 3.539928 7.372960 -0.165096
v 3.436635 7.420077 -0.166201
v 3.333060 7.466556 -0.166608
v 3.612809 7.257416 -0.208773
v 3.576618 7.175985 -0.224049
v 3.540426 7.094555 -0.208773
v 3.614535 6.984684 -0.159413
v 3.712817 6.946674 -0.154231
v 3.798905 6.916170 -0.147142
v 3.850670 6.860847 -0.075409
v 3.845419 6.849034 0.000000
v 3.850670 6.860847 0.075410
v 3.798906 6.916170 0.147143
v 3.712817 6.946674 0.154231
v 3.614535 6.984684 0.159414
v 3.891797 6.953383 0.176674
v 3.922424 7.022294 0.189601
v 3.953050 7.091204 0.176674
v 3.918426 7.185091 0.147143
v 3.838095 7.228551 0.154231
v 3.744023 7.276032 0.159414
v 3.994178 7.183740 0.075410
v 3.999428 7.195554 0.000000
v 3.994178 7.183740 -0.075409
v 3.918426 7.185091 -0.147142
v 3.838096 7.228551 -0.154231
v 3.744023 7.276032 -0.159413
v 3.953050 7.091204 -0.176674
v 3.922424 7.022294 -0.189601
v 3.891797 6.953383 -0.176674
v 1.238464 9.854009 -1.381311
v 1.282302 10.393005 -1.399045
v 1.248532 10.954624 -1.341218
v 1.459956 11.459468 -0.695908
v 1.566783 11.472006 -0.056179
v 1.459956 11.484544 0.583551
v 1.248532 11.163403 1.128792
v 1.282302 10.795729 1.076017
v 1.238464 10.424936 0.968748
v 1.428203 9.935287 0.346857
v 1.532705 9.755739 -0.224715
v 1.428203 9.576189 -0.796287
v 0.623152 11.501381 1.442616
v 0.000000 11.503531 1.552284
v -0.623152 11.501381 1.442616
v -1.248532 11.163403 1.128792
v -1.282302 10.795728 1.076017
v -1.238464 10.424936 0.968748
v -0.609599 10.176397 1.114396
v 0.000000 10.207178 1.212380
v 0.609599 10.176397 1.114396
v -1.459956 11.484545 0.583551
v -1.566783 11.472006 -0.056179
v -1.459956 11.459467 -0.695908
v -1.248532 10.954624 -1.341218
v -1.282302 10.393005 -1.399045
v -1.238464 9.854009 -1.381311
v -1.428203 9.576188 -0.796287
v -1.532705 9.755738 -0.224715
v -1.428203 9.935287 0.346857
v -0.623152 11.442631 -1.554973
v -0.000000 11.440481 -1.664641
v 0.623152 11.442630 -1.554973
v 0.609599 9.335078 -1.563826
v -0.000000 9.304298 -1.661810
v -0.609599 9.335078 -1.563826
v 0.964037 11.806253 -1.071137
v 0.757403 12.034702 -0.893336
v 0.559724 12.163037 -0.710846
v 0.559724 12.099198 0.709090
v 0.757403 11.963646 0.879291
v 0.964037 11.763065 1.023736
v -0.559724 12.099198 0.709090
v -0.757403 11.963646 0.879291
v -0.964037 11.763065 1.023736
v -0.559724 12.163037 -0.710846
v -0.757403 12.034701 -0.893336
v -0.964037 11.806253 -1.071137
v 0.477266 9.041773 -0.531463
v 0.688202 9.069660 -0.793932
v 0.917437 9.177903 -1.059171
v 0.917056 9.798176 0.645185
v 0.685147 9.560596 0.459511
v 0.469941 9.355936 0.281015
v -0.916744 9.798364 0.645185
v -0.682657 9.562095 0.459511
v -0.461328 9.361225 0.281015
v -0.917167 9.178041 -1.059171
v -0.686041 9.070769 -0.793932
v -0.469972 9.045514 -0.531463
v 3.911164 6.889225 -0.126172
v 3.937666 6.893532 -0.111473
v 3.952393 6.906284 -0.093839
v 3.952393 6.906285 0.093839
v 3.937666 6.893532 0.111474
v 3.911164 6.889225 0.126173
v 4.028616 7.077787 0.093839
v 4.028213 7.097263 0.111474
v 4.013651 7.119821 0.126173
v 4.028616 7.077787 -0.093839
v 4.028214 7.097263 -0.111473
v 4.013651 7.119822 -0.126172
v -1.456213 1.776690 -0.135737
v -1.479442 1.778059 0.000000
v -1.456213 1.776691 0.135737
v -1.456248 1.931621 -0.139642
v -1.480145 1.933029 0.000000
v -1.456248 1.931621 0.139642
v -1.456284 2.091123 -0.143663
v -1.480869 2.092571 0.000000
v -1.456284 2.091122 0.143663
v -1.003251 1.749995 -0.318011
v -1.138753 1.757981 -0.341281
v -1.274254 1.765967 -0.318011
v -0.990253 1.904157 -0.327161
v -1.129653 1.912373 -0.351100
v -1.269054 1.920589 -0.327161
v -0.976872 2.062868 -0.336581
v -1.120286 2.071321 -0.361209
v -1.263700 2.079772 -0.336581
v -0.821292 1.739271 0.135737
v -0.798063 1.737902 0.000000
v -0.821292 1.739271 -0.135737
v -0.803059 1.893125 0.139642
v -0.779162 1.891716 0.000000
v -0.803059 1.893125 -0.139642
v -0.784288 2.051518 0.143663
v -0.759702 2.050070 0.000000
v -0.784288 2.051518 -0.143663
v 1.289286 0.023057 -0.749063
v 1.295298 -0.007682 -0.757848
v 1.292833 -0.038907 -0.749063
v 1.210315 0.019594 -0.757848
v 1.212150 -0.012443 -0.767438
v 1.213984 -0.044479 -0.757848
v 1.131466 0.014022 -0.749063
v 1.129001 -0.017203 -0.757848
v 1.135013 -0.047943 -0.749063
v -1.252273 2.415199 0.356410
v -1.100567 2.405914 0.382489
v -0.948860 2.396629 0.356410
v -1.245100 2.598215 0.367102
v -1.089935 2.586313 0.393963
v -0.934769 2.574411 0.367101
v -1.235574 2.799337 0.378626
v -1.078474 2.780773 0.406330
v -0.921374 2.762210 0.378626
v -1.455993 2.427669 -0.152126
v -1.481999 2.429260 0.000000
v -1.455992 2.427669 0.152126
v -1.453465 2.614197 -0.156690
v -1.480065 2.616238 0.000000
v -1.453465 2.614197 0.156690
v -1.446537 2.824265 -0.161609
v -1.473469 2.827448 0.000000
v -1.446537 2.824265 0.161609
v -0.911255 4.622827 -0.588549
v -0.788231 4.310089 -0.572814
v -0.943787 4.374987 -0.561259
v -1.054154 4.502785 -0.514034
v -0.969980 4.797282 -0.555977
v -0.830964 5.027814 -0.602700
v -0.792184 4.680408 -0.615287
v 0.740677 7.849483 0.474684
v 0.829949 7.952243 0.422934
v 0.893601 8.030635 0.378105
v 0.781990 8.096995 0.463701
v 0.878598 8.150274 0.428142
v 0.943086 8.195225 0.392250
v 0.835444 8.332496 0.399916
v 0.931313 8.344784 0.378016
v 0.993079 8.359375 0.353287
v -0.948860 2.396629 -0.356410
v -1.100567 2.405914 -0.382489
v -1.252273 2.415200 -0.356410
v -0.934769 2.574411 -0.367101
v -1.089935 2.586313 -0.393962
v -1.245100 2.598215 -0.367101
v -0.921374 2.762209 -0.378626
v -1.078474 2.780773 -0.406330
v -1.235574 2.799337 -0.378626
v -0.745140 2.384159 0.152126
v -0.719134 2.382568 0.000000
v -0.745140 2.384160 -0.152126
v -0.726404 2.558429 0.156690
v -0.699805 2.556389 0.000000
v -0.726404 2.558429 -0.156690
v -0.710411 2.737281 0.161609
v -0.683479 2.734099 0.000000
v -0.710411 2.737281 -0.161609
v -1.205020 3.278733 0.405451
v -1.051543 3.227477 0.435240
v -0.897462 3.176251 0.405925
v -1.181070 3.558466 0.423009
v -1.032304 3.482206 0.454934
v -0.878694 3.406184 0.426803
v -1.149090 3.859391 0.445905
v -1.006014 3.757276 0.481743
v -0.846367 3.657281 0.458896
v -0.911255 4.622827 0.588549
v -1.054154 4.502785 0.514034
v -0.943787 4.374987 0.561259
v -0.788231 4.310089 0.572815
v -0.792184 4.680408 0.615287
v -0.830964 5.027814 0.602701
v -0.969980 4.797282 0.555977
v -1.410568 3.347655 -0.173082
v -1.436800 3.356455 0.000000
v -1.410569 3.347655 0.173083
v -1.376453 3.661619 -0.180746
v -1.401330 3.674799 0.000000
v -1.376454 3.661619 0.180746
v -1.327792 4.000412 -0.190983
v -1.350400 4.018474 0.000000
v -1.327792 4.000412 0.190983
v -0.897462 3.176251 -0.405925
v -1.051543 3.227477 -0.435239
v -1.205020 3.278733 -0.405451
v -0.878694 3.406184 -0.426803
v -1.032304 3.482206 -0.454933
v -1.181070 3.558466 -0.423009
v -0.846367 3.657281 -0.458896
v -1.006014 3.757276 -0.481743
v -1.149090 3.859391 -0.445905
v 0.896032 4.604005 -0.621000
v 1.047682 4.481700 -0.547995
v 0.926267 4.346750 -0.598388
v 0.759770 4.278055 -0.606971
v 0.771517 4.661530 -0.643833
v 0.819878 5.018318 -0.624622
v 0.962437 4.785265 -0.584448
v -0.690087 3.106032 0.173557
v -0.663631 3.096613 0.000000
v -0.690087 3.106032 -0.173557
v -0.668705 3.292654 0.184540
v -0.642034 3.274518 0.000000
v -0.668705 3.292654 -0.184540
v -0.613802 3.474533 0.202425
v -0.585865 3.439176 0.000000
v -0.613803 3.474533 -0.202425
v 4.010521 7.034163 -0.046625
v 4.011218 7.035730 0.000000
v 4.010521 7.034163 0.046626
v 3.991585 6.991555 -0.048341
v 3.991585 6.991555 0.000000
v 3.991585 6.991556 0.048342
v 3.972649 6.948948 -0.046625
v 3.971951 6.947381 0.000000
v 3.972648 6.948949 0.046626
v -0.593260 8.892495 0.013474
v -0.662112 8.845085 -0.100539
v -0.686614 8.839092 0.006959
v -0.631634 8.827173 0.118383
v -0.519725 8.911522 0.080316
v -0.438537 8.987312 0.037202
v -0.550206 8.921747 -0.041441
v -0.365668 9.018535 -0.132053
v -0.328560 9.044789 -0.172653
v -0.359832 8.985328 -0.170252
v -0.455741 8.918779 -0.184749
v -0.410291 8.993299 -0.120760
v -0.366097 9.074127 -0.054839
v -0.351666 9.071678 -0.110135
v 0.896032 4.604006 0.621000
v 1.047682 4.481700 0.547995
v 0.962437 4.785265 0.584448
v 0.819878 5.018318 0.624622
v 0.771517 4.661530 0.643833
v 0.759770 4.278055 0.606971
v 0.926267 4.346750 0.598388
v -0.215018 12.270565 -0.321299
v -0.211473 12.274460 0.000000
v -0.215018 12.248642 0.321299
v -0.000000 12.284793 -0.327362
v -0.000000 12.290674 0.000000
v 0.000000 12.264126 0.327362
v 0.215018 12.270566 -0.321299
v 0.211473 12.274459 0.000000
v 0.215018 12.248642 0.321299
v -3.914156 7.117025 0.079039
v -3.927380 7.115469 0.000000
v -3.914155 7.117025 -0.079039
v -3.891780 7.040176 0.083285
v -3.904235 7.034287 0.000000
v -3.891780 7.040176 -0.083285
v -3.846586 6.974115 0.079039
v -3.856181 6.964882 0.000000
v -3.846586 6.974115 -0.079039
v 0.946451 8.622759 0.154727
v 1.012488 8.596706 0.150599
v 1.061511 8.578644 0.143946
v 0.970195 8.655367 0.000924
v 1.025673 8.627880 0.000240
v 1.070600 8.606512 0.000030
v 0.952550 8.632225 -0.153149
v 1.014344 8.599699 -0.150227
v 1.061743 8.579018 -0.143899
v 0.841200 8.342243 -0.399653
v 0.933253 8.347913 -0.377952
v 0.993322 8.359765 -0.353278
v 0.783930 8.100113 -0.463651
v 0.879273 8.151363 -0.428125
v 0.943170 8.195360 -0.392247
v 0.740919 7.849874 -0.474678
v 0.830034 7.952379 -0.422932
v 0.893611 8.030651 -0.378105
v 0.729537 7.518455 -0.229794
v 0.776088 7.689188 -0.195362
v 0.828583 7.809974 -0.168745
v 0.736524 7.483696 -0.000000
v 0.771804 7.657367 0.000000
v 0.820607 7.782024 0.000000
v 0.729537 7.518455 0.229794
v 0.776088 7.689188 0.195362
v 0.828583 7.809974 0.168745
v -0.690129 7.892372 -0.474678
v -0.767750 8.010071 -0.422932
v -0.818539 8.102894 -0.378105
v -0.715030 8.154602 -0.463651
v -0.802069 8.218880 -0.428125
v -0.856173 8.274760 -0.392248
v -0.755480 8.409105 -0.399653
v -0.841493 8.425398 -0.377952
v -0.894446 8.446340 -0.353279
v -0.846565 8.717497 -0.153149
v -0.903714 8.690876 -0.150227
v -0.947001 8.675266 -0.143899
v -0.861838 8.742990 0.000924
v -0.912735 8.720795 0.000240
v -0.953845 8.703994 0.000030
v -0.840372 8.707217 0.154727
v -0.901847 8.687630 0.150599
v -0.946768 8.674860 0.143946
v -0.749662 8.398569 0.399916
v -0.839541 8.422004 0.378016
v -0.894202 8.445915 0.353287
v -0.713078 8.151218 0.463701
v -0.801390 8.217699 0.428142
v -0.856088 8.274612 0.392250
v -0.689885 7.891949 0.474684
v -0.767665 8.009923 0.422934
v -0.818528 8.102877 0.378105
v 0.669488 8.832819 0.013474
v 0.717549 8.763301 0.118383
v 0.774766 8.769392 0.006959
v 0.746508 8.778238 -0.100539
v 0.618982 8.867297 -0.041441
v 0.493273 8.946421 0.037202
v 0.590074 8.859798 0.080316
v 0.405893 8.988055 -0.132053
v 0.517257 8.874050 -0.184749
v 0.405680 8.953478 -0.170252
v 0.358140 9.024708 -0.172653
v 0.379742 9.050163 -0.110135
v 0.397988 9.048891 -0.054839
v 0.458023 8.956061 -0.120760
v -0.701858 7.546997 0.229794
v -0.733416 7.734395 0.195362
v -0.769470 7.872693 0.168745
v -0.711002 7.511073 0.000000
v -0.731410 7.701166 0.000000
v -0.763503 7.843552 0.000000
v -0.701858 7.546997 -0.229793
v -0.733416 7.734395 -0.195362
v -0.769470 7.872693 -0.168745
v -1.323324 -0.030338 -0.754973
v -1.325785 0.000081 -0.764223
v -1.319768 0.030001 -0.754973
v -1.244479 -0.035960 -0.764223
v -1.242644 -0.004818 -0.774320
v -1.240808 0.026323 -0.764223
v -1.165519 -0.039639 -0.754973
v -1.159503 -0.009719 -0.764223
v -1.161963 0.020701 -0.754973
v -1.175703 4.720090 -0.223333
v -1.191161 4.747952 0.000000
v -1.175703 4.720090 0.223333
v -1.068737 5.087625 -0.248295
v -1.084008 5.121308 0.000000
v -1.068738 5.087625 0.248295
v -0.943324 5.456767 -0.279539
v -0.966822 5.496252 0.000000
v -0.943324 5.456767 0.279539
v 0.946132 5.457488 0.286799
v 1.074736 5.086404 0.259140
v 1.184390 4.710633 0.237090
v 0.971228 5.498135 -0.000000
v 1.091717 5.121438 -0.000000
v 1.201783 4.740004 -0.000000
v 0.946132 5.457488 -0.286799
v 1.074736 5.086405 -0.259140
v 1.184390 4.710633 -0.237090
v 0.225174 3.681471 0.232737
v -0.029964 3.725053 0.226546
v -0.284148 3.709374 0.224721
v 0.211093 3.610688 0.000000
v -0.031041 3.653187 0.000000
v -0.272308 3.639682 0.000000
v 0.225174 3.681471 -0.232737
v -0.029964 3.725053 -0.226546
v -0.284148 3.709374 -0.224721
v 0.270443 4.289241 0.578971
v 0.288256 4.759570 0.665501
v 0.315292 5.259604 0.703446
v -0.021780 4.313876 0.570409
v -0.015753 4.777259 0.665289
v -0.009728 5.277636 0.716142
v -0.312714 4.306135 0.565230
v -0.318584 4.769665 0.654580
v -0.333635 5.264752 0.696176
v 0.270443 4.289241 -0.578971
v -0.021780 4.313876 -0.570409
v -0.312714 4.306135 -0.565230
v 0.288256 4.759570 -0.665501
v -0.015753 4.777259 -0.665289
v -0.318585 4.769665 -0.654580
v 0.315292 5.259604 -0.703446
v -0.009729 5.277636 -0.716141
v -0.333635 5.264752 -0.696176
v 0.328031 7.707975 0.574663
v 0.349103 8.028281 0.519957
v 0.376287 8.319065 0.441614
v 0.018767 7.702033 0.592204
v 0.028783 8.027843 0.529659
v 0.037040 8.323475 0.450751
v -0.289691 7.721324 0.574663
v -0.290286 8.048483 0.519957
v -0.300374 8.345798 0.441614
v 0.328263 7.708355 -0.574656
v 0.018767 7.702274 -0.592200
v -0.289924 7.721735 -0.574656
v 0.350958 8.031316 -0.519905
v 0.028779 8.029777 -0.529624
v -0.292154 8.051770 -0.519905
v 0.381206 8.328690 -0.441609
v 0.036994 8.329044 -0.450861
v -0.305431 8.356127 -0.441609
v 0.324298 8.757413 0.264412
v 0.250063 8.911897 0.203157
v 0.194730 9.056416 0.185539
v 0.037076 8.767796 0.279225
v 0.028880 8.926125 0.219755
v 0.018955 9.074063 0.209749
v -0.248255 8.783865 0.264412
v -0.190891 8.931698 0.203157
v -0.155693 9.069484 0.185539
v 0.177452 8.976713 -0.264022
v 0.221117 8.898846 -0.236844
v 0.305093 8.771152 -0.276023
v 0.017941 8.974619 -0.275764
v 0.027713 8.898952 -0.245252
v 0.036276 8.770004 -0.286284
v -0.142269 8.986598 -0.264022
v -0.166324 8.915476 -0.236844
v -0.232199 8.795981 -0.276023
v -1.274254 1.765967 0.318012
v -1.138753 1.757981 0.341281
v -1.003251 1.749995 0.318012
v -1.269054 1.920588 0.327161
v -1.129653 1.912373 0.351100
v -0.990253 1.904157 0.327161
v -1.263700 2.079772 0.336581
v -1.120286 2.071321 0.361209
v -0.976872 2.062868 0.336581
v -0.890102 1.158637 0.120998
v -0.869396 1.157416 0.000000
v -0.890103 1.158637 -0.120998
v -0.873430 1.299320 0.124569
v -0.852113 1.298063 0.000000
v -0.873430 1.299320 -0.124569
v -0.856426 1.442803 0.128211
v -0.834485 1.441509 0.000000
v -0.856426 1.442803 -0.128211
v -1.052304 1.168196 -0.283481
v -1.173092 1.175315 -0.304223
v -1.293880 1.182434 -0.283481
v -1.040419 1.309161 -0.291847
v -1.164772 1.316490 -0.313202
v -1.289125 1.323818 -0.291847
v -1.028297 1.452932 -0.300380
v -1.156286 1.460475 -0.322359
v -1.284275 1.468018 -0.300380
v -1.456082 1.191993 -0.120998
v -1.476788 1.193213 0.000000
v -1.456082 1.191993 0.120998
v -1.456114 1.333660 -0.124569
v -1.477431 1.334916 0.000000
v -1.456114 1.333660 0.124569
v -1.456146 1.478148 -0.128211
v -1.478087 1.479441 0.000000
v -1.456146 1.478148 0.128211
v -1.293880 1.182434 0.283481
v -1.173092 1.175315 0.304223
v -1.052304 1.168196 0.283481
v -1.289125 1.323818 0.291847
v -1.164772 1.316490 0.313202
v -1.040419 1.309161 0.291847
v -1.284275 1.468018 0.300380
v -1.156286 1.460475 0.322359
v -1.028297 1.452932 0.300380
v -0.954292 0.614720 0.105429
v -0.935662 0.618161 0.000000
v -0.953759 0.623768 -0.105429
v -0.938496 0.749611 0.110093
v -0.919482 0.749835 0.000000
v -0.938338 0.752291 -0.110093
v -0.922582 0.884486 0.113974
v -0.903056 0.883504 0.000000
v -0.922562 0.884822 -0.113974
v -1.097248 0.638320 -0.247005
v -1.204322 0.645409 -0.265078
v -1.311488 0.650947 -0.247005
v -1.086561 0.762833 -0.257932
v -1.197005 0.769573 -0.276805
v -1.307476 0.775853 -0.257932
v -1.075427 0.894056 -0.267024
v -1.189271 0.900795 -0.286562
v -1.303118 0.907476 -0.267024
v -1.455693 0.653349 -0.105429
v -1.474323 0.649908 0.000000
v -1.456226 0.644302 0.105429
v -1.455911 0.782795 -0.110093
v -1.474925 0.782570 0.000000
v -1.456069 0.780114 0.110093
v -1.456010 0.916260 -0.113973
v -1.475536 0.917243 0.000000
v -1.456030 0.915925 0.113974
v -1.312737 0.629750 0.247005
v -1.205663 0.622660 0.265078
v -1.098498 0.617123 0.247005
v -1.307846 0.769573 0.257932
v -1.197402 0.762833 0.276805
v -1.086931 0.756553 0.257932
v -1.303165 0.906691 0.267024
v -1.189321 0.899952 0.286562
v -1.075474 0.893271 0.267024
v -1.012950 0.100277 0.040682
v -0.994103 0.142592 -0.031803
v -1.007849 0.186830 -0.104287
v -1.000291 0.212770 0.073686
v -0.981670 0.243769 -0.009423
v -0.996521 0.276740 -0.092532
v -0.985655 0.342090 0.090962
v -0.967203 0.361491 -0.001178
v -0.983248 0.382925 -0.093317
v -1.132084 0.252468 -0.201624
v -1.226713 0.265490 -0.214050
v -1.322216 0.263674 -0.201624
v -1.125094 0.327419 -0.204136
v -1.222401 0.338656 -0.218383
v -1.320355 0.338927 -0.204136
v -1.116743 0.418306 -0.217048
v -1.217151 0.427737 -0.232843
v -1.317972 0.430166 -0.217048
v -1.453301 0.213083 -0.104287
v -1.472149 0.170767 -0.031803
v -1.458402 0.126530 0.040682
v -1.453990 0.303702 -0.092532
v -1.472611 0.272703 -0.009423
v -1.457760 0.239732 0.073686
v -1.454698 0.410711 -0.093317
v -1.473150 0.391310 -0.001178
v -1.457105 0.369876 0.090962
v -1.334167 0.060892 0.138019
v -1.239539 0.047870 0.150445
v -1.144035 0.049686 0.138019
v -1.329188 0.189053 0.185290
v -1.231880 0.177816 0.199537
v -1.133927 0.177546 0.185290
v -1.323610 0.334495 0.214692
v -1.223202 0.325064 0.230487
v -1.122381 0.322635 0.214692
v 0.985137 0.106566 -0.103543
v 0.971554 0.062388 -0.032456
v 0.990090 0.020050 0.038632
v 0.977997 0.155658 -0.090604
v 0.963453 0.122739 -0.009616
v 0.981659 0.091695 0.071371
v 0.968489 0.222955 -0.090641
v 0.952870 0.201576 -0.001202
v 0.970827 0.182117 0.088237
v 1.119215 -0.030838 0.134093
v 1.213320 -0.032890 0.146279
v 1.306576 -0.020110 0.134093
v 1.112391 0.056093 0.180127
v 1.208227 0.056078 0.194010
v 1.303435 0.067030 0.180127
v 1.103900 0.162226 0.208341
v 1.202029 0.164333 0.223674
v 1.299757 0.173440 0.208341
v 1.429050 0.045181 0.038632
v 1.442633 0.089359 -0.032456
v 1.424096 0.131697 -0.103543
v 1.429249 0.117321 0.071371
v 1.443793 0.150239 -0.009617
v 1.425587 0.181284 -0.090604
v 1.429690 0.208388 0.088237
v 1.445309 0.229769 -0.001202
v 1.427352 0.249226 -0.090641
v 1.294971 0.182585 -0.199004
v 1.200866 0.184636 -0.211190
v 1.107610 0.171857 -0.199004
v 1.294855 0.216886 -0.199360
v 1.199019 0.216900 -0.213243
v 1.103811 0.205949 -0.199360
v 1.294279 0.269117 -0.210745
v 1.196150 0.267011 -0.226078
v 1.098423 0.257904 -0.210745
v 0.941561 0.422910 -0.102808
v 0.923904 0.417361 -0.000000
v 0.942079 0.413862 0.102808
v 0.924136 0.556255 -0.108301
v 0.905582 0.553847 -0.000000
v 0.924290 0.553574 0.108301
v 0.904330 0.709177 -0.113497
v 0.884903 0.707897 -0.000000
v 0.904349 0.708842 0.113497
v 1.082774 0.415821 0.240864
v 1.187332 0.421030 0.258488
v 1.291802 0.427789 0.240864
v 1.070333 0.560129 0.253734
v 1.179026 0.566121 0.272300
v 1.287692 0.572573 0.253734
v 1.056616 0.717334 0.265907
v 1.169998 0.723797 0.285363
v 1.283378 0.730317 0.265907
v 1.431801 0.441900 0.102808
v 1.449459 0.447449 -0.000000
v 1.431283 0.450948 -0.102808
v 1.433529 0.582728 0.108301
v 1.452083 0.585136 -0.000000
v 1.433376 0.585410 -0.108301
v 1.435619 0.739259 0.113497
v 1.455046 0.740539 -0.000000
v 1.435599 0.739594 -0.113497
v 1.290588 0.448988 -0.240864
v 1.186030 0.443780 -0.258488
v 1.081561 0.437021 -0.240864
v 1.287332 0.578854 -0.253734
v 1.178640 0.572862 -0.272300
v 1.069974 0.566411 -0.253734
v 1.283333 0.731102 -0.265907
v 1.169950 0.724639 -0.285363
v 1.056571 0.718119 -0.265907
v 0.858404 1.065194 -0.124451
v 0.837104 1.063974 -0.000000
v 0.858404 1.065194 0.124451
v 0.832561 1.265577 -0.130575
v 0.810214 1.264297 -0.000000
v 0.832561 1.265577 0.130575
v 0.804892 1.480119 -0.137131
v 0.781423 1.478775 -0.000000
v 0.804892 1.480119 0.137131
v 1.025251 1.074746 0.291571
v 1.149499 1.081859 0.312906
v 1.273746 1.088973 0.291571
v 1.007618 1.275599 0.305918
v 1.137980 1.283062 0.328303
v 1.268341 1.290526 0.305918
v 0.988739 1.490645 0.321279
v 1.125646 1.498483 0.344787
v 1.262553 1.506321 0.321279
v 1.440594 1.098525 0.124451
v 1.461893 1.099744 -0.000000
v 1.440593 1.098525 -0.124451
v 1.443398 1.300548 0.130575
v 1.465745 1.301828 -0.000000
v 1.443398 1.300548 -0.130575
v 1.446400 1.516846 0.137131
v 1.469870 1.518191 -0.000000
v 1.446400 1.516846 -0.137131
v 1.273747 1.088973 -0.291571
v 1.149499 1.081859 -0.312906
v 1.025251 1.074746 -0.291572
v 1.268341 1.290526 -0.305918
v 1.137979 1.283063 -0.328303
v 1.007618 1.275599 -0.305918
v 1.262553 1.506321 -0.321279
v 1.125646 1.498483 -0.344787
v 0.988739 1.490644 -0.321279
v 0.744723 1.948864 -0.151482
v 0.718826 1.947317 -0.000000
v 0.744723 1.948864 0.151482
v 0.714688 2.197109 -0.159252
v 0.687663 2.195045 -0.000000
v 0.714688 2.197109 0.159252
v 0.687760 2.447598 -0.167406
v 0.659886 2.444260 -0.000000
v 0.687759 2.447598 0.167406
v 0.947584 1.960983 0.354901
v 1.098650 1.970008 0.380870
v 1.249717 1.979033 0.354901
v 0.926386 2.213271 0.373106
v 1.084034 2.225307 0.400406
v 1.241682 2.237343 0.373106
v 0.906101 2.473741 0.392208
v 1.068696 2.493209 0.420907
v 1.231291 2.512677 0.392208
v 1.452578 1.991153 0.151482
v 1.478475 1.992700 -0.000000
v 1.452578 1.991153 -0.151482
v 1.453380 2.253505 0.159252
v 1.480405 2.255568 -0.000000
v 1.453380 2.253505 -0.159252
v 1.449633 2.538820 0.167406
v 1.477506 2.542157 -0.000000
v 1.449633 2.538820 -0.167406
v 1.249717 1.979033 -0.354901
v 1.098650 1.970008 -0.380870
v 0.947584 1.960983 -0.354901
v 1.241682 2.237343 -0.373106
v 1.084034 2.225307 -0.400406
v 0.926387 2.213271 -0.373106
v 1.231291 2.512677 -0.392209
v 1.068696 2.493209 -0.420907
v 0.906101 2.473741 -0.392209
v 0.649281 2.934371 -0.185414
v 0.621026 2.924233 -0.000000
v 0.649281 2.934371 0.185414
v 0.621255 3.165162 -0.198773
v 0.592480 3.145931 -0.000000
v 0.621255 3.165162 0.198773
v 0.561234 3.384411 -0.217942
v 0.530964 3.347569 -0.000000
v 0.561234 3.384410 0.217942
v 0.870766 3.010106 0.433706
v 1.035350 3.065434 0.465051
v 1.199305 3.120833 0.433222
v 0.847931 3.286443 0.460159
v 1.013917 3.368195 0.490712
v 1.174875 3.450516 0.456289
v 0.812912 3.575456 0.495742
v 0.986330 3.681640 0.521275
v 1.142597 3.791095 0.482555
v 1.418904 3.195359 0.184930
v 1.446929 3.204875 -0.000000
v 1.418904 3.195359 -0.184930
v 1.386461 3.562120 0.194903
v 1.413402 3.576384 -0.000000
v 1.386461 3.562120 -0.194903
v 1.338546 3.942918 0.206464
v 1.363350 3.962373 -0.000000
v 1.338547 3.942918 -0.206464
v 1.199305 3.120833 -0.433223
v 1.035350 3.065434 -0.465051
v 0.870766 3.010106 -0.433706
v 1.174875 3.450516 -0.456290
v 1.013917 3.368195 -0.490712
v 0.847931 3.286443 -0.460159
v 1.142597 3.791095 -0.482555
v 0.986330 3.681640 -0.521275
v 0.812912 3.575456 -0.495742
v -1.032630 -0.072290 -0.312641
v -1.013713 -0.016994 -0.333220
v -1.026004 0.040141 -0.353799
v -1.031651 -0.064931 -0.200399
v -1.012589 -0.007842 -0.233446
v -1.024813 0.051091 -0.266492
v -1.028643 -0.039008 -0.097865
v -1.009536 0.017001 -0.144612
v -1.021932 0.074867 -0.191359
v -1.143783 0.122834 -0.381433
v -1.234236 0.137835 -0.384961
v -1.325825 0.133563 -0.381433
v -1.142762 0.136214 -0.310869
v -1.233429 0.151536 -0.316534
v -1.325268 0.146970 -0.310869
v -1.140811 0.158598 -0.254134
v -1.232118 0.173774 -0.262147
v -1.324576 0.169428 -0.254134
v -1.452503 0.065277 -0.353799
v -1.471419 0.009981 -0.333220
v -1.459129 -0.047154 -0.312641
v -1.452399 0.076292 -0.266492
v -1.471461 0.019203 -0.233446
v -1.459237 -0.039730 -0.200399
v -1.452468 0.100241 -0.191359
v -1.471575 0.044232 -0.144612
v -1.459179 -0.013634 -0.097865
v -1.341349 -0.129846 -0.285006
v -1.250896 -0.144848 -0.281478
v -1.159307 -0.140576 -0.285006
v -1.341288 -0.124853 -0.156022
v -1.250621 -0.140175 -0.150357
v -1.158782 -0.135609 -0.156022
v -1.340300 -0.097365 -0.035091
v -1.248992 -0.112541 -0.027077
v -1.156534 -0.108195 -0.035091
v -1.061619 -0.050137 -0.681004
v -1.046322 -0.016389 -0.684263
v -1.057549 0.018922 -0.681340
v -1.040925 -0.058022 -0.613757
v -1.023502 -0.017734 -0.616045
v -1.036072 0.024321 -0.616442
v -1.033388 -0.064621 -0.526848
v -1.015078 -0.018231 -0.531498
v -1.027812 0.029990 -0.535911
v -1.158638 0.068778 -0.681565
v -1.237729 0.078567 -0.684685
v -1.317423 0.078136 -0.681565
v -1.149923 0.086034 -0.618245
v -1.236583 0.098021 -0.619421
v -1.324051 0.096297 -0.618245
v -1.145618 0.100619 -0.541996
v -1.235639 0.114036 -0.542891
v -1.326613 0.111286 -0.541996
v -1.423669 0.040500 -0.681340
v -1.438966 0.006752 -0.684263
v -1.427739 -0.028559 -0.681004
v -1.444363 0.048384 -0.616442
v -1.461785 0.008096 -0.616045
v -1.449216 -0.033958 -0.613757
v -1.451899 0.054984 -0.535911
v -1.470210 0.008593 -0.531498
v -1.457475 -0.039628 -0.526848
v -1.326650 -0.078415 -0.680779
v -1.247558 -0.088205 -0.683841
v -1.167864 -0.087773 -0.680779
v -1.335365 -0.095672 -0.611954
v -1.248705 -0.107658 -0.612669
v -1.161236 -0.105934 -0.611954
v -1.339670 -0.110256 -0.520763
v -1.249649 -0.123674 -0.520104
v -1.158675 -0.120923 -0.520763
v 1.027062 0.012172 -0.679052
v 1.015808 -0.023683 -0.681820
v 1.031081 -0.058020 -0.678716
v 1.005602 0.017476 -0.616888
v 0.992987 -0.024990 -0.616444
v 1.010366 -0.065739 -0.614203
v 0.997364 0.022944 -0.538977
v 0.984561 -0.025472 -0.534558
v 1.002806 -0.072111 -0.529914
v 1.137310 -0.096651 -0.678491
v 1.217010 -0.097351 -0.681398
v 1.296111 -0.087559 -0.678491
v 1.130632 -0.114467 -0.612400
v 1.218103 -0.116427 -0.613068
v 1.304778 -0.104497 -0.612400
v 1.128015 -0.128918 -0.523829
v 1.218986 -0.131861 -0.523164
v 1.309028 -0.118555 -0.523829
v 1.397237 -0.037057 -0.678716
v 1.408491 -0.001202 -0.681820
v 1.393218 0.033135 -0.679052
v 1.418697 -0.042361 -0.614203
v 1.431312 0.000105 -0.616444
v 1.413933 0.040854 -0.616888
v 1.426935 -0.047828 -0.529914
v 1.439738 0.000587 -0.534558
v 1.421493 0.047226 -0.538977
v 1.286989 0.071766 -0.679277
v 1.207288 0.072465 -0.682242
v 1.128188 0.062675 -0.679277
v 1.293667 0.089583 -0.618691
v 1.206196 0.091542 -0.619820
v 1.119521 0.079613 -0.618691
v 1.296284 0.104033 -0.545063
v 1.205313 0.106976 -0.545952
v 1.115271 0.093670 -0.545063
v 0.995653 0.032176 -0.358887
v 0.983262 -0.024833 -0.338320
v 1.002078 -0.080055 -0.317752
v 0.994912 0.038907 -0.270677
v 0.982597 -0.019876 -0.237722
v 1.001540 -0.076870 -0.204768
v 0.993236 0.051321 -0.193952
v 0.980791 -0.006423 -0.147517
v 0.999745 -0.062367 -0.101082
v 1.128617 -0.148414 -0.290133
v 1.220186 -0.152823 -0.286607
v 1.310654 -0.137992 -0.290133
v 1.128419 -0.147596 -0.160515
v 1.220157 -0.152301 -0.154866
v 1.310758 -0.137157 -0.160515
v 1.127095 -0.131660 -0.038726
v 1.219233 -0.136162 -0.030766
v 1.310255 -0.121174 -0.038726
v 1.428565 -0.055638 -0.317752
v 1.440955 0.001371 -0.338320
v 1.422139 0.056593 -0.358887
v 1.428736 -0.052413 -0.204768
v 1.441051 0.006371 -0.237722
v 1.422107 0.063365 -0.270677
v 1.428864 -0.037800 -0.101082
v 1.441309 0.019943 -0.147517
v 1.422355 0.075888 -0.193952
v 1.295600 0.124951 -0.386506
v 1.204031 0.129360 -0.390032
v 1.113563 0.114530 -0.386506
v 1.295229 0.134091 -0.314929
v 1.203491 0.138795 -0.320579
v 1.112889 0.123652 -0.314929
v 1.295006 0.145181 -0.256308
v 1.202867 0.149683 -0.264268
v 1.111845 0.134695 -0.256308
v 0.672813 6.977404 -0.277964
v 0.712339 6.963533 -0.000000
v 0.672813 6.977404 0.277964
v 0.686667 6.624912 -0.288218
v 0.732381 6.625498 -0.000000
v 0.686666 6.624912 0.288218
v 0.734093 6.240376 -0.302132
v 0.780903 6.256542 -0.000000
v 0.734093 6.240376 0.302132
v 0.299518 7.003695 0.637661
v 0.004031 7.001415 0.678551
v -0.291466 7.006812 0.637605
v 0.298820 6.624618 0.663602
v 0.000658 6.625380 0.707897
v -0.297357 6.625690 0.663152
v 0.317048 6.212801 0.687027
v -0.001764 6.218036 0.728159
v -0.320016 6.213547 0.685471
v -0.666237 6.983452 0.277908
v -0.706350 6.969508 0.000000
v -0.666237 6.983452 -0.277908
v -0.684808 6.626740 0.287768
v -0.730491 6.627217 0.000000
v -0.684808 6.626740 -0.287768
v -0.734079 6.240743 0.300577
v -0.780236 6.256531 0.000000
v -0.734079 6.240743 -0.300577
v -0.291466 7.006812 -0.637605
v 0.004031 7.001415 -0.678551
v 0.299518 7.003695 -0.637661
v -0.297357 6.625690 -0.663152
v 0.000657 6.625380 -0.707896
v 0.298820 6.624617 -0.663602
v -0.320016 6.213547 -0.685472
v -0.001764 6.218036 -0.728159
v 0.317048 6.212801 -0.687027
v -1.130961 8.037802 0.107021
v -1.125048 8.020450 0.000000
v -1.130961 8.037802 -0.107021
v -1.012209 8.042141 0.117762
v -1.006156 8.022831 0.000000
v -1.012209 8.042141 -0.117762
v -0.906268 8.021005 0.131548
v -0.900032 7.999104 0.000000
v -0.906268 8.021005 -0.131548
v -1.177282 8.173733 -0.250604
v -1.211776 8.274956 -0.268836
v -1.246271 8.376181 -0.250408
v -1.059626 8.193396 -0.274846
v -1.094936 8.306032 -0.294116
v -1.130247 8.418669 -0.273278
v -0.955119 8.192560 -0.304646
v -0.991497 8.320314 -0.324098
v -1.027875 8.448068 -0.299355
v -1.292592 8.512110 -0.106825
v -1.298505 8.529463 0.000000
v -1.292592 8.512110 0.106825
v -1.177664 8.569923 -0.116194
v -1.183717 8.589233 0.000000
v -1.177664 8.569923 0.116194
v -1.076726 8.619623 -0.126257
v -1.082962 8.641525 0.000000
v -1.076726 8.619623 0.126257
v -1.246271 8.376181 0.250408
v -1.211776 8.274956 0.268836
v -1.177282 8.173733 0.250604
v -1.130247 8.418669 0.273279
v -1.094936 8.306032 0.294116
v -1.059626 8.193396 0.274846
v -1.027875 8.448068 0.299355
v -0.991497 8.320314 0.324098
v -0.955119 8.192560 0.304646
v -1.585226 7.894214 0.091274
v -1.578923 7.879906 0.000000
v -1.585226 7.894214 -0.091274
v -1.478289 7.940868 0.092170
v -1.472183 7.926313 0.000000
v -1.478289 7.940868 -0.092170
v -1.368033 7.982143 0.094603
v -1.362091 7.967075 0.000000
v -1.368033 7.982143 -0.094603
v -1.634604 8.006291 -0.213842
v -1.671374 8.089753 -0.229489
v -1.708145 8.173216 -0.213842
v -1.526120 8.054880 -0.215942
v -1.561739 8.139784 -0.231742
v -1.597358 8.224687 -0.215942
v -1.414580 8.100174 -0.221641
v -1.449243 8.188070 -0.237859
v -1.483906 8.275965 -0.221641
v -1.757522 8.285294 -0.091274
v -1.763825 8.299603 0.000000
v -1.757522 8.285294 0.091274
v -1.645189 8.338699 -0.092170
v -1.651296 8.353254 0.000000
v -1.645189 8.338699 0.092170
v -1.530453 8.393996 -0.094603
v -1.536395 8.409064 0.000000
v -1.530453 8.393995 0.094603
v -1.708144 8.173216 0.213842
v -1.671374 8.089754 0.229489
v -1.634604 8.006291 0.213842
v -1.597358 8.224686 0.215942
v -1.561739 8.139784 0.231742
v -1.526120 8.054881 0.215942
v -1.483906 8.275965 0.221642
v -1.449243 8.188069 0.237859
v -1.414580 8.100174 0.221642
v -2.012240 7.692640 0.091146
v -2.005565 7.678514 0.000000
v -2.012240 7.692640 -0.091146
v -1.904571 7.743562 0.091146
v -1.897917 7.729426 0.000000
v -1.904571 7.743562 -0.091146
v -1.797410 7.794270 0.091146
v -1.790815 7.780108 0.000000
v -1.797410 7.794269 -0.091146
v -2.064533 7.803302 -0.213542
v -2.103475 7.885709 -0.229167
v -2.142416 7.968116 -0.213542
v -1.956694 7.854296 -0.213542
v -1.995509 7.936757 -0.229167
v -2.034324 8.019217 -0.213542
v -1.849072 7.905198 -0.213542
v -1.887544 7.987804 -0.229167
v -1.926015 8.070411 -0.213542
v -2.194710 8.078777 -0.091146
v -2.201385 8.092906 0.000000
v -2.194709 8.078777 0.091146
v -2.086447 8.129951 -0.091146
v -2.093101 8.144087 0.000000
v -2.086447 8.129951 0.091146
v -1.977677 8.181338 -0.091146
v -1.984272 8.195499 0.000000
v -1.977677 8.181339 0.091146
v -2.142416 7.968116 0.213542
v -2.103475 7.885709 0.229167
v -2.064533 7.803301 0.213542
v -2.034324 8.019217 0.213542
v -1.995509 7.936757 0.229167
v -1.956694 7.854296 0.213542
v -1.926015 8.070411 0.213542
v -1.887544 7.987804 0.229167
v -1.849072 7.905198 0.213542
v -2.444061 7.488468 0.091146
v -2.437382 7.474342 0.000000
v -2.444061 7.488468 -0.091146
v -2.336094 7.539516 0.091146
v -2.329416 7.525390 0.000000
v -2.336095 7.539515 -0.091146
v -2.228129 7.590563 0.091146
v -2.221450 7.576437 0.000000
v -2.228129 7.590563 -0.091146
v -2.496378 7.599119 -0.213542
v -2.535337 7.681519 -0.229167
v -2.574297 7.763919 -0.213542
v -2.388412 7.650167 -0.213542
v -2.427372 7.732567 -0.229167
v -2.466331 7.814967 -0.213542
v -2.280447 7.701215 -0.213542
v -2.319406 7.783614 -0.229167
v -2.358366 7.866014 -0.213542
v -2.626614 7.874570 -0.091146
v -2.633293 7.888696 0.000000
v -2.626614 7.874570 0.091146
v -2.518649 7.925618 -0.091146
v -2.525327 7.939744 0.000000
v -2.518648 7.925617 0.091146
v -2.410683 7.976665 -0.091146
v -2.417361 7.990790 0.000000
v -2.410682 7.976665 0.091146
v -2.574297 7.763918 0.213542
v -2.535337 7.681519 0.229167
v -2.496378 7.599119 0.213542
v -2.466331 7.814966 0.213542
v -2.427372 7.732567 0.229167
v -2.388412 7.650167 0.213542
v -2.358366 7.866014 0.213542
v -2.319406 7.783614 0.229167
v -2.280446 7.701214 0.213542
v -2.875923 7.284278 0.091146
v -2.869245 7.270153 0.000000
v -2.875923 7.284278 -0.091146
v -2.767958 7.335326 0.091146
v -2.761279 7.321200 0.000000
v -2.767958 7.335326 -0.091146
v -2.659992 7.386374 0.091146
v -2.653313 7.372248 0.000000
v -2.659992 7.386374 -0.091146
v -2.928240 7.394929 -0.213542
v -2.967200 7.477329 -0.229167
v -3.006160 7.559729 -0.213542
v -2.820275 7.445977 -0.213542
v -2.859234 7.528377 -0.229167
v -2.898194 7.610776 -0.213542
v -2.712309 7.497025 -0.213542
v -2.751269 7.579424 -0.229167
v -2.790228 7.661824 -0.213542
v -3.058477 7.670380 -0.091146
v -3.065155 7.684505 0.000000
v -3.058477 7.670380 0.091146
v -2.950511 7.721427 -0.091146
v -2.957190 7.735553 0.000000
v -2.950511 7.721427 0.091146
v -2.842546 7.772474 -0.091146
v -2.849225 7.786601 0.000000
v -2.842546 7.772474 0.091146
v -3.006159 7.559729 0.213542
v -2.967200 7.477329 0.229167
v -2.928240 7.394929 0.213542
v -2.898194 7.610776 0.213542
v -2.859234 7.528377 0.229167
v -2.820275 7.445977 0.213542
v -2.790228 7.661824 0.213542
v -2.751269 7.579424 0.229167
v -2.712309 7.497024 0.213542
v -3.307786 7.080089 0.091146
v -3.301107 7.065963 0.000000
v -3.307786 7.080089 -0.091146
v -3.199820 7.131136 0.091146
v -3.193141 7.117010 0.000000
v -3.199820 7.131136 -0.091146
v -3.091854 7.182183 0.091146
v -3.085176 7.168057 0.000000
v -3.091854 7.182183 -0.091146
v -3.360103 7.190740 -0.213541
v -3.399062 7.273139 -0.229167
v -3.438022 7.355539 -0.213541
v -3.252137 7.241787 -0.213542
v -3.291097 7.324186 -0.229166
v -3.330056 7.406586 -0.213542
v -3.144171 7.292834 -0.213542
v -3.183131 7.375234 -0.229167
v -3.222091 7.457634 -0.213542
v -3.490339 7.466190 -0.091146
v -3.497018 7.480316 0.000000
v -3.490339 7.466190 0.091146
v -3.382374 7.517237 -0.091146
v -3.389052 7.531363 0.000000
v -3.382374 7.517238 0.091146
v -3.274408 7.568285 -0.091146
v -3.281087 7.582410 0.000000
v -3.274408 7.568285 0.091146
v -3.438022 7.355539 0.213542
v -3.399062 7.273139 0.229167
v -3.360103 7.190740 0.213542
v -3.330056 7.406586 0.213542
v -3.291097 7.324186 0.229167
v -3.252137 7.241787 0.213542
v -3.222091 7.457633 0.213542
v -3.183131 7.375234 0.229167
v -3.144172 7.292834 0.213542
v -3.711282 6.922676 0.079531
v -3.709416 6.908863 0.000000
v -3.711282 6.922676 -0.079530
v -3.623051 6.941029 0.087216
v -3.617797 6.926897 0.000000
v -3.623052 6.941029 -0.087215
v -3.522637 6.979753 0.090655
v -3.516137 6.965627 0.000000
v -3.522638 6.979753 -0.090654
v -3.755671 7.016558 -0.183378
v -3.793478 7.086655 -0.196663
v -3.823660 7.160357 -0.183378
v -3.673184 7.047059 -0.204499
v -3.711629 7.125354 -0.219521
v -3.747743 7.204752 -0.204499
v -3.574682 7.089828 -0.212411
v -3.613577 7.171714 -0.227961
v -3.652181 7.253738 -0.212411
v -3.868049 7.254238 -0.079530
v -3.877541 7.264446 0.000000
v -3.868049 7.254238 0.079531
v -3.797875 7.310781 -0.087215
v -3.805462 7.323811 0.000000
v -3.797875 7.310781 0.087216
v -3.704225 7.363811 -0.090654
v -3.711017 7.377800 0.000000
v -3.704225 7.363811 0.090655
v -3.823660 7.160357 0.183378
v -3.793479 7.086655 0.196663
v -3.755671 7.016559 0.183378
v -3.747743 7.204751 0.204500
v -3.711629 7.125354 0.219522
v -3.673183 7.047059 0.204500
v -3.652181 7.253738 0.212412
v -3.613577 7.171714 0.227961
v -3.574682 7.089827 0.212412
v 1.256578 7.915034 -0.107021
v 1.250067 7.897884 0.000000
v 1.256578 7.915035 0.107021
v 1.123318 7.931050 -0.117762
v 1.116391 7.912065 0.000000
v 1.123318 7.931050 0.117762
v 1.000522 7.924460 -0.131548
v 0.993085 7.903076 0.000000
v 1.000522 7.924460 0.131548
v 1.307576 8.049379 0.250604
v 1.345553 8.149424 0.268836
v 1.383530 8.249468 0.250408
v 1.177580 8.079773 0.274846
v 1.217987 8.190525 0.294116
v 1.258394 8.301275 0.273279
v 1.058785 8.091976 0.304646
v 1.102172 8.216722 0.324098
v 1.145559 8.341467 0.299355
v 1.434528 8.383814 0.106825
v 1.441038 8.400964 0.000000
v 1.434528 8.383814 -0.106825
v 1.312656 8.449999 0.116194
v 1.319583 8.468985 0.000000
v 1.312656 8.449999 -0.116194
v 1.203822 8.508984 0.126257
v 1.211259 8.530369 0.000000
v 1.203822 8.508984 -0.126257
v 1.383530 8.249468 -0.250408
v 1.345553 8.149424 -0.268836
v 1.307576 8.049379 -0.250604
v 1.258394 8.301275 -0.273278
v 1.217987 8.190525 -0.294116
v 1.177580 8.079773 -0.274846
v 1.145559 8.341467 -0.299355
v 1.102172 8.216722 -0.324098
v 1.058785 8.091976 -0.304646
v 1.728291 7.763374 -0.091274
v 1.722124 7.748997 0.000000
v 1.728291 7.763374 0.091274
v 1.622382 7.807204 -0.092170
v 1.616281 7.792634 0.000000
v 1.622383 7.807204 0.092170
v 1.510275 7.848175 -0.094603
v 1.504171 7.833156 0.000000
v 1.510275 7.848176 0.094603
v 1.776598 7.875997 0.213842
v 1.812571 7.959864 0.229489
v 1.848545 8.043732 0.213842
v 1.670173 7.921343 0.215942
v 1.705762 8.006340 0.231742
v 1.741350 8.091337 0.215942
v 1.558088 7.965831 0.221642
v 1.593693 8.053449 0.237859
v 1.629298 8.141065 0.221642
v 1.896852 8.156353 0.091274
v 1.903018 8.170732 0.000000
v 1.896852 8.156353 -0.091274
v 1.789141 8.205476 0.092170
v 1.795242 8.220047 0.000000
v 1.789141 8.205475 -0.092170
v 1.677110 8.258720 0.094603
v 1.683214 8.273741 0.000000
v 1.677110 8.258720 -0.094603
v 1.848545 8.043732 -0.213842
v 1.812571 7.959864 -0.229489
v 1.776598 7.875997 -0.213842
v 1.741350 8.091337 -0.215942
v 1.705762 8.006340 -0.231742
v 1.670173 7.921343 -0.215942
v 1.629298 8.141065 -0.221641
v 1.593693 8.053448 -0.237859
v 1.558088 7.965832 -0.221641
v 2.141269 7.580236 -0.091146
v 2.134925 7.565956 0.000000
v 2.141269 7.580236 0.091146
v 2.037673 7.626283 -0.091146
v 2.031339 7.611999 0.000000
v 2.037673 7.626283 0.091146
v 1.934324 7.672225 -0.091146
v 1.928019 7.657929 0.000000
v 1.934324 7.672225 0.091146
v 2.190967 7.692088 0.213542
v 2.227976 7.775381 0.229167
v 2.264985 7.858675 0.213542
v 2.087287 7.738169 0.213542
v 2.124235 7.821489 0.229167
v 2.161182 7.904809 0.213542
v 1.983714 7.784206 0.213542
v 2.020493 7.867597 0.229167
v 2.057272 7.950987 0.213542
v 2.314683 7.970527 0.091146
v 2.321028 7.984806 0.000000
v 2.314683 7.970527 -0.091146
v 2.210797 8.016695 0.091146
v 2.217131 8.030979 0.000000
v 2.210797 8.016695 -0.091146
v 2.106661 8.062967 0.091146
v 2.112966 8.077264 0.000000
v 2.106662 8.062968 -0.091146
v 2.264985 7.858675 -0.213542
v 2.227977 7.775381 -0.229167
v 2.190967 7.692088 -0.213542
v 2.161182 7.904809 -0.213542
v 2.124235 7.821489 -0.229167
v 2.087287 7.738169 -0.213542
v 2.057272 7.950987 -0.213542
v 2.020493 7.867597 -0.229167
v 1.983714 7.784206 -0.213542
v 2.556216 7.395815 -0.091146
v 2.549869 7.381536 0.000000
v 2.556216 7.395815 0.091146
v 2.452474 7.441923 -0.091146
v 2.446128 7.427644 0.000000
v 2.452474 7.441923 0.091146
v 2.348732 7.488029 -0.091146
v 2.342386 7.473752 0.000000
v 2.348732 7.488029 0.091146
v 2.605925 7.507662 0.213542
v 2.642943 7.590952 0.229167
v 2.679961 7.674242 0.213542
v 2.502184 7.553769 0.213542
v 2.539201 7.637059 0.229167
v 2.576219 7.720350 0.213542
v 2.398442 7.599876 0.213542
v 2.435460 7.683167 0.229167
v 2.472477 7.766457 0.213542
v 2.729670 7.786088 0.091146
v 2.736016 7.800367 0.000000
v 2.729670 7.786088 -0.091146
v 2.625929 7.832196 0.091146
v 2.632275 7.846475 0.000000
v 2.625929 7.832196 -0.091146
v 2.522187 7.878303 0.091146
v 2.528533 7.892582 0.000000
v 2.522187 7.878304 -0.091146
v 2.679961 7.674242 -0.213542
v 2.642943 7.590952 -0.229167
v 2.605925 7.507662 -0.213542
v 2.576219 7.720349 -0.213542
v 2.539201 7.637059 -0.229167
v 2.502184 7.553769 -0.213542
v 2.472477 7.766457 -0.213542
v 2.435460 7.683167 -0.229167
v 2.398442 7.599876 -0.213542
v 2.971182 7.211385 -0.091146
v 2.964837 7.197106 0.000000
v 2.971182 7.211385 0.091146
v 2.867441 7.257492 -0.091146
v 2.861095 7.243215 0.000000
v 2.867441 7.257493 0.091146
v 2.763699 7.303600 -0.091146
v 2.757353 7.289322 0.000000
v 2.763699 7.303600 0.091146
v 3.020892 7.323232 0.213542
v 3.057910 7.406522 0.229167
v 3.094927 7.489812 0.213542
v 2.917150 7.369339 0.213542
v 2.954168 7.452630 0.229167
v 2.991186 7.535919 0.213542
v 2.813409 7.415447 0.213542
v 2.850427 7.498737 0.229167
v 2.887444 7.582027 0.213542
v 3.144638 7.601659 0.091146
v 3.150983 7.615937 0.000000
v 3.144637 7.601659 -0.091146
v 3.040896 7.647766 0.091146
v 3.047241 7.662045 0.000000
v 3.040895 7.647766 -0.091146
v 2.937154 7.693874 0.091146
v 2.943500 7.708153 0.000000
v 2.937154 7.693874 -0.091146
v 3.094928 7.489812 -0.213542
v 3.057910 7.406522 -0.229167
v 3.020892 7.323232 -0.213542
v 2.991186 7.535919 -0.213542
v 2.954168 7.452630 -0.229167
v 2.917150 7.369339 -0.213542
v 2.887444 7.582027 -0.213542
v 2.850426 7.498737 -0.229167
v 2.813408 7.415447 -0.213542
v 3.386965 7.028794 -0.090287
v 3.380680 7.014650 0.000000
v 3.386965 7.028794 0.090287
v 3.282649 7.073607 -0.090891
v 3.276321 7.059370 0.000000
v 3.282649 7.073607 0.090892
v 3.178696 7.119239 -0.091114
v 3.172352 7.104965 0.000000
v 3.178696 7.119239 0.091114
v 3.436207 7.139587 0.211530
v 3.472877 7.222093 0.227008
v 3.509545 7.304598 0.211530
v 3.332221 7.185143 0.212946
v 3.369135 7.268200 0.228527
v 3.406049 7.351257 0.212946
v 3.228388 7.231046 0.213467
v 3.265393 7.314307 0.229087
v 3.302398 7.397569 0.213467
v 3.558787 7.415391 0.090287
v 3.565073 7.429534 0.000000
v 3.558787 7.415391 -0.090287
v 3.455621 7.462792 0.090892
v 3.461948 7.477031 0.000000
v 3.455620 7.462792 -0.090891
v 3.352090 7.509376 0.091114
v 3.358434 7.523649 0.000000
v 3.352090 7.509377 -0.091114
v 3.509545 7.304598 -0.211530
v 3.472877 7.222092 -0.227008
v 3.436207 7.139587 -0.211530
v 3.406049 7.351257 -0.212945
v 3.369135 7.268200 -0.228527
v 3.332220 7.185143 -0.212945
v 3.302398 7.397569 -0.213467
v 3.265393 7.314307 -0.229087
v 3.228388 7.231047 -0.213467
v 3.782097 6.878353 -0.080468
v 3.776496 6.865747 0.000000
v 3.782097 6.878354 0.080469
v 3.695200 6.907035 -0.084345
v 3.689327 6.893823 0.000000
v 3.695199 6.907035 0.084345
v 3.596326 6.943713 -0.087179
v 3.590256 6.930056 0.000000
v 3.596326 6.943713 0.087180
v 3.825984 6.977098 0.188526
v 3.858666 7.050631 0.202321
v 3.891347 7.124164 0.188526
v 3.741200 7.010537 0.197609
v 3.775456 7.087613 0.212068
v 3.809712 7.164688 0.197609
v 3.643872 7.050693 0.204249
v 3.679279 7.130358 0.219194
v 3.714686 7.210023 0.204249
v 3.935233 7.222908 0.080469
v 3.940836 7.235514 0.000000
v 3.935233 7.222908 -0.080468
v 3.855713 7.268190 0.084345
v 3.861585 7.281403 0.000000
v 3.855713 7.268189 -0.084345
v 3.762232 7.317002 0.087180
v 3.768302 7.330660 0.000000
v 3.762233 7.317003 -0.087179
v 3.891347 7.124164 -0.188526
v 3.858666 7.050631 -0.202321
v 3.825984 6.977098 -0.188526
v 3.809712 7.164688 -0.197609
v 3.775456 7.087613 -0.212068
v 3.741200 7.010537 -0.197609
v 3.714686 7.210023 -0.204249
v 3.679279 7.130358 -0.219194
v 3.643872 7.050693 -0.204249
v 1.599682 11.001925 -0.781606
v 1.716732 11.059013 -0.106213
v 1.599682 11.116101 0.569180
v 1.642949 10.484247 -0.838289
v 1.763165 10.594367 -0.161514
v 1.642949 10.704487 0.515261
v 1.586782 9.983360 -0.848876
v 1.702888 10.139473 -0.206281
v 1.586782 10.295586 0.436313
v 0.682791 11.192762 1.476137
v 0.000000 11.202548 1.591919
v -0.682791 11.192762 1.476137
v 0.701259 10.852362 1.424073
v 0.000000 10.871239 1.540091
v -0.701259 10.852362 1.424073
v 0.677285 10.505223 1.299225
v 0.000000 10.531986 1.409384
v -0.677285 10.505224 1.299225
v -1.599682 11.116101 0.569180
v -1.716732 11.059013 -0.106213
v -1.599682 11.001925 -0.781606
v -1.642949 10.704485 0.515261
v -1.763165 10.594367 -0.161514
v -1.642949 10.484247 -0.838288
v -1.586782 10.295586 0.436313
v -1.702888 10.139473 -0.206281
v -1.586782 9.983360 -0.848875
v -0.682791 10.925263 -1.688563
v -0.000000 10.915478 -1.804344
v 0.682791 10.925263 -1.688563
v -0.701259 10.336372 -1.747100
v -0.000000 10.317495 -1.863119
v 0.701259 10.336372 -1.747100
v -0.677285 9.773722 -1.711788
v -0.000000 9.746960 -1.821947
v 0.677285 9.773722 -1.711788
v 0.690050 12.154732 -0.395574
v 0.727022 12.141757 -0.000878
v 0.690050 12.118854 0.393818
v 0.962988 12.020283 -0.493129
v 1.029184 12.002212 -0.007022
v 0.962988 11.981103 0.479084
v 1.234243 11.796679 -0.596693
v 1.324021 11.785038 -0.023700
v 1.234243 11.773020 0.549292
v 0.312806 12.097976 0.886044
v 0.000000 12.101179 0.940641
v -0.312806 12.097976 0.886044
v 0.416173 11.955780 1.123262
v 0.000000 11.954361 1.202922
v -0.416173 11.955780 1.123262
v 0.527454 11.757257 1.317664
v 0.000000 11.755471 1.415432
v -0.527454 11.757257 1.317664
v -0.690050 12.118853 0.393818
v -0.727022 12.141757 -0.000878
v -0.690050 12.154731 -0.395574
v -0.962988 11.981101 0.479084
v -1.029184 12.002211 -0.007022
v -0.962988 12.020283 -0.493129
v -1.234243 11.773020 0.549292
v -1.324021 11.785038 -0.023700
v -1.234243 11.796679 -0.596693
v -0.312806 12.175608 -0.887800
v -0.000000 12.182334 -0.942397
v 0.312806 12.175608 -0.887800
v -0.416173 12.045606 -1.137307
v -0.000000 12.050062 -1.216966
v 0.416173 12.045605 -1.137307
v -0.527454 11.812441 -1.365065
v -0.000000 11.814606 -1.462833
v 0.527454 11.812440 -1.365065
v 1.175255 9.318657 -0.673018
v 1.261066 9.488355 -0.207027
v 1.174993 9.657773 0.258914
v 0.880069 9.182680 -0.509867
v 0.942994 9.317649 -0.167480
v 0.877968 9.450394 0.174508
v 0.605913 9.119242 -0.347190
v 0.646128 9.208323 -0.126209
v 0.601304 9.289719 0.093415
v 0.501572 9.885627 0.885367
v 0.000158 9.914932 0.965591
v -0.501252 9.885741 0.885368
v 0.375149 9.631441 0.639837
v 0.001264 9.656286 0.701251
v -0.372589 9.632347 0.639837
v 0.258808 9.407959 0.410905
v 0.004259 9.429079 0.457715
v -0.250129 9.411032 0.410905
v -1.174721 9.657971 0.258914
v -1.260828 9.488533 -0.207027
v -1.175011 9.318823 -0.673018
v -0.875790 9.451977 0.174509
v -0.941089 9.319077 -0.167480
v -0.878117 9.183995 -0.509867
v -0.593948 9.295134 0.093415
v -0.639720 9.213146 -0.126209
v -0.599328 9.123679 -0.347190
v -0.501544 9.090620 -1.298859
v 0.000148 9.061448 -1.378755
v 0.501833 9.090540 -1.298859
v -0.374926 9.000158 -0.970296
v 0.001182 8.976381 -1.029084
v 0.377239 8.999521 -0.970296
v -0.256163 8.995921 -0.645990
v 0.003989 8.978579 -0.684166
v 0.263969 8.993771 -0.645990
v 3.942482 6.883986 -0.051987
v 3.939279 6.876780 0.000000
v 3.942482 6.883986 0.051988
v 3.925072 6.865195 -0.061052
v 3.920918 6.855848 0.000000
v 3.925072 6.865196 0.061053
v 3.896769 6.856836 -0.069012
v 3.891976 6.846053 0.000000
v 3.896769 6.856837 0.069012
v 3.969390 6.944529 0.118241
v 3.990505 6.992036 0.126127
v 4.011618 7.039543 0.118241
v 3.958144 6.939608 0.142483
v 3.982940 6.995398 0.152712
v 4.007736 7.051188 0.142483
v 3.934379 6.941460 0.161616
v 3.962408 7.004523 0.173417
v 3.990436 7.067587 0.161616
v 4.038527 7.100086 0.051988
v 4.041729 7.107292 0.000000
v 4.038527 7.100086 -0.051987
v 4.040807 7.125600 0.061053
v 4.044961 7.134947 0.000000
v 4.040808 7.125600 -0.061052
v 4.028046 7.152210 0.069012
v 4.032839 7.162993 0.000000
v 4.028046 7.152209 -0.069012
v 4.011619 7.039543 -0.118241
v 3.990505 6.992036 -0.126126
v 3.969391 6.944529 -0.118241
v 4.007736 7.051188 -0.142482
v 3.982940 6.995398 -0.152711
v 3.958144 6.939608 -0.142482
v 3.990436 7.067587 -0.161616
v 3.962407 7.004523 -0.173417
v 3.934379 6.941459 -0.161616
vn 0.2510 -0.3917 0.8852
vn 0.2510 -0.3917 -0.8852
vn -0.8304 0.1100 -0.5462
vn -0.8304 0.1100 0.5462
vn 0.6050 -0.6091 0.5128
vn 0.6938 0.3442 -0.6326
vn -0.6485 0.4233 -0.6326
vn -0.6724 -0.5338 0.5128
vn -0.3070 -0.3688 -0.8773
vn -0.3070 -0.3688 0.8773
vn 0.8261 0.1054 0.5535
vn 0.8261 0.1054 -0.5535
vn -0.7003 0.5575 -0.4457
vn -0.5855 -0.7098 0.3916
vn 0.6627 -0.6383 0.3916
vn 0.6321 0.6338 -0.4457
vn 0.2763 -0.8028 -0.5284
vn 0.3683 0.7627 -0.5316
vn -0.2762 0.8007 -0.5316
vn -0.3687 -0.7647 -0.5284
vn -0.3656 0.7480 -0.5539
vn -0.2780 -0.7871 -0.5506
vn 0.3660 -0.7503 -0.5506
vn 0.2778 0.7848 -0.5539
vn 0.1178 -0.7018 0.7026
vn 0.1178 -0.7018 -0.7026
vn -0.3559 0.6191 -0.7001
vn -0.3559 0.6191 0.7001
vn -0.2962 -0.7681 0.5678
vn -0.2962 -0.7681 -0.5678
vn -0.7815 0.2585 -0.5678
vn -0.7815 0.2585 0.5678
vn -0.1400 -0.6977 -0.7026
vn -0.1400 -0.6977 0.7026
vn 0.3628 0.6131 0.7017
vn 0.3628 0.6132 -0.7017
vn -0.0326 -0.7312 -0.6814
vn -0.0326 -0.7312 0.6814
vn 0.5209 0.5142 0.6814
vn 0.5209 0.5142 -0.6814
vn 0.3143 -0.9493 -0.0062
vn 0.5888 -0.3931 0.7062
vn -0.5657 -0.4543 0.6882
vn -0.2933 -0.9545 0.0530
vn 0.2079 0.9715 -0.1139
vn 0.2233 0.9537 0.2014
vn -0.2233 0.9537 0.2014
vn -0.2079 0.9715 -0.1139
vn 0.6436 0.4255 -0.6361
vn 0.6516 0.4094 0.6386
vn -0.6516 0.4094 0.6386
vn -0.6436 0.4255 -0.6361
vn 0.6405 -0.5639 -0.5213
vn 0.4835 -0.5684 0.6657
vn -0.4834 -0.5686 0.6656
vn -0.6404 -0.5641 -0.5212
vn 0.9054 -0.4240 -0.0198
vn 0.9054 -0.4240 0.0198
vn 0.9215 -0.3879 0.0198
vn 0.9215 -0.3879 -0.0198
vn 0.7191 -0.0780 0.6905
vn 0.7191 -0.0780 -0.6905
vn -0.7280 0.0195 -0.6853
vn -0.7280 0.0195 0.6853
vn 0.7007 -0.1062 0.7055
vn 0.7007 -0.1062 -0.7055
vn -0.7084 -0.0229 -0.7055
vn -0.7084 -0.0229 0.7055
vn 0.7005 -0.1066 0.7056
vn 0.7005 -0.1066 -0.7056
vn -0.7082 -0.0235 -0.7056
vn -0.7082 -0.0235 0.7056
vn 0.7005 -0.1068 0.7057
vn 0.7004 -0.1069 -0.7057
vn -0.7081 -0.0239 -0.7057
vn -0.7082 -0.0238 0.7057
vn 0.6864 -0.1328 0.7150
vn 0.6738 -0.1487 -0.7238
vn -0.6866 -0.0685 -0.7238
vn -0.6973 -0.0513 0.7150
vn -0.6678 -0.1736 -0.7238
vn -0.6848 -0.1484 0.7134
vn 0.6973 -0.0693 0.7134
vn 0.6833 -0.0963 -0.7238
vn -0.6992 -0.1188 -0.7050
vn -0.6992 -0.1187 0.7050
vn 0.7082 -0.0381 0.7050
vn 0.7082 -0.0382 -0.7050
vn -0.6994 -0.1182 -0.7049
vn -0.6994 -0.1182 0.7049
vn 0.7084 -0.0374 0.7048
vn 0.7084 -0.0374 -0.7048
vn -0.7164 -0.0965 -0.6910
vn -0.7164 -0.0965 0.6910
vn 0.7302 0.0008 0.6833
vn 0.7302 0.0008 -0.6833
vn 0.4605 -0.8857 -0.0584
vn 0.5715 0.8156 -0.0902
vn -0.4717 0.8771 -0.0902
vn -0.5613 -0.8255 -0.0584
vn -0.5699 0.8173 -0.0854
vn -0.4622 -0.8848 -0.0589
vn 0.5602 -0.8263 -0.0589
vn 0.4729 0.8770 -0.0854
vn 0.5791 0.1670 -0.7980
vn 0.5791 0.1670 0.7980
vn -0.5904 0.1613 0.7908
vn -0.5904 0.1613 -0.7908
vn 0.6535 -0.0901 -0.7516
vn 0.6535 -0.0901 0.7516
vn -0.6596 -0.0573 0.7494
vn -0.6596 -0.0574 -0.7494
vn -0.7236 -0.5545 0.4110
vn -0.2196 0.5295 -0.8194
vn -0.1604 0.5320 0.8314
vn 0.3008 -0.6401 0.7070
vn 0.3008 -0.6401 -0.7070
vn -0.3026 0.6394 -0.7068
vn -0.3026 0.6394 0.7068
vn 0.3023 -0.6393 0.7071
vn 0.3023 -0.6393 -0.7071
vn -0.3022 0.6393 -0.7071
vn -0.3022 0.6393 0.7071
vn 0.3022 -0.6393 0.7071
vn 0.3022 -0.6393 -0.7071
vn 0.2974 -0.6415 0.7071
vn 0.2974 -0.6415 -0.7071
vn -0.3071 0.6370 -0.7071
vn -0.3071 0.6370 0.7071
vn 0.5754 -0.6520 -0.4938
vn 0.2021 0.5359 0.8198
vn 0.2552 0.5354 -0.8051
vn -0.2856 -0.6469 -0.7071
vn -0.2856 -0.6469 0.7071
vn 0.2881 0.6459 0.7070
vn 0.2881 0.6459 -0.7070
vn -0.2872 -0.6462 -0.7071
vn -0.2872 -0.6462 0.7071
vn 0.2872 0.6462 0.7071
vn 0.2872 0.6462 -0.7071
vn -0.2869 -0.6463 -0.7071
vn -0.2869 -0.6463 0.7071
vn 0.2875 0.6460 0.7071
vn 0.2875 0.6460 -0.7071
vn -0.2545 -0.6602 -0.7067
vn -0.2545 -0.6602 0.7067
vn 0.3195 0.6313 0.7067
vn 0.3195 0.6313 -0.7067
vn -0.7236 -0.5545 -0.4110
vn -0.3565 0.6132 -0.7049
vn -0.3531 0.6149 0.7052
vn 0.3844 0.5969 -0.7043
vn 0.3817 0.5984 0.7044
vn 0.5754 -0.6520 0.4938
vn -0.9517 0.1858 -0.2444
vn -0.9780 0.2086 -0.0000
vn -0.9517 0.1858 0.2444
vn -0.8471 0.1627 0.5059
vn -0.8088 0.2220 0.5445
vn -0.7093 0.2322 0.6655
vn -0.9045 -0.3596 -0.2293
vn -0.9308 -0.2471 -0.2695
vn -0.8422 -0.1773 -0.5091
vn -0.9068 0.2396 0.3470
vn -0.9696 0.2447 -0.0000
vn -0.9068 0.2396 -0.3470
vn -0.7093 0.2322 -0.6655
vn -0.8088 0.2220 -0.5445
vn -0.8471 0.1627 -0.5059
vn -0.2277 0.0378 0.9730
vn -0.0062 0.0030 1.0000
vn 0.2152 0.0407 0.9757
vn 0.9034 0.2439 0.3526
vn 0.9684 0.2493 -0.0000
vn 0.9034 0.2439 -0.3526
vn -0.6431 -0.6598 0.3887
vn -0.5297 -0.8080 0.2580
vn -0.4309 -0.8861 0.1706
vn 0.2152 0.0407 -0.9757
vn -0.0062 0.0030 -1.0000
vn -0.2277 0.0378 -0.9730
vn 0.2424 0.0486 -0.9690
vn 0.0417 -0.0820 -0.9958
vn -0.0883 -0.2070 -0.9744
vn -0.1663 0.5857 0.7933
vn -0.2055 0.6089 0.7662
vn -0.2824 0.6204 0.7317
vn -0.1632 -0.4821 -0.8608
vn -0.0412 -0.5126 -0.8576
vn 0.0852 -0.4957 -0.8643
vn 0.0414 -0.2226 -0.9740
vn -0.0780 -0.0957 -0.9924
vn -0.2677 0.0389 -0.9627
vn 0.0786 -0.1996 -0.9767
vn -0.2009 -0.1074 -0.9737
vn -0.5489 -0.0062 -0.8358
vn 0.5045 -0.6810 -0.5307
vn 0.5796 -0.8149 -0.0000
vn 0.5045 -0.6810 0.5307
vn 0.0786 -0.1996 0.9767
vn -0.2009 -0.1074 0.9737
vn -0.5489 -0.0062 0.8358
vn -0.4157 0.7138 -0.5636
vn -0.5569 0.7940 -0.2438
vn -0.8862 0.4061 0.2229
vn 0.0852 -0.4957 0.8643
vn -0.0412 -0.5126 0.8576
vn -0.1632 -0.4821 0.8608
vn -0.2410 0.5665 -0.7881
vn -0.2707 0.5877 -0.7624
vn -0.3119 0.6086 -0.7296
vn -0.2677 0.0389 0.9627
vn -0.0780 -0.0957 0.9924
vn 0.0414 -0.2226 0.9740
vn -0.0883 -0.2070 0.9744
vn 0.0417 -0.0820 0.9958
vn 0.2424 0.0486 0.9690
vn 0.6949 0.2411 0.6775
vn 0.7970 0.2280 0.5593
vn 0.8393 0.1632 0.5186
vn 0.9521 0.1777 0.2488
vn 0.9799 0.1995 -0.0000
vn 0.9521 0.1777 -0.2488
vn -0.4524 -0.5319 -0.7158
vn -0.5785 -0.0340 -0.8150
vn -0.5095 0.4752 -0.7174
vn 0.8393 0.1632 -0.5186
vn 0.7970 0.2280 -0.5593
vn 0.6949 0.2411 -0.6775
vn 0.5393 -0.0045 -0.8421
vn 0.1844 -0.0991 -0.9778
vn -0.1081 -0.1846 -0.9769
vn 0.2048 -0.7861 -0.5832
vn 0.0461 -0.8052 -0.5912
vn -0.1138 -0.8044 -0.5831
vn -0.5800 -0.6314 -0.5147
vn -0.6634 -0.7483 -0.0000
vn -0.5800 -0.6314 0.5147
vn 0.5393 -0.0045 0.8421
vn 0.1844 -0.0991 0.9778
vn -0.1081 -0.1846 0.9769
vn -0.4874 -0.6207 -0.6142
vn -0.2827 0.2707 -0.9202
vn -0.1657 0.4764 -0.8635
vn -0.4523 0.7903 -0.4133
vn -0.4835 0.8723 0.0732
vn -0.3574 0.7790 0.5151
vn -0.2416 0.5842 0.7748
vn -0.3504 0.5538 0.7553
vn -0.5678 0.2528 0.7834
vn 0.4519 0.5303 -0.7174
vn 0.5786 0.0322 -0.8150
vn 0.5101 -0.4768 -0.7158
vn 0.2141 -0.5268 0.8226
vn -0.0101 -0.5550 0.8318
vn -0.2262 -0.5488 0.8048
vn 0.7232 -0.5790 0.3765
vn 0.6221 -0.7507 0.2223
vn 0.5014 -0.8571 0.1183
vn 0.1204 -0.9913 -0.0528
vn -0.0145 -0.9990 -0.0430
vn -0.1384 -0.9902 -0.0175
vn -0.6227 -0.3593 -0.6951
vn -0.4709 -0.0547 -0.8805
vn -0.3665 0.2849 -0.8857
vn -0.2049 0.7840 -0.5860
vn -0.0460 0.8032 -0.5939
vn 0.1140 0.8023 -0.5860
vn 0.4989 -0.5350 -0.6818
vn 0.2950 0.3246 -0.8987
vn 0.2039 0.4879 -0.8488
vn 0.0663 0.3694 -0.9269
vn 0.0157 0.3547 -0.9349
vn -0.0339 0.3667 -0.9297
vn 0.1063 0.3113 -0.9444
vn 0.1396 0.1569 -0.9777
vn 0.3358 -0.0104 -0.9419
vn 0.5195 0.4912 -0.6992
vn 0.5947 -0.0359 -0.8032
vn 0.4586 -0.5503 -0.6978
vn 0.2365 0.0544 -0.9701
vn 0.0012 0.1041 -0.9946
vn -0.2356 0.0631 -0.9698
vn -0.3399 0.0097 -0.9404
vn -0.1299 0.1607 -0.9784
vn -0.0818 0.3086 -0.9477
vn -0.9579 -0.0655 -0.2797
vn -0.9994 -0.0335 -0.0000
vn -0.9579 -0.0655 0.2797
vn -0.3396 0.0107 0.9405
vn -0.1285 0.1656 0.9778
vn -0.0750 0.3231 0.9434
vn -0.1120 0.8183 -0.5638
vn 0.0483 0.8192 -0.5714
vn 0.2074 0.7995 -0.5638
vn -0.2356 0.0632 0.9698
vn 0.0012 0.1042 0.9946
vn 0.2366 0.0545 0.9701
vn -0.5200 -0.4927 -0.6977
vn -0.5948 0.0342 -0.8032
vn -0.4582 0.5488 -0.6992
vn 0.3357 -0.0095 0.9419
vn 0.1387 0.1617 0.9770
vn 0.1009 0.3259 0.9400
vn 0.0864 0.4053 0.9101
vn 0.0165 0.3725 0.9279
vn -0.0511 0.4017 0.9143
vn 0.2806 0.5918 0.7557
vn 0.3801 0.5751 0.7244
vn 0.5765 0.3238 0.7502
vn 0.3958 0.7728 0.4962
vn 0.5075 0.8590 0.0675
vn 0.4756 0.7841 -0.3987
vn 0.4389 0.7181 -0.5401
vn 0.5639 0.7916 -0.2352
vn 0.8498 0.4960 0.1786
vn 0.9545 -0.1082 0.2779
vn 0.9972 -0.0743 -0.0000
vn 0.9545 -0.1082 -0.2779
vn 0.1117 -0.8201 -0.5612
vn -0.0484 -0.8210 -0.5688
vn -0.2073 -0.8013 -0.5612
vn -0.8421 -0.1772 0.5093
vn -0.9307 -0.2471 0.2698
vn -0.9045 -0.3596 0.2294
vn -0.3970 0.8376 -0.3754
vn -0.4197 0.9077 0.0004
vn -0.3942 0.8386 0.3759
vn -0.3643 0.2862 0.8862
vn -0.4702 -0.0543 0.8809
vn -0.6226 -0.3593 0.6952
vn -0.7516 -0.6359 0.1750
vn -0.7556 -0.6550 -0.0000
vn -0.7516 -0.6359 -0.1750
vn 0.2787 0.5637 -0.7775
vn 0.3116 0.5797 -0.7529
vn 0.3495 0.5945 -0.7241
vn 0.8202 -0.2460 -0.5165
vn 0.8855 -0.3500 -0.3056
vn 0.8168 -0.4874 -0.3088
vn 0.3254 0.6063 0.7256
vn 0.2563 0.6022 0.7561
vn 0.2134 0.5846 0.7828
vn 0.8201 -0.2459 0.5167
vn 0.8854 -0.3500 0.3058
vn 0.8167 -0.4874 0.3088
vn 0.4365 0.8186 0.3733
vn 0.4638 0.8859 0.0004
vn 0.4389 0.8176 -0.3728
vn 0.3600 0.2713 -0.8927
vn 0.4092 -0.0696 -0.9098
vn 0.5037 -0.3987 -0.7664
vn 0.5906 -0.7762 -0.2208
vn 0.5901 -0.8073 -0.0000
vn 0.5906 -0.7762 0.2208
vn 0.5037 -0.3986 0.7664
vn 0.4087 -0.0692 0.9100
vn 0.3583 0.2724 0.8930
vn -0.4884 -0.5731 0.6581
vn -0.6521 -0.3083 0.6927
vn -0.7528 -0.0138 0.6581
vn -0.9019 0.3015 0.3094
vn -0.9481 0.3179 -0.0000
vn -0.9019 0.3015 -0.3094
vn -0.7528 -0.0138 -0.6581
vn -0.6521 -0.3083 -0.6927
vn -0.4884 -0.5731 -0.6581
vn -0.3393 -0.8884 -0.3094
vn -0.3560 -0.9345 -0.0000
vn -0.3393 -0.8884 0.3094
vn 0.1127 0.9821 -0.1507
vn -0.0000 0.9863 -0.1652
vn -0.1127 0.9821 -0.1507
vn -0.2305 0.9724 -0.0360
vn -0.2436 0.9691 0.0391
vn -0.2409 0.9634 0.1174
vn -0.1248 0.9625 0.2410
vn -0.0000 0.9663 0.2574
vn 0.1248 0.9625 0.2410
vn 0.2409 0.9634 0.1174
vn 0.2436 0.9691 0.0391
vn 0.2305 0.9724 -0.0360
vn 0.9111 -0.4117 -0.0203
vn 0.9136 -0.4061 -0.0189
vn 0.9161 -0.4004 -0.0203
vn 0.9219 -0.3875 -0.0062
vn 0.9213 -0.3888 -0.0000
vn 0.9219 -0.3875 0.0062
vn 0.9161 -0.4004 0.0203
vn 0.9136 -0.4061 0.0189
vn 0.9111 -0.4117 0.0203
vn 0.9054 -0.4246 0.0062
vn 0.9060 -0.4234 -0.0000
vn 0.9054 -0.4246 -0.0062
vn 0.5450 -0.3099 0.7790
vn 0.6807 -0.1876 0.7082
vn 0.7191 -0.1035 0.6872
vn 0.9387 -0.0647 0.3387
vn 0.9983 -0.0576 -0.0000
vn 0.9387 -0.0647 -0.3387
vn 0.7191 -0.1035 -0.6872
vn 0.6807 -0.1876 -0.7082
vn 0.5450 -0.3099 -0.7790
vn 0.3596 -0.0795 -0.9297
vn -0.0132 -0.0616 -0.9980
vn -0.3805 -0.0263 -0.9244
vn -0.7437 0.0358 -0.6676
vn -0.7660 0.0542 -0.6405
vn -0.7960 0.0772 -0.6004
vn -0.9398 0.0547 -0.3374
vn -0.9978 0.0663 -0.0000
vn -0.9398 0.0547 0.3374
vn -0.7437 0.0358 0.6676
vn -0.7660 0.0542 0.6405
vn -0.7960 0.0772 0.6004
vn -0.3805 -0.0263 0.9244
vn -0.0132 -0.0616 0.9980
vn 0.3596 -0.0795 0.9297
vn 0.7105 -0.0861 0.6984
vn 0.7046 -0.0968 0.7030
vn 0.7017 -0.1035 0.7049
vn 0.9278 -0.1182 0.3539
vn 0.9926 -0.1212 -0.0000
vn 0.9278 -0.1182 -0.3539
vn 0.7017 -0.1035 -0.7049
vn 0.7046 -0.0968 -0.7030
vn 0.7105 -0.0861 -0.6984
vn 0.3497 -0.0848 -0.9330
vn -0.0038 -0.0632 -0.9980
vn -0.3573 -0.0430 -0.9330
vn -0.7093 -0.0187 -0.7046
vn -0.7121 -0.0092 -0.7020
vn -0.7179 0.0042 -0.6961
vn -0.9352 -0.0081 -0.3539
vn -1.0000 -0.0034 -0.0000
vn -0.9352 -0.0081 0.3539
vn -0.7093 -0.0187 0.7046
vn -0.7121 -0.0092 0.7020
vn -0.7179 0.0042 0.6961
vn -0.3573 -0.0430 0.9330
vn -0.0038 -0.0632 0.9980
vn 0.3497 -0.0848 0.9330
vn 0.9277 -0.1189 0.3540
vn 0.9925 -0.1220 -0.0000
vn 0.9277 -0.1189 -0.3540
vn 0.3496 -0.0849 -0.9330
vn -0.0037 -0.0633 -0.9980
vn -0.3572 -0.0432 -0.9330
vn -0.9352 -0.0091 -0.3540
vn -1.0000 -0.0045 -0.0000
vn -0.9352 -0.0091 0.3540
vn -0.3572 -0.0432 0.9330
vn -0.0037 -0.0633 0.9980
vn 0.3496 -0.0849 0.9330
vn 0.9276 -0.1190 0.3541
vn 0.9276 -0.1191 -0.3541
vn 0.3495 -0.0855 -0.9330
vn -0.0038 -0.0640 -0.9979
vn -0.3571 -0.0438 -0.9330
vn -0.9352 -0.0093 -0.3541
vn -1.0000 -0.0046 -0.0000
vn -0.9352 -0.0092 0.3541
vn -0.3571 -0.0436 0.9330
vn -0.0038 -0.0638 0.9980
vn 0.3495 -0.0853 0.9330
vn 0.6998 -0.1086 0.7061
vn 0.6979 -0.1130 0.7073
vn 0.6939 -0.1202 0.7100
vn 0.9237 -0.1271 0.3615
vn 0.9922 -0.1244 -0.0072
vn 0.9171 -0.1336 -0.3756
vn 0.6884 -0.1311 -0.7134
vn 0.6961 -0.1173 -0.7083
vn 0.6994 -0.1097 -0.7063
vn 0.3246 -0.1534 -0.9333
vn -0.0084 -0.1428 -0.9897
vn -0.3404 -0.1142 -0.9333
vn -0.6990 -0.0493 -0.7134
vn -0.7051 -0.0347 -0.7083
vn -0.7075 -0.0268 -0.7063
vn -0.9265 -0.0250 -0.3756
vn -0.9999 -0.0070 -0.0072
vn -0.9322 -0.0178 0.3615
vn -0.7032 -0.0379 0.7100
vn -0.7063 -0.0303 0.7073
vn -0.7077 -0.0256 0.7061
vn -0.3483 -0.0879 0.9332
vn -0.0067 -0.1133 0.9935
vn 0.3356 -0.1282 0.9332
vn 0.6736 -0.1675 0.7198
vn 0.6567 -0.2487 0.7119
vn 0.6361 -0.3992 0.6603
vn 0.8824 -0.3821 0.2746
vn 0.9931 -0.1165 -0.0119
vn 0.9363 0.1368 -0.3236
vn 0.6574 0.0639 -0.7508
vn 0.6435 -0.0930 -0.7598
vn 0.6555 -0.1482 -0.7405
vn 0.3446 0.4496 -0.8241
vn 0.0284 0.4814 -0.8761
vn -0.2894 0.4869 -0.8241
vn -0.6454 0.1407 -0.7508
vn -0.6500 -0.0168 -0.7598
vn -0.6684 -0.0702 -0.7405
vn -0.9137 0.2458 -0.3236
vn -0.9999 0.0009 -0.0119
vn -0.9211 -0.2758 0.2746
vn -0.6786 -0.3217 0.6603
vn -0.6814 -0.1699 0.7119
vn -0.6886 -0.0872 0.7198
vn -0.3451 -0.6872 0.6393
vn -0.0436 -0.7402 0.6710
vn 0.2620 -0.7230 0.6393
vn -0.6461 -0.1838 -0.7408
vn -0.6488 -0.0905 -0.7555
vn -0.7022 0.2066 -0.6813
vn -0.9413 0.2340 -0.2434
vn -0.9929 -0.1175 -0.0181
vn -0.8702 -0.4491 0.2027
vn -0.6255 -0.5126 0.5882
vn -0.6522 -0.3175 0.6883
vn -0.6711 -0.1983 0.7143
vn -0.9224 -0.1394 0.3603
vn -0.9907 -0.1360 -0.0089
vn -0.9138 -0.1497 -0.3777
vn -0.2466 -0.8345 0.4928
vn 0.0489 -0.8539 0.5181
vn 0.3402 -0.8009 0.4928
vn 0.6799 -0.4379 0.5882
vn 0.6842 -0.2409 0.6883
vn 0.6893 -0.1204 0.7143
vn 0.3488 -0.1076 0.9310
vn 0.0076 -0.1332 0.9911
vn -0.3342 -0.1467 0.9310
vn 0.9158 -0.3468 0.2027
vn 0.9998 -0.0035 -0.0181
vn 0.9084 0.3399 -0.2434
vn 0.6741 0.2854 -0.6813
vn 0.6549 -0.0159 -0.7555
vn 0.6628 -0.1089 -0.7408
vn 0.9249 -0.0445 -0.3777
vn 0.9997 -0.0221 -0.0089
vn 0.9322 -0.0332 0.3603
vn 0.2706 0.7809 -0.5630
vn -0.0459 0.8025 -0.5949
vn -0.3579 0.7449 -0.5630
vn -0.3192 -0.1863 -0.9292
vn 0.0103 -0.1793 -0.9837
vn 0.3384 -0.1487 -0.9292
vn -0.6982 -0.1213 -0.7056
vn -0.6947 -0.1289 -0.7077
vn -0.6859 -0.1454 -0.7130
vn -0.6926 -0.1320 0.7091
vn -0.6967 -0.1242 0.7065
vn -0.6986 -0.1201 0.7054
vn -0.9262 -0.1303 0.3537
vn -0.9911 -0.1331 -0.0000
vn -0.9262 -0.1304 -0.3538
vn 0.7032 -0.0521 0.7091
vn 0.7063 -0.0439 0.7065
vn 0.7077 -0.0396 0.7054
vn 0.3575 -0.0571 0.9322
vn 0.0044 -0.0764 0.9971
vn -0.3486 -0.0975 0.9322
vn 0.6980 -0.0662 -0.7130
vn 0.7049 -0.0488 -0.7077
vn 0.7075 -0.0408 -0.7056
vn 0.9350 -0.0238 -0.3538
vn 0.9998 -0.0191 -0.0000
vn 0.9351 -0.0238 0.3537
vn -0.3486 -0.0977 -0.9322
vn 0.0044 -0.0766 -0.9971
vn 0.3575 -0.0573 -0.9322
vn -0.6993 -0.1185 -0.7049
vn -0.6993 -0.1185 0.7049
vn -0.9264 -0.1298 0.3536
vn -0.9912 -0.1325 -0.0000
vn -0.9264 -0.1298 -0.3536
vn 0.7083 -0.0379 0.7049
vn 0.3576 -0.0566 0.9321
vn 0.0044 -0.0760 0.9971
vn -0.3488 -0.0971 0.9322
vn 0.7083 -0.0379 -0.7049
vn 0.9351 -0.0229 -0.3536
vn 0.9998 -0.0182 -0.0000
vn 0.9351 -0.0229 0.3536
vn -0.3488 -0.0971 -0.9322
vn 0.0044 -0.0760 -0.9971
vn 0.3576 -0.0566 -0.9321
vn -0.7083 -0.1035 -0.6982
vn -0.7029 -0.1116 -0.7025
vn -0.7003 -0.1163 -0.7043
vn -0.7003 -0.1163 0.7043
vn -0.7029 -0.1116 0.7025
vn -0.7083 -0.1035 0.6982
vn -0.9365 -0.0879 0.3394
vn -0.9966 -0.0827 -0.0000
vn -0.9365 -0.0879 -0.3394
vn 0.7095 -0.0341 0.7039
vn 0.7126 -0.0262 0.7011
vn 0.7192 -0.0143 0.6947
vn 0.3833 -0.0411 0.9227
vn 0.0160 -0.0742 0.9971
vn -0.3568 -0.0933 0.9295
vn 0.7095 -0.0341 -0.7039
vn 0.7126 -0.0262 -0.7011
vn 0.7192 -0.0143 -0.6947
vn 0.9412 0.0332 -0.3361
vn 0.9990 0.0439 -0.0000
vn 0.9412 0.0332 0.3361
vn -0.3568 -0.0933 -0.9295
vn 0.0160 -0.0742 -0.9971
vn 0.3833 -0.0411 -0.9227
vn -0.5708 -0.2853 -0.7700
vn -0.6850 -0.1813 -0.7056
vn -0.7170 -0.1148 -0.6876
vn -0.7170 -0.1148 0.6876
vn -0.6850 -0.1813 0.7056
vn -0.5708 -0.2853 0.7700
vn 0.7463 0.0186 0.6653
vn 0.7679 0.0402 0.6393
vn 0.7954 0.0676 0.6023
vn 0.7463 0.0186 -0.6653
vn 0.7679 0.0402 -0.6393
vn 0.7954 0.0676 -0.6023
vn 0.5625 -0.7731 0.2931
vn 0.5215 -0.8459 0.1115
vn 0.4892 -0.8721 0.0002
vn 0.8121 -0.5828 -0.0276
vn 0.9979 -0.0637 -0.0135
vn 0.8803 0.4727 -0.0398
vn 0.6032 0.7903 -0.1075
vn 0.6394 0.7411 -0.2051
vn 0.6819 0.6104 -0.4030
vn 0.2784 0.9517 -0.1296
vn 0.0582 0.9880 -0.1433
vn -0.1646 0.9778 -0.1296
vn -0.5062 0.8557 -0.1075
vn -0.5479 0.8110 -0.2051
vn -0.6055 0.6863 -0.4030
vn -0.8187 0.5728 -0.0398
vn -0.9985 0.0540 -0.0135
vn -0.8750 -0.4834 -0.0276
vn -0.5883 -0.8086 0.0002
vn -0.6173 -0.7788 0.1115
vn -0.6494 -0.7017 0.2931
vn -0.2712 -0.9592 -0.0800
vn -0.0586 -0.9945 -0.0869
vn 0.1566 -0.9844 -0.0800
vn 0.4286 -0.8969 -0.1092
vn 0.3914 -0.8976 -0.2029
vn 0.3466 -0.8681 -0.3554
vn 0.4465 0.8162 -0.3667
vn 0.4982 0.8382 -0.2219
vn 0.5385 0.8325 -0.1302
vn -0.3476 0.8630 -0.3667
vn -0.3963 0.8909 -0.2219
vn -0.4369 0.8900 -0.1302
vn -0.4462 -0.8213 -0.3554
vn -0.4942 -0.8454 -0.2029
vn -0.5310 -0.8403 -0.1092
vn -0.5387 0.8324 -0.1298
vn -0.4999 0.8358 -0.2270
vn -0.4474 0.8090 -0.3812
vn -0.3514 -0.8604 -0.3691
vn -0.3963 -0.8945 -0.2070
vn -0.4319 -0.8954 -0.1085
vn -0.8134 -0.5810 -0.0283
vn -0.9980 -0.0613 -0.0132
vn -0.8793 0.4748 -0.0374
vn 0.4473 -0.8147 -0.3691
vn 0.4958 -0.8434 -0.2070
vn 0.5313 -0.8402 -0.1085
vn 0.2697 -0.9596 -0.0802
vn 0.0569 -0.9946 -0.0869
vn -0.1584 -0.9841 -0.0802
vn 0.3521 0.8548 -0.3812
vn 0.4012 0.8874 -0.2270
vn 0.4402 0.8885 -0.1298
vn 0.8194 0.5720 -0.0374
vn 0.9985 0.0530 -0.0132
vn 0.8744 -0.4844 -0.0283
vn -0.2767 0.9530 -0.1234
vn -0.0566 0.9890 -0.1366
vn 0.1661 0.9784 -0.1234
vn -0.6506 0.7271 -0.2191
vn -0.6208 0.7752 -0.1168
vn -0.5969 0.7982 -0.0810
vn -0.4881 -0.8726 -0.0153
vn -0.5129 -0.8564 0.0592
vn -0.5437 -0.8176 0.1893
vn 0.5845 -0.8112 -0.0153
vn 0.6073 -0.7923 0.0592
vn 0.6335 -0.7502 0.1893
vn 0.5019 0.8611 -0.0810
vn 0.5282 0.8410 -0.1168
vn 0.5634 0.7966 -0.2191
vn 0.6569 0.1234 -0.7438
vn 0.6870 0.0761 -0.7227
vn 0.6895 0.0096 -0.7242
vn 0.6895 0.0096 0.7242
vn 0.6870 0.0761 0.7227
vn 0.6569 0.1234 0.7438
vn -0.6893 0.0252 0.7240
vn -0.6875 0.0818 0.7216
vn -0.6605 0.1236 0.7406
vn -0.6893 0.0252 -0.7240
vn -0.6875 0.0818 -0.7216
vn -0.6605 0.1236 -0.7406
vn -0.4027 -0.6919 0.5992
vn -0.1490 -0.7266 0.6707
vn 0.0112 -0.7202 0.6937
vn 0.1965 -0.9150 0.3523
vn 0.2198 -0.9755 -0.0000
vn 0.1965 -0.9150 -0.3523
vn 0.0112 -0.7202 -0.6937
vn -0.1490 -0.7266 -0.6707
vn -0.4027 -0.6919 -0.5992
vn 0.0018 -0.3712 -0.9285
vn -0.1152 -0.0392 -0.9926
vn -0.2355 0.2916 -0.9271
vn -0.3737 0.6119 -0.6971
vn -0.3826 0.6077 -0.6959
vn -0.3802 0.6070 -0.6979
vn -0.4310 0.8313 -0.3511
vn -0.4517 0.8922 -0.0000
vn -0.4310 0.8313 0.3511
vn -0.3737 0.6119 0.6971
vn -0.3826 0.6077 0.6959
vn -0.3802 0.6070 0.6979
vn -0.2355 0.2916 0.9271
vn -0.1152 -0.0392 0.9926
vn 0.0018 -0.3712 0.9285
vn 0.1961 -0.6800 0.7065
vn 0.2531 -0.6598 0.7075
vn 0.2875 -0.6458 0.7073
vn 0.3982 -0.8460 0.3546
vn 0.4261 -0.9047 -0.0000
vn 0.3982 -0.8460 -0.3546
vn 0.2875 -0.6458 -0.7073
vn 0.2531 -0.6598 -0.7075
vn 0.1961 -0.6800 -0.7065
vn 0.1502 -0.3214 -0.9349
vn -0.0012 -0.0004 -1.0000
vn -0.1525 0.3206 -0.9348
vn -0.3069 0.6381 -0.7062
vn -0.3176 0.6340 -0.7051
vn -0.3348 0.6274 -0.7031
vn -0.3994 0.8454 -0.3545
vn -0.4270 0.9042 -0.0000
vn -0.3994 0.8454 0.3545
vn -0.3069 0.6381 0.7062
vn -0.3176 0.6340 0.7051
vn -0.3348 0.6274 0.7031
vn -0.1525 0.3206 0.9348
vn -0.0012 -0.0004 1.0000
vn 0.1502 -0.3214 0.9349
vn 0.3025 -0.6392 0.7070
vn 0.3024 -0.6392 0.7071
vn 0.3023 -0.6392 0.7071
vn 0.3997 -0.8452 0.3547
vn 0.4275 -0.9040 -0.0000
vn 0.3996 -0.8452 -0.3547
vn 0.3023 -0.6392 -0.7071
vn 0.3024 -0.6392 -0.7071
vn 0.3025 -0.6392 -0.7070
vn 0.1516 -0.3207 -0.9350
vn -0.0000 -0.0000 -1.0000
vn -0.1516 0.3207 -0.9350
vn -0.3021 0.6394 -0.7070
vn -0.3996 0.8452 -0.3547
vn -0.4274 0.9040 -0.0000
vn -0.3996 0.8453 0.3547
vn -0.3021 0.6394 0.7070
vn -0.1516 0.3207 0.9350
vn -0.0000 -0.0000 1.0000
vn 0.1516 -0.3207 0.9350
vn 0.3996 -0.8452 0.3547
vn 0.4274 -0.9040 -0.0000
vn -0.3996 0.8452 0.3547
vn 0.3949 -0.8475 0.3548
vn 0.4228 -0.9062 -0.0000
vn 0.3949 -0.8475 -0.3548
vn 0.1469 -0.3230 -0.9349
vn -0.0046 -0.0022 -1.0000
vn -0.1564 0.3185 -0.9349
vn -0.4044 0.8430 -0.3548
vn -0.4321 0.9018 -0.0000
vn -0.4044 0.8430 0.3548
vn -0.1564 0.3185 0.9349
vn -0.0046 -0.0022 1.0000
vn 0.1469 -0.3230 0.9349
vn 0.2602 -0.6583 0.7064
vn 0.1500 -0.7007 0.6975
vn -0.0487 -0.7512 0.6583
vn -0.0487 -0.7512 -0.6583
vn 0.1500 -0.7007 -0.6975
vn 0.2602 -0.6583 -0.7064
vn -0.6115 0.4391 -0.6583
vn -0.4463 0.5606 -0.6975
vn -0.3437 0.6188 -0.7064
vn -0.6115 0.4391 0.6583
vn -0.4463 0.5606 0.6975
vn -0.3437 0.6188 0.7064
vn 0.2631 -0.7261 -0.6353
vn 0.0590 -0.7295 -0.6815
vn -0.0616 -0.7150 -0.6964
vn -0.2230 -0.9089 -0.3523
vn -0.2476 -0.9689 -0.0000
vn -0.2230 -0.9089 0.3523
vn -0.0616 -0.7150 0.6964
vn 0.0590 -0.7295 0.6815
vn 0.2631 -0.7261 0.6353
vn -0.0166 -0.3700 0.9289
vn 0.1078 -0.0406 0.9933
vn 0.2353 0.2876 0.9284
vn 0.3857 0.6023 0.6989
vn 0.3981 0.5955 0.6977
vn 0.3998 0.5928 0.6991
vn 0.4428 0.8246 0.3521
vn 0.4649 0.8854 -0.0000
vn 0.4428 0.8246 -0.3521
vn 0.3857 0.6023 -0.6989
vn 0.3981 0.5955 -0.6977
vn 0.3998 0.5928 -0.6991
vn 0.2353 0.2877 -0.9284
vn 0.1078 -0.0406 -0.9933
vn -0.0166 -0.3700 -0.9289
vn -0.1987 -0.6799 -0.7059
vn -0.2444 -0.6635 -0.7072
vn -0.2737 -0.6518 -0.7073
vn -0.3781 -0.8551 -0.3547
vn -0.4045 -0.9145 -0.0000
vn -0.3781 -0.8551 0.3547
vn -0.2737 -0.6518 0.7073
vn -0.2444 -0.6635 0.7072
vn -0.1987 -0.6799 0.7059
vn -0.1426 -0.3248 0.9350
vn 0.0013 -0.0005 1.0000
vn 0.1452 0.3238 0.9349
vn 0.2946 0.6433 0.7067
vn 0.3106 0.6365 0.7060
vn 0.3348 0.6259 0.7044
vn 0.3804 0.8541 0.3547
vn 0.4067 0.9136 -0.0000
vn 0.3804 0.8541 -0.3547
vn 0.2946 0.6433 -0.7067
vn 0.3106 0.6365 -0.7060
vn 0.3348 0.6259 -0.7044
vn 0.1452 0.3238 -0.9349
vn 0.0013 -0.0005 -1.0000
vn -0.1426 -0.3248 -0.9350
vn -0.3797 -0.8544 -0.3547
vn -0.4061 -0.9138 -0.0000
vn -0.3797 -0.8544 0.3547
vn -0.1441 -0.3242 0.9350
vn 0.1441 0.3242 0.9350
vn 0.2871 0.6462 0.7071
vn 0.3797 0.8544 0.3547
vn 0.4061 0.9138 -0.0000
vn 0.3797 0.8544 -0.3547
vn 0.2871 0.6462 -0.7071
vn 0.1441 0.3242 -0.9350
vn -0.1441 -0.3242 -0.9350
vn -0.3794 -0.8545 -0.3547
vn -0.4058 -0.9140 -0.0000
vn -0.3794 -0.8545 0.3547
vn -0.1437 -0.3243 0.9350
vn 0.0003 -0.0001 1.0000
vn 0.1444 0.3240 0.9350
vn 0.3800 0.8542 0.3547
vn 0.4065 0.9137 -0.0000
vn 0.3800 0.8542 -0.3547
vn 0.1444 0.3240 -0.9350
vn 0.0003 -0.0001 -1.0000
vn -0.1437 -0.3243 -0.9350
vn -0.2845 -0.6473 -0.7071
vn -0.2786 -0.6500 -0.7071
vn -0.2686 -0.6543 -0.7070
vn -0.3475 -0.8681 -0.3546
vn -0.3743 -0.9273 -0.0000
vn -0.3475 -0.8681 0.3546
vn -0.2686 -0.6543 0.7070
vn -0.2786 -0.6500 0.7071
vn -0.2845 -0.6473 0.7071
vn -0.1120 -0.3382 0.9344
vn 0.0316 -0.0140 0.9994
vn 0.1760 0.3098 0.9344
vn 0.3056 0.6378 0.7070
vn 0.2958 0.6423 0.7071
vn 0.2898 0.6450 0.7071
vn 0.4115 0.8396 0.3546
vn 0.4375 0.8992 -0.0000
vn 0.4115 0.8396 -0.3546
vn 0.3056 0.6378 -0.7070
vn 0.2958 0.6423 -0.7071
vn 0.2898 0.6450 -0.7071
vn 0.1760 0.3098 -0.9344
vn 0.0316 -0.0140 -0.9994
vn -0.1120 -0.3382 -0.9344
vn -0.2348 -0.6682 -0.7060
vn -0.2045 -0.6798 -0.7043
vn -0.1505 -0.6986 -0.6995
vn -0.1249 -0.9313 -0.3423
vn -0.1529 -0.9882 -0.0000
vn -0.1249 -0.9313 0.3423
vn -0.1505 -0.6986 0.6995
vn -0.2045 -0.6798 0.7043
vn -0.2348 -0.6682 0.7060
vn 0.1023 -0.4200 0.9017
vn 0.2391 -0.1063 0.9652
vn 0.3803 0.2055 0.9017
vn 0.4177 0.5799 0.6995
vn 0.3676 0.6074 0.7043
vn 0.3387 0.6220 0.7060
vn 0.6075 0.7168 0.3423
vn 0.6311 0.7757 -0.0000
vn 0.6075 0.7168 -0.3423
vn 0.4177 0.5799 -0.6995
vn 0.3676 0.6074 -0.7043
vn 0.3387 0.6220 -0.7060
vn 0.3803 0.2055 -0.9017
vn 0.2391 -0.1063 -0.9652
vn 0.1023 -0.4200 -0.9017
vn 0.6993 -0.2253 -0.6784
vn 0.6974 0.0154 -0.7165
vn 0.6823 0.2090 -0.7006
vn 0.8315 0.4570 -0.3157
vn 0.8814 0.4723 -0.0070
vn 0.8335 0.4609 0.3049
vn 0.7031 0.1070 0.7030
vn 0.6796 -0.1558 0.7169
vn 0.6028 -0.3779 0.7027
vn 0.7049 -0.5579 0.4381
vn 0.8218 -0.5482 0.1554
vn 0.8163 -0.5510 -0.1733
vn 0.3403 0.3399 0.8767
vn -0.0000 0.3085 0.9512
vn -0.3403 0.3399 0.8767
vn -0.7031 0.1070 0.7030
vn -0.6796 -0.1558 0.7169
vn -0.6028 -0.3779 0.7027
vn -0.2247 -0.5729 0.7882
vn -0.0000 -0.5741 0.8188
vn 0.2247 -0.5728 0.7883
vn -0.8335 0.4609 0.3049
vn -0.8814 0.4723 -0.0070
vn -0.8315 0.4570 -0.3157
vn -0.6823 0.2090 -0.7006
vn -0.6974 0.0154 -0.7165
vn -0.6993 -0.2253 -0.6784
vn -0.8162 -0.5513 -0.1731
vn -0.8216 -0.5484 0.1555
vn -0.7046 -0.5582 0.4381
vn -0.3322 0.3874 -0.8600
vn -0.0000 0.3700 -0.9290
vn 0.3322 0.3874 -0.8600
vn 0.3292 -0.5663 -0.7556
vn -0.0000 -0.5639 -0.8259
vn -0.3293 -0.5665 -0.7554
vn 0.5542 0.6566 -0.5116
vn 0.4252 0.8346 -0.3502
vn 0.2962 0.9330 -0.2045
vn 0.2948 0.9140 0.2787
vn 0.4008 0.8303 0.3873
vn 0.5309 0.6711 0.5174
vn -0.2948 0.9140 0.2787
vn -0.4008 0.8303 0.3873
vn -0.5309 0.6711 0.5174
vn -0.2962 0.9330 -0.2045
vn -0.4252 0.8346 -0.3502
vn -0.5542 0.6566 -0.5116
vn 0.2469 -0.9620 0.1164
vn 0.3205 -0.9471 0.0138
vn 0.4797 -0.8464 -0.2313
vn 0.3562 -0.7008 0.6181
vn 0.2795 -0.7609 0.5856
vn 0.2971 -0.7529 0.5873
vn -0.3550 -0.7022 0.6172
vn -0.2753 -0.7654 0.5817
vn -0.2853 -0.7674 0.5742
vn -0.4788 -0.8474 -0.2297
vn -0.3170 -0.9482 0.0196
vn -0.2392 -0.9619 0.1323
vn 0.2250 -0.7631 -0.6059
vn 0.5937 -0.6994 -0.3979
vn 0.8389 -0.5260 -0.1400
vn 0.8389 -0.5260 0.1400
vn 0.5937 -0.6994 0.3979
vn 0.2250 -0.7631 0.6059
vn 0.9526 -0.2702 0.1400
vn 0.9170 0.0279 0.3979
vn 0.7172 0.3443 0.6059
vn 0.9526 -0.2702 -0.1400
vn 0.9170 0.0279 -0.3979
vn 0.7172 0.3443 -0.6059
vn 0.1827 0.5041 -0.8441
vn 0.2539 0.0145 -0.9671
vn 0.2390 -0.4799 -0.8441
vn -0.0287 0.5013 -0.8648
vn 0.0287 -0.5013 -0.8648
vn -0.2390 0.4799 -0.8441
vn -0.2539 -0.0145 -0.9671
vn -0.1827 -0.5041 -0.8441
vn -0.3583 -0.0414 0.9327
vn -0.0041 -0.0630 0.9980
vn 0.3503 -0.0841 0.9329
vn -0.3614 -0.0377 0.9317
vn -0.0052 -0.0624 0.9980
vn 0.3518 -0.0824 0.9324
vn -0.3682 -0.0324 0.9292
vn -0.0077 -0.0615 0.9981
vn 0.3552 -0.0797 0.9314
vn -0.9355 -0.0017 -0.3532
vn -1.0000 0.0038 -0.0000
vn -0.9355 -0.0017 0.3532
vn -0.9363 0.0128 -0.3510
vn -0.9998 0.0201 -0.0000
vn -0.9363 0.0128 0.3510
vn -0.9376 0.0326 -0.3461
vn -0.9991 0.0421 -0.0000
vn -0.9376 0.0326 0.3461
vn -0.3115 -0.0374 -0.9495
vn -0.0312 -0.1616 -0.9864
vn -0.2704 -0.0871 -0.9588
vn -0.6047 0.0323 -0.7958
vn -0.5555 0.0909 -0.8265
vn -0.4149 0.0938 -0.9050
vn -0.1603 -0.0553 -0.9855
vn 0.5673 -0.1391 0.8117
vn 0.7133 -0.2519 0.6540
vn 0.7004 -0.3504 0.6218
vn 0.2863 0.0865 0.9542
vn 0.4567 -0.0041 0.8896
vn 0.4981 -0.0598 0.8651
vn 0.1613 0.3273 0.9311
vn 0.2701 0.2995 0.9151
vn 0.3486 0.2800 0.8945
vn 0.3503 -0.0841 -0.9329
vn -0.0041 -0.0630 -0.9980
vn -0.3583 -0.0414 -0.9327
vn 0.3518 -0.0824 -0.9324
vn -0.0052 -0.0624 -0.9980
vn -0.3614 -0.0377 -0.9317
vn 0.3552 -0.0797 -0.9314
vn -0.0077 -0.0615 -0.9981
vn -0.3682 -0.0324 -0.9292
vn 0.9286 -0.1135 0.3534
vn 0.9933 -0.1156 -0.0000
vn 0.9286 -0.1135 -0.3534
vn 0.9307 -0.1016 0.3515
vn 0.9948 -0.1017 -0.0000
vn 0.9307 -0.1016 -0.3515
vn 0.9343 -0.0823 0.3469
vn 0.9969 -0.0791 -0.0000
vn 0.9343 -0.0823 -0.3469
vn -0.4014 -0.0219 0.9157
vn -0.0283 -0.0682 0.9973
vn 0.3529 -0.0968 0.9306
vn -0.4342 -0.0195 0.9006
vn -0.0633 -0.0829 0.9945
vn 0.3102 -0.1387 0.9405
vn -0.4832 -0.0167 0.8753
vn -0.1229 -0.0990 0.9875
vn 0.2058 -0.1847 0.9610
vn -0.3115 -0.0374 0.9495
vn -0.6047 0.0323 0.7958
vn -0.2704 -0.0871 0.9588
vn -0.0312 -0.1616 0.9864
vn -0.1603 -0.0553 0.9855
vn -0.4149 0.0938 0.9050
vn -0.5555 0.0909 0.8265
vn -0.9428 0.0793 -0.3238
vn -0.9956 0.0934 -0.0000
vn -0.9428 0.0793 0.3238
vn -0.9465 0.1083 -0.3041
vn -0.9921 0.1256 -0.0000
vn -0.9465 0.1083 0.3041
vn -0.9501 0.1434 -0.2771
vn -0.9864 0.1641 -0.0000
vn -0.9501 0.1434 0.2771
vn 0.3529 -0.0968 -0.9306
vn -0.0283 -0.0682 -0.9973
vn -0.4014 -0.0219 -0.9157
vn 0.3102 -0.1387 -0.9405
vn -0.0633 -0.0829 -0.9945
vn -0.4342 -0.0195 -0.9006
vn 0.2058 -0.1847 -0.9610
vn -0.1229 -0.0990 -0.9875
vn -0.4832 -0.0167 -0.8753
vn 0.2858 -0.0231 -0.9580
vn 0.5889 0.0378 -0.8073
vn 0.2474 -0.0753 -0.9660
vn -0.0023 -0.1455 -0.9894
vn 0.1277 -0.0396 -0.9910
vn 0.3887 0.1062 -0.9152
vn 0.5341 0.1011 -0.8393
vn 0.9384 -0.0919 0.3331
vn 0.9964 -0.0847 -0.0000
vn 0.9384 -0.0919 -0.3331
vn 0.9132 -0.2103 0.3491
vn 0.9767 -0.2147 -0.0000
vn 0.9132 -0.2103 -0.3491
vn 0.7972 -0.4317 0.4220
vn 0.8750 -0.4841 -0.0000
vn 0.7972 -0.4317 -0.4220
vn 0.9138 -0.4061 -0.0000
vn -0.5220 0.8367 0.1657
vn -0.5111 0.8074 -0.2948
vn -0.5162 0.8485 0.1169
vn -0.4139 0.7524 0.5123
vn -0.4744 0.7567 0.4498
vn -0.6381 0.6884 0.3450
vn -0.5466 0.8365 -0.0380
vn -0.6866 0.5437 -0.4826
vn -0.8450 -0.3804 -0.3759
vn -0.4971 0.4949 -0.7127
vn -0.3557 0.6602 -0.6615
vn -0.5662 0.7117 -0.4159
vn -0.9997 0.0239 0.0044
vn -0.9655 -0.2056 -0.1595
vn 0.2858 -0.0231 0.9580
vn 0.5889 0.0378 0.8073
vn 0.5341 0.1011 0.8393
vn 0.3887 0.1062 0.9152
vn 0.1277 -0.0396 0.9910
vn -0.0023 -0.1455 0.9894
vn 0.2474 -0.0753 0.9660
vn -0.1204 0.9915 -0.0488
vn -0.1339 0.9904 0.0346
vn -0.1294 0.9837 0.1248
vn -0.0000 0.9982 -0.0601
vn -0.0000 0.9995 0.0326
vn -0.0000 0.9909 0.1343
vn 0.1204 0.9915 -0.0488
vn 0.1339 0.9904 0.0346
vn 0.1294 0.9837 0.1248
vn -0.9417 -0.0853 0.3254
vn -0.9959 -0.0908 -0.0000
vn -0.9417 -0.0853 -0.3254
vn -0.8490 -0.4014 0.3435
vn -0.9040 -0.4274 -0.0000
vn -0.8490 -0.4014 -0.3435
vn -0.6635 -0.6737 0.3254
vn -0.7022 -0.7120 -0.0000
vn -0.6635 -0.6737 -0.3254
vn 0.3553 0.8100 0.4665
vn 0.3487 0.8332 0.4291
vn 0.3847 0.8336 0.3963
vn 0.4608 0.8868 0.0358
vn 0.4241 0.9055 0.0143
vn 0.4296 0.9030 0.0035
vn 0.4309 0.7992 -0.4190
vn 0.4046 0.8168 -0.4113
vn 0.4059 0.8255 -0.3921
vn 0.1854 0.3100 -0.9325
vn 0.2972 0.2839 -0.9116
vn 0.3631 0.2715 -0.8913
vn 0.2918 0.0807 -0.9531
vn 0.4646 -0.0098 -0.8855
vn 0.5026 -0.0628 -0.8622
vn 0.5681 -0.1402 -0.8109
vn 0.7144 -0.2529 -0.6524
vn 0.7009 -0.3507 -0.6211
vn 0.9579 -0.2198 -0.1848
vn 0.9421 -0.3215 -0.0951
vn 0.8496 -0.5146 -0.1154
vn 0.9852 -0.1716 -0.0000
vn 0.9551 -0.2961 -0.0000
vn 0.8570 -0.5153 -0.0000
vn 0.9579 -0.2198 0.1848
vn 0.9421 -0.3215 0.0951
vn 0.8496 -0.5146 0.1154
vn -0.5939 -0.0947 -0.7989
vn -0.7717 -0.1847 -0.6086
vn -0.7995 -0.2819 -0.5304
vn -0.2977 0.0951 -0.9499
vn -0.5064 0.0154 -0.8621
vn -0.5686 -0.0405 -0.8216
vn -0.1633 0.3111 -0.9363
vn -0.2896 0.2906 -0.9120
vn -0.3670 0.2830 -0.8861
vn -0.3922 0.8127 -0.4310
vn -0.3558 0.8346 -0.4206
vn -0.3552 0.8458 -0.3981
vn -0.4211 0.9062 0.0384
vn -0.3718 0.9282 0.0153
vn -0.3766 0.9264 0.0038
vn -0.3043 0.8223 0.4808
vn -0.2895 0.8503 0.4396
vn -0.3295 0.8540 0.4027
vn -0.1354 0.3274 0.9352
vn -0.2571 0.3056 0.9168
vn -0.3487 0.2916 0.8907
vn -0.2909 0.1009 0.9514
vn -0.4967 0.0211 0.8677
vn -0.5626 -0.0373 0.8259
vn -0.5928 -0.0935 0.7999
vn -0.7701 -0.1836 0.6109
vn -0.7988 -0.2816 0.5317
vn 0.5376 0.8303 0.1472
vn 0.4431 0.7512 0.4893
vn 0.5323 0.8399 0.1062
vn 0.5237 0.8014 -0.2890
vn 0.5566 0.8296 -0.0435
vn 0.6322 0.7114 0.3071
vn 0.4965 0.7606 0.4182
vn 0.6693 0.5848 -0.4583
vn 0.3884 0.6689 -0.6338
vn 0.4982 0.5410 -0.6776
vn 0.8702 -0.2475 -0.4261
vn 0.9775 -0.0873 -0.1922
vn 0.9872 0.1552 -0.0378
vn 0.5697 0.7202 -0.3959
vn -0.9724 -0.1450 0.1828
vn -0.9753 -0.2061 0.0791
vn -0.9312 -0.3563 0.0775
vn -0.9952 -0.0981 -0.0000
vn -0.9839 -0.1784 -0.0000
vn -0.9373 -0.3485 -0.0000
vn -0.9724 -0.1450 -0.1828
vn -0.9753 -0.2061 -0.0791
vn -0.9312 -0.3563 -0.0775
vn -0.2472 -0.5019 -0.8288
vn -0.2651 0.0156 -0.9641
vn -0.1865 0.5275 -0.8288
vn -0.0309 -0.5250 -0.8505
vn 0.0309 0.5250 -0.8505
vn 0.1865 -0.5275 -0.8288
vn 0.2651 -0.0156 -0.9641
vn 0.2472 0.5019 -0.8288
vn -0.9467 0.2347 -0.2206
vn -0.9672 0.2541 -0.0000
vn -0.9467 0.2347 0.2206
vn -0.9309 0.2811 -0.2334
vn -0.9566 0.2913 -0.0000
vn -0.9309 0.2811 0.2334
vn -0.9075 0.2963 -0.2976
vn -0.9555 0.2951 -0.0000
vn -0.9075 0.2963 0.2976
vn 0.9026 0.3034 0.3055
vn 0.9273 0.2855 0.2420
vn 0.9454 0.2332 0.2278
vn 0.9534 0.3018 -0.0000
vn 0.9554 0.2953 -0.0000
vn 0.9677 0.2521 -0.0000
vn 0.9026 0.3034 -0.3055
vn 0.9273 0.2855 -0.2420
vn 0.9454 0.2332 -0.2278
vn -0.2741 -0.7900 0.5484
vn -0.0537 -0.8327 0.5511
vn 0.1702 -0.8145 0.5547
vn -0.3256 -0.9455 -0.0000
vn -0.0598 -0.9982 -0.0000
vn 0.2082 -0.9781 -0.0000
vn -0.2741 -0.7900 -0.5484
vn -0.0537 -0.8327 -0.5511
vn 0.1702 -0.8145 -0.5547
vn -0.0674 -0.2534 0.9650
vn 0.0078 -0.1218 0.9925
vn 0.1073 -0.0221 0.9940
vn -0.0296 -0.2744 0.9611
vn -0.0199 -0.1404 0.9899
vn -0.0119 -0.0545 0.9984
vn 0.0112 -0.2628 0.9648
vn -0.0466 -0.1298 0.9904
vn -0.1309 -0.0276 0.9910
vn -0.0674 -0.2534 -0.9650
vn -0.0296 -0.2744 -0.9611
vn 0.0112 -0.2628 -0.9648
vn 0.0078 -0.1218 -0.9925
vn -0.0199 -0.1404 -0.9899
vn -0.0466 -0.1298 -0.9904
vn 0.1073 -0.0221 -0.9940
vn -0.0119 -0.0545 -0.9984
vn -0.1309 -0.0276 -0.9910
vn 0.1376 0.1013 0.9853
vn 0.0638 0.2026 0.9772
vn 0.0574 0.3075 0.9498
vn 0.0033 0.1468 0.9892
vn 0.0068 0.2161 0.9764
vn 0.0116 0.2968 0.9549
vn -0.1328 0.1074 0.9853
vn -0.0507 0.2029 0.9779
vn -0.0332 0.3053 0.9517
vn 0.1374 0.1005 -0.9854
vn 0.0033 0.1462 -0.9893
vn -0.1326 0.1066 -0.9854
vn 0.0626 0.1990 -0.9780
vn 0.0068 0.2132 -0.9770
vn -0.0498 0.1992 -0.9787
vn 0.0522 0.2969 -0.9535
vn 0.0114 0.2887 -0.9574
vn -0.0286 0.2945 -0.9552
vn 0.1285 0.4479 0.8848
vn 0.1947 0.3476 0.9172
vn 0.2690 -0.0371 0.9624
vn 0.0186 0.3919 0.9198
vn 0.0128 0.2459 0.9692
vn -0.0032 -0.1544 0.9880
vn -0.0890 0.4407 0.8932
vn -0.1656 0.3277 0.9302
vn -0.2646 -0.0730 0.9616
vn 0.1603 -0.7228 -0.6722
vn 0.1231 0.0837 -0.9889
vn 0.0727 0.3720 -0.9254
vn -0.0213 -0.7741 -0.6327
vn 0.0036 -0.0102 -0.9999
vn 0.0162 0.3490 -0.9370
vn -0.1907 -0.7507 -0.6325
vn -0.1125 0.0484 -0.9925
vn -0.0394 0.3674 -0.9292
vn 0.9258 -0.1227 0.3574
vn 0.9924 -0.1233 -0.0032
vn 0.9228 -0.1278 -0.3634
vn 0.9269 -0.1207 0.3553
vn 0.9925 -0.1226 -0.0011
vn 0.9259 -0.1228 -0.3572
vn 0.9274 -0.1195 0.3544
vn 0.9925 -0.1221 -0.0002
vn 0.9272 -0.1201 -0.3548
vn 0.3382 -0.1240 -0.9329
vn -0.0064 -0.1083 -0.9941
vn -0.3504 -0.0834 -0.9329
vn 0.3454 -0.1020 -0.9329
vn -0.0049 -0.0830 -0.9965
vn -0.3550 -0.0607 -0.9329
vn 0.3485 -0.0899 -0.9330
vn -0.0041 -0.0691 -0.9976
vn -0.3567 -0.0484 -0.9330
vn -0.9314 -0.0186 -0.3634
vn -1.0000 -0.0059 -0.0032
vn -0.9339 -0.0131 0.3574
vn -0.9339 -0.0132 -0.3572
vn -1.0000 -0.0051 -0.0011
vn -0.9347 -0.0110 0.3553
vn -0.9349 -0.0103 -0.3548
vn -1.0000 -0.0047 -0.0002
vn -0.9350 -0.0097 0.3544
vn -0.3531 -0.0674 0.9331
vn -0.0053 -0.0907 0.9959
vn 0.3428 -0.1084 0.9331
vn -0.3557 -0.0547 0.9330
vn -0.0045 -0.0764 0.9971
vn 0.3468 -0.0961 0.9330
vn -0.3568 -0.0468 0.9330
vn -0.0040 -0.0674 0.9977
vn 0.3488 -0.0884 0.9330
vn 0.9003 -0.2620 0.3476
vn 0.9929 -0.1179 -0.0146
vn 0.9182 -0.0032 -0.3960
vn 0.9115 -0.1828 0.3685
vn 0.9924 -0.1224 -0.0158
vn 0.9083 -0.0917 -0.4082
vn 0.9190 -0.1427 0.3676
vn 0.9921 -0.1246 -0.0118
vn 0.9107 -0.1282 -0.3928
vn 0.3077 0.0822 -0.9479
vn 0.0053 0.0902 -0.9959
vn -0.2959 0.1178 -0.9479
vn 0.2962 -0.1053 -0.9493
vn -0.0060 -0.1026 -0.9947
vn -0.3065 -0.0698 -0.9493
vn 0.3076 -0.1625 -0.9376
vn -0.0093 -0.1572 -0.9875
vn -0.3245 -0.1252 -0.9376
vn -0.9123 0.1047 -0.3960
vn -0.9999 -0.0005 -0.0146
vn -0.9248 -0.1544 0.3476
vn -0.9127 0.0157 -0.4082
vn -0.9999 -0.0050 -0.0158
vn -0.9267 -0.0745 0.3685
vn -0.9194 -0.0203 -0.3928
vn -0.9999 -0.0072 -0.0118
vn -0.9294 -0.0337 0.3676
vn -0.3430 -0.4332 0.8335
vn -0.0281 -0.4770 0.8784
vn 0.2897 -0.4705 0.8335
vn -0.3395 -0.2434 0.9086
vn -0.0164 -0.2780 0.9604
vn 0.3086 -0.2816 0.9086
vn -0.3424 -0.1368 0.9295
vn -0.0098 -0.1655 0.9862
vn 0.3239 -0.1761 0.9295
vn -0.9360 0.0588 -0.3470
vn -0.9916 -0.1288 -0.0115
vn -0.8915 -0.3322 0.3081
vn -0.9132 -0.0830 -0.3990
vn -0.9910 -0.1328 -0.0140
vn -0.9072 -0.2228 0.3569
vn -0.9071 -0.1446 -0.3953
vn -0.9906 -0.1364 -0.0133
vn -0.9169 -0.1617 0.3648
vn -0.2807 -0.6049 0.7451
vn 0.0353 -0.6169 0.7863
vn 0.3479 -0.5690 0.7451
vn -0.3046 -0.3670 0.8789
vn 0.0211 -0.3680 0.9296
vn 0.3445 -0.3298 0.8789
vn -0.3217 -0.2152 0.9221
vn 0.0119 -0.2075 0.9782
vn 0.3442 -0.1771 0.9221
vn 0.9236 -0.2283 0.3081
vn 0.9998 -0.0148 -0.0115
vn 0.9232 0.1652 -0.3470
vn 0.9267 -0.1178 0.3569
vn 0.9997 -0.0188 -0.0140
vn 0.9167 0.0218 -0.3990
vn 0.9294 -0.0560 0.3648
vn 0.9997 -0.0224 -0.0133
vn 0.9177 -0.0401 -0.3953
vn 0.3144 0.3120 -0.8965
vn -0.0168 0.2929 -0.9560
vn -0.3480 0.2741 -0.8965
vn 0.3066 -0.0951 -0.9471
vn 0.0081 -0.1418 -0.9899
vn -0.2938 -0.1295 -0.9471
vn 0.3199 -0.1839 -0.9294
vn 0.0128 -0.2233 -0.9747
vn -0.2969 -0.2192 -0.9294
vn -0.9208 -0.1402 -0.3640
vn -0.9909 -0.1345 -0.0040
vn -0.9246 -0.1338 0.3567
vn -0.9244 -0.1341 -0.3571
vn -0.9910 -0.1336 -0.0013
vn -0.9256 -0.1318 0.3548
vn -0.9258 -0.1313 -0.3545
vn -0.9911 -0.1332 -0.0003
vn -0.9261 -0.1307 0.3540
vn -0.3418 -0.1208 0.9320
vn 0.0059 -0.1037 0.9946
vn 0.3533 -0.0810 0.9320
vn -0.3460 -0.1073 0.9321
vn 0.0050 -0.0879 0.9961
vn 0.3560 -0.0671 0.9321
vn -0.3480 -0.1001 0.9321
vn 0.0045 -0.0794 0.9968
vn 0.3571 -0.0597 0.9321
vn 0.9338 -0.0274 0.3567
vn 0.9998 -0.0205 -0.0040
vn 0.9308 -0.0342 -0.3640
vn 0.9346 -0.0253 0.3548
vn 0.9998 -0.0196 -0.0013
vn 0.9337 -0.0277 -0.3571
vn 0.9349 -0.0241 0.3540
vn 0.9998 -0.0192 -0.0003
vn 0.9347 -0.0248 -0.3545
vn 0.3500 -0.1006 -0.9313
vn 0.0072 -0.1251 -0.9921
vn -0.3362 -0.1399 -0.9313
vn 0.3551 -0.0736 -0.9319
vn 0.0054 -0.0949 -0.9955
vn -0.3444 -0.1137 -0.9319
vn 0.3570 -0.0613 -0.9321
vn 0.0046 -0.0811 -0.9967
vn -0.3476 -0.1016 -0.9321
vn -0.9263 -0.1303 -0.3537
vn -0.9911 -0.1330 -0.0000
vn -0.9263 -0.1303 0.3537
vn -0.3487 -0.0972 0.9322
vn 0.0044 -0.0761 0.9971
vn 0.3575 -0.0568 0.9322
vn 0.9351 -0.0237 0.3537
vn 0.9351 -0.0237 -0.3537
vn 0.3575 -0.0568 -0.9322
vn 0.0044 -0.0761 -0.9971
vn -0.3487 -0.0972 -0.9322
vn -0.9270 -0.1263 -0.3531
vn -0.9917 -0.1285 -0.0000
vn -0.9270 -0.1263 0.3531
vn -0.9288 -0.1177 -0.3513
vn -0.9930 -0.1183 -0.0000
vn -0.9288 -0.1177 0.3513
vn -0.9322 -0.1029 -0.3470
vn -0.9949 -0.1010 -0.0000
vn -0.9322 -0.1029 0.3470
vn -0.3492 -0.0967 0.9320
vn 0.0048 -0.0758 0.9971
vn 0.3587 -0.0553 0.9318
vn -0.3505 -0.0956 0.9317
vn 0.0062 -0.0754 0.9971
vn 0.3622 -0.0522 0.9306
vn -0.3533 -0.0937 0.9308
vn 0.0095 -0.0746 0.9972
vn 0.3699 -0.0473 0.9279
vn 0.9355 -0.0178 0.3528
vn 0.9999 -0.0125 -0.0000
vn 0.9355 -0.0178 -0.3528
vn 0.9366 -0.0059 0.3505
vn 1.0000 0.0008 -0.0000
vn 0.9366 -0.0059 -0.3505
vn 0.9385 0.0116 0.3452
vn 0.9998 0.0203 -0.0000
vn 0.9385 0.0116 -0.3452
vn 0.3587 -0.0553 -0.9318
vn 0.0048 -0.0758 -0.9971
vn -0.3492 -0.0967 -0.9320
vn 0.3622 -0.0522 -0.9306
vn 0.0062 -0.0754 -0.9971
vn -0.3505 -0.0956 -0.9317
vn 0.3699 -0.0473 -0.9279
vn 0.0095 -0.0746 -0.9972
vn -0.3533 -0.0937 -0.9308
vn -0.9366 -0.1067 -0.3338
vn -0.9949 -0.1011 -0.0000
vn -0.9366 -0.1067 0.3338
vn -0.9163 -0.2006 -0.3467
vn -0.9789 -0.2041 -0.0000
vn -0.9163 -0.2006 0.3467
vn -0.8247 -0.3894 -0.4102
vn -0.9018 -0.4322 -0.0000
vn -0.8247 -0.3894 0.4102
vn -0.3507 -0.1058 0.9305
vn 0.0311 -0.0778 0.9965
vn 0.4046 -0.0346 0.9138
vn -0.3136 -0.1376 0.9395
vn 0.0631 -0.0866 0.9942
vn 0.4358 -0.0280 0.8996
vn -0.2227 -0.1738 0.9593
vn 0.1153 -0.0961 0.9887
vn 0.4804 -0.0200 0.8768
vn 0.9448 0.0589 0.3224
vn 0.9974 0.0721 -0.0000
vn 0.9448 0.0589 -0.3224
vn 0.9485 0.0905 0.3035
vn 0.9943 0.1066 -0.0000
vn 0.9485 0.0905 -0.3035
vn 0.9517 0.1295 0.2784
vn 0.9888 0.1489 -0.0000
vn 0.9517 0.1295 -0.2784
vn 0.4046 -0.0346 -0.9138
vn 0.0311 -0.0778 -0.9965
vn -0.3507 -0.1058 -0.9305
vn 0.4358 -0.0280 -0.8996
vn 0.0631 -0.0866 -0.9942
vn -0.3136 -0.1376 -0.9395
vn 0.4804 -0.0200 -0.8768
vn 0.1153 -0.0961 -0.9887
vn -0.2227 -0.1738 -0.9593
vn 0.8278 -0.5610 0.0045
vn 0.9975 -0.0704 -0.0093
vn 0.8979 0.4373 -0.0512
vn 0.8430 -0.5344 0.0621
vn 0.9964 -0.0839 -0.0151
vn 0.9165 0.3842 -0.1114
vn 0.8614 -0.4829 0.1576
vn 0.9944 -0.1039 -0.0180
vn 0.9344 0.2848 -0.2141
vn 0.2979 0.9429 -0.1488
vn 0.0580 0.9850 -0.1627
vn -0.1850 0.9714 -0.1488
vn 0.3200 0.9098 -0.2643
vn 0.0564 0.9576 -0.2826
vn -0.2110 0.9411 -0.2643
vn 0.3459 0.7808 -0.5203
vn 0.0490 0.8308 -0.5545
vn -0.2518 0.8160 -0.5203
vn -0.8403 0.5397 -0.0512
vn -0.9988 0.0472 -0.0093
vn -0.8880 -0.4599 0.0045
vn -0.8650 0.4892 -0.1114
vn -0.9993 0.0338 -0.0151
vn -0.8999 -0.4317 0.0621
vn -0.8945 0.3926 -0.2141
vn -0.9997 0.0136 -0.0180
vn -0.9121 -0.3784 0.1576
vn -0.2883 -0.9575 -0.0082
vn -0.0588 -0.9982 -0.0118
vn 0.1738 -0.9847 -0.0082
vn -0.3082 -0.9425 0.1292
vn -0.0583 -0.9896 0.1318
vn 0.1953 -0.9722 0.1292
vn -0.3310 -0.8732 0.3578
vn -0.0546 -0.9266 0.3722
vn 0.2261 -0.9060 0.3578
vn 0.6682 -0.6035 -0.4351
vn 0.8663 -0.0549 -0.4964
vn 0.7347 0.5146 -0.4420
vn 0.7535 -0.6244 -0.2057
vn 0.9744 -0.0638 -0.2158
vn 0.8255 0.5213 -0.2164
vn 0.7902 -0.6079 -0.0783
vn 0.9959 -0.0642 -0.0642
vn 0.8611 0.5009 -0.0870
vn 0.2124 0.9117 -0.3516
vn 0.0549 0.9318 -0.3589
vn -0.1039 0.9304 -0.3516
vn 0.2370 0.9427 -0.2346
vn 0.0571 0.9688 -0.2411
vn -0.1247 0.9641 -0.2346
vn 0.2584 0.9520 -0.1641
vn 0.0579 0.9827 -0.1760
vn -0.1447 0.9758 -0.1641
vn -0.6692 0.5973 -0.4420
vn -0.8668 0.0472 -0.4964
vn -0.7345 -0.5208 -0.4351
vn -0.7585 0.6147 -0.2164
vn -0.9751 0.0511 -0.2158
vn -0.8216 -0.5316 -0.2057
vn -0.7963 0.5986 -0.0870
vn -0.9965 0.0533 -0.0642
vn -0.8561 -0.5108 -0.0783
vn -0.2119 -0.9168 -0.3385
vn -0.0552 -0.9368 -0.3455
vn 0.1028 -0.9353 -0.3385
vn -0.2349 -0.9491 -0.2096
vn -0.0575 -0.9751 -0.2140
vn 0.1218 -0.9702 -0.2096
vn -0.2538 -0.9583 -0.1317
vn -0.0583 -0.9886 -0.1391
vn 0.1395 -0.9814 -0.1317
vn -0.7306 0.5063 -0.4581
vn -0.8578 -0.0531 -0.5113
vn -0.6673 -0.5929 -0.4508
vn -0.8256 0.5181 -0.2232
vn -0.9728 -0.0622 -0.2231
vn -0.7562 -0.6191 -0.2120
vn -0.8612 0.5006 -0.0879
vn -0.9959 -0.0625 -0.0657
vn -0.7923 -0.6050 -0.0789
vn -0.1064 -0.9305 -0.3505
vn 0.0534 -0.9324 -0.3574
vn 0.2119 -0.9123 -0.3505
vn -0.1253 -0.9692 -0.2121
vn 0.0558 -0.9748 -0.2160
vn 0.2351 -0.9485 -0.2121
vn -0.1421 -0.9813 -0.1299
vn 0.0566 -0.9889 -0.1370
vn 0.2532 -0.9587 -0.1299
vn 0.7306 -0.5129 -0.4508
vn 0.8582 0.0451 -0.5113
vn 0.6681 0.5864 -0.4581
vn 0.8219 -0.5287 -0.2120
vn 0.9735 0.0493 -0.2231
vn 0.7611 0.6090 -0.2232
vn 0.8562 -0.5106 -0.0789
vn 0.9965 0.0516 -0.0657
vn 0.7984 0.5956 -0.0879
vn 0.1075 0.9250 -0.3645
vn -0.0531 0.9268 -0.3717
vn -0.2124 0.9067 -0.3644
vn 0.1281 0.9627 -0.2382
vn -0.0554 0.9681 -0.2443
vn -0.2372 0.9418 -0.2382
vn 0.1473 0.9756 -0.1627
vn -0.0563 0.9831 -0.1744
vn -0.2577 0.9524 -0.1627
vn -0.8940 0.4467 -0.0363
vn -0.9979 -0.0648 -0.0073
vn -0.8281 -0.5605 -0.0045
vn -0.9072 0.4156 -0.0653
vn -0.9973 -0.0727 -0.0114
vn -0.8399 -0.5419 0.0319
vn -0.9231 0.3611 -0.1319
vn -0.9958 -0.0900 -0.0180
vn -0.8524 -0.5137 0.0970
vn -0.1737 -0.9845 -0.0257
vn 0.0571 -0.9979 -0.0295
vn 0.2849 -0.9582 -0.0257
vn -0.1899 -0.9794 0.0684
vn 0.0570 -0.9959 0.0695
vn 0.3004 -0.9513 0.0684
vn -0.2126 -0.9488 0.2336
vn 0.0554 -0.9683 0.2436
vn 0.3195 -0.9183 0.2336
vn 0.8867 -0.4624 -0.0045
vn 0.9987 0.0495 -0.0073
vn 0.8372 0.5458 -0.0363
vn 0.8962 -0.4425 0.0319
vn 0.9991 0.0416 -0.0114
vn 0.8538 0.5165 -0.0653
vn 0.9055 -0.4131 0.0970
vn 0.9995 0.0243 -0.0180
vn 0.8759 0.4641 -0.1319
vn 0.1834 0.9762 -0.1154
vn -0.0567 0.9902 -0.1273
vn -0.2936 0.9489 -0.1154
vn 0.1989 0.9686 -0.1489
vn -0.0564 0.9857 -0.1589
vn -0.3081 0.9396 -0.1489
vn 0.2197 0.9400 -0.2612
vn -0.0550 0.9609 -0.2713
vn -0.3255 0.9088 -0.2612
vn 0.9467 -0.0005 -0.3220
vn 0.9999 0.0119 -0.0000
vn 0.9467 -0.0005 0.3220
vn 0.9351 0.0858 -0.3439
vn 0.9959 0.0906 -0.0000
vn 0.9351 0.0858 0.3439
vn 0.9208 0.1616 -0.3549
vn 0.9856 0.1689 -0.0000
vn 0.9208 0.1616 0.3549
vn 0.2984 0.0575 0.9527
vn 0.0001 0.0818 0.9966
vn -0.2986 0.0636 0.9523
vn 0.3146 0.0670 0.9469
vn -0.0010 0.0646 0.9979
vn -0.3164 0.0694 0.9461
vn 0.2858 0.0649 0.9561
vn -0.0029 0.0407 0.9992
vn -0.2914 0.0646 0.9544
vn -0.9460 0.0196 0.3236
vn -0.9995 0.0314 -0.0000
vn -0.9460 0.0196 -0.3236
vn -0.9345 0.0933 0.3436
vn -0.9952 0.0981 -0.0000
vn -0.9345 0.0933 -0.3436
vn -0.9217 0.1623 0.3522
vn -0.9856 0.1693 -0.0000
vn -0.9217 0.1623 -0.3522
vn -0.2986 0.0636 -0.9523
vn 0.0001 0.0818 -0.9966
vn 0.2984 0.0575 -0.9527
vn -0.3164 0.0694 -0.9461
vn -0.0010 0.0646 -0.9979
vn 0.3146 0.0670 -0.9469
vn -0.2914 0.0646 -0.9544
vn -0.0029 0.0407 -0.9992
vn 0.2858 0.0649 -0.9561
vn 0.0742 -0.9349 0.3471
vn 0.0936 -0.9956 -0.0000
vn 0.0742 -0.9349 -0.3471
vn -0.1153 -0.9363 0.3317
vn -0.1035 -0.9946 -0.0000
vn -0.1153 -0.9363 -0.3317
vn -0.4118 -0.8658 0.2841
vn -0.4108 -0.9117 -0.0000
vn -0.4118 -0.8658 -0.2841
vn -0.0781 -0.3865 -0.9190
vn -0.1697 -0.0510 -0.9842
vn -0.2691 0.2824 -0.9208
vn -0.1895 -0.3948 -0.8990
vn -0.2355 -0.0569 -0.9702
vn -0.3000 0.2779 -0.9125
vn -0.3643 -0.3899 -0.8457
vn -0.3300 -0.0568 -0.9423
vn -0.3331 0.2784 -0.9009
vn -0.4403 0.8265 -0.3507
vn -0.4590 0.8885 -0.0000
vn -0.4403 0.8265 0.3507
vn -0.4416 0.8247 -0.3534
vn -0.4596 0.8881 -0.0000
vn -0.4416 0.8247 0.3534
vn -0.4308 0.8271 -0.3611
vn -0.4502 0.8929 -0.0000
vn -0.4308 0.8271 0.3611
vn -0.2691 0.2824 0.9208
vn -0.1697 -0.0510 0.9842
vn -0.0781 -0.3865 0.9190
vn -0.3000 0.2779 0.9125
vn -0.2355 -0.0569 0.9702
vn -0.1895 -0.3948 0.8990
vn -0.3331 0.2784 0.9009
vn -0.3300 -0.0568 0.9423
vn -0.3643 -0.3899 0.8457
vn 0.3839 -0.8525 0.3547
vn 0.4115 -0.9114 -0.0000
vn 0.3839 -0.8525 -0.3547
vn 0.3462 -0.8685 0.3548
vn 0.3731 -0.9278 -0.0000
vn 0.3462 -0.8685 -0.3548
vn 0.2835 -0.8911 0.3543
vn 0.3090 -0.9511 -0.0000
vn 0.2835 -0.8911 -0.3543
vn 0.1391 -0.3258 -0.9351
vn -0.0101 -0.0037 -0.9999
vn -0.1591 0.3184 -0.9345
vn 0.1107 -0.3369 -0.9350
vn -0.0322 -0.0120 -0.9994
vn -0.1756 0.3124 -0.9336
vn 0.0643 -0.3531 -0.9334
vn -0.0681 -0.0247 -0.9974
vn -0.2019 0.3029 -0.9314
vn -0.4018 0.8445 -0.3541
vn -0.4288 0.9034 -0.0000
vn -0.4018 0.8445 0.3541
vn -0.4082 0.8417 -0.3534
vn -0.4337 0.9010 -0.0000
vn -0.4082 0.8417 0.3534
vn -0.4185 0.8371 -0.3524
vn -0.4418 0.8971 -0.0000
vn -0.4185 0.8371 0.3524
vn -0.1591 0.3184 0.9345
vn -0.0101 -0.0037 0.9999
vn 0.1391 -0.3258 0.9351
vn -0.1756 0.3124 0.9336
vn -0.0322 -0.0120 0.9994
vn 0.1107 -0.3369 0.9350
vn -0.2019 0.3029 0.9314
vn -0.0681 -0.0247 0.9974
vn 0.0643 -0.3531 0.9334
vn 0.3997 -0.8452 -0.3547
vn 0.3998 -0.8452 0.3547
vn 0.4276 -0.9040 -0.0000
vn 0.3998 -0.8452 -0.3547
vn 0.4000 -0.8451 0.3547
vn 0.4279 -0.9038 -0.0000
vn 0.4000 -0.8451 -0.3547
vn 0.1517 -0.3207 -0.9350
vn 0.1517 -0.3207 -0.9349
vn -0.1516 0.3208 -0.9349
vn -0.3996 0.8453 -0.3547
vn -0.4274 0.9041 -0.0000
vn -0.3995 0.8453 -0.3547
vn -0.4272 0.9041 -0.0000
vn -0.3995 0.8453 0.3547
vn -0.3993 0.8454 -0.3547
vn -0.3993 0.8454 0.3547
vn 0.1517 -0.3207 0.9350
vn -0.1516 0.3208 0.9349
vn 0.1517 -0.3207 0.9349
vn 0.0223 -0.9432 0.3316
vn 0.0292 -0.9996 -0.0000
vn 0.0223 -0.9432 -0.3316
vn 0.2466 -0.9026 0.3527
vn 0.2750 -0.9615 -0.0000
vn 0.2466 -0.9026 -0.3527
vn 0.3584 -0.8634 0.3551
vn 0.3871 -0.9220 -0.0000
vn 0.3584 -0.8634 -0.3551
vn -0.2045 -0.4635 -0.8622
vn -0.3624 -0.1714 -0.9161
vn -0.4879 0.1361 -0.8622
vn 0.0035 -0.3885 -0.9214
vn -0.1468 -0.0694 -0.9867
vn -0.2981 0.2493 -0.9214
vn 0.1110 -0.3403 -0.9337
vn -0.0399 -0.0189 -0.9990
vn -0.1925 0.3017 -0.9337
vn -0.7148 0.6158 -0.3316
vn -0.7540 0.6569 -0.0000
vn -0.7148 0.6158 0.3316
vn -0.5411 0.7634 -0.3527
vn -0.5686 0.8226 -0.0000
vn -0.5411 0.7634 0.3527
vn -0.4399 0.8249 -0.3551
vn -0.4670 0.8843 -0.0000
vn -0.4399 0.8249 0.3551
vn -0.4879 0.1361 0.8622
vn -0.3624 -0.1714 0.9161
vn -0.2045 -0.4635 0.8622
vn -0.2981 0.2493 0.9214
vn -0.1468 -0.0694 0.9867
vn 0.0035 -0.3885 0.9214
vn -0.1925 0.3017 0.9337
vn -0.0399 -0.0189 0.9990
vn 0.1110 -0.3403 0.9337
vn -0.1357 -0.9274 -0.3487
vn -0.1582 -0.9874 -0.0000
vn -0.1357 -0.9274 0.3487
vn 0.0040 -0.9409 -0.3387
vn -0.0138 -0.9999 -0.0000
vn 0.0040 -0.9409 0.3387
vn 0.2427 -0.9201 -0.3074
vn 0.2334 -0.9724 -0.0000
vn 0.2427 -0.9201 0.3074
vn 0.0453 -0.3848 0.9219
vn 0.1534 -0.0529 0.9867
vn 0.2677 0.2765 0.9230
vn 0.1322 -0.3967 0.9084
vn 0.2076 -0.0608 0.9763
vn 0.2961 0.2701 0.9162
vn 0.2735 -0.4038 0.8730
vn 0.2865 -0.0652 0.9558
vn 0.3265 0.2681 0.9064
vn 0.4608 0.8148 0.3516
vn 0.4819 0.8762 -0.0000
vn 0.4608 0.8148 -0.3516
vn 0.4684 0.8095 0.3539
vn 0.4895 0.8720 -0.0000
vn 0.4684 0.8095 -0.3539
vn 0.4637 0.8093 0.3606
vn 0.4861 0.8739 -0.0000
vn 0.4637 0.8093 -0.3606
vn 0.2677 0.2765 -0.9230
vn 0.1534 -0.0529 -0.9867
vn 0.0453 -0.3848 -0.9219
vn 0.2961 0.2701 -0.9162
vn 0.2076 -0.0608 -0.9763
vn 0.1322 -0.3967 -0.9084
vn 0.3265 0.2681 -0.9064
vn 0.2865 -0.0652 -0.9558
vn 0.2735 -0.4038 -0.8730
vn -0.3657 -0.8605 -0.3548
vn -0.3920 -0.9200 -0.0000
vn -0.3657 -0.8605 0.3548
vn -0.3346 -0.8731 -0.3547
vn -0.3606 -0.9327 -0.0000
vn -0.3346 -0.8731 0.3547
vn -0.2861 -0.8904 -0.3541
vn -0.3115 -0.9502 -0.0000
vn -0.2861 -0.8904 0.3541
vn -0.1321 -0.3289 0.9351
vn 0.0103 -0.0040 0.9999
vn 0.1530 0.3208 0.9347
vn -0.1064 -0.3390 0.9347
vn 0.0324 -0.0128 0.9994
vn 0.1720 0.3131 0.9340
vn -0.0666 -0.3537 0.9330
vn 0.0664 -0.0258 0.9975
vn 0.2009 0.3013 0.9321
vn 0.3858 0.8518 0.3544
vn 0.4118 0.9113 -0.0000
vn 0.3858 0.8518 -0.3544
vn 0.3992 0.8458 0.3540
vn 0.4242 0.9056 -0.0000
vn 0.3992 0.8458 -0.3540
vn 0.4195 0.8362 0.3532
vn 0.4431 0.8965 -0.0000
vn 0.4195 0.8362 -0.3532
vn 0.1530 0.3208 -0.9347
vn 0.0103 -0.0040 -0.9999
vn -0.1321 -0.3289 -0.9351
vn 0.1720 0.3131 -0.9340
vn 0.0325 -0.0128 -0.9994
vn -0.1064 -0.3390 -0.9347
vn 0.2009 0.3013 -0.9321
vn 0.0664 -0.0258 -0.9975
vn -0.0666 -0.3537 -0.9330
vn -0.4062 -0.9138 -0.0000
vn -0.3798 -0.8544 -0.3547
vn -0.3798 -0.8544 0.3547
vn -0.3798 -0.8543 -0.3547
vn -0.3798 -0.8543 0.3547
vn 0.3796 0.8544 0.3547
vn 0.4060 0.9139 -0.0000
vn 0.3796 0.8544 -0.3547
vn -0.3614 -0.8623 -0.3547
vn -0.3881 -0.9216 -0.0000
vn -0.3614 -0.8623 0.3547
vn -0.3712 -0.8581 -0.3547
vn -0.3978 -0.9175 -0.0000
vn -0.3712 -0.8581 0.3547
vn -0.3771 -0.8555 -0.3547
vn -0.4036 -0.9150 -0.0000
vn -0.3771 -0.8555 0.3547
vn -0.1258 -0.3322 0.9348
vn 0.0180 -0.0080 0.9998
vn 0.1623 0.3160 0.9348
vn -0.1356 -0.3279 0.9349
vn 0.0084 -0.0037 1.0000
vn 0.1525 0.3204 0.9349
vn -0.1415 -0.3253 0.9350
vn 0.0026 -0.0011 1.0000
vn 0.1467 0.3230 0.9350
vn 0.3979 0.8461 0.3547
vn 0.4241 0.9056 -0.0000
vn 0.3979 0.8461 -0.3547
vn 0.3882 0.8506 0.3547
vn 0.4145 0.9101 -0.0000
vn 0.3882 0.8506 -0.3547
vn 0.3823 0.8532 0.3548
vn 0.4087 0.9127 -0.0000
vn 0.3823 0.8532 -0.3547
vn 0.1623 0.3160 -0.9348
vn 0.0180 -0.0080 -0.9998
vn -0.1258 -0.3322 -0.9348
vn 0.1525 0.3204 -0.9349
vn 0.0084 -0.0037 -1.0000
vn -0.1356 -0.3279 -0.9349
vn 0.1467 0.3230 -0.9350
vn 0.0026 -0.0011 -1.0000
vn -0.1415 -0.3253 -0.9350
vn -0.2441 -0.9039 -0.3512
vn -0.2718 -0.9623 -0.0000
vn -0.2441 -0.9039 0.3512
vn -0.2980 -0.8867 -0.3534
vn -0.3253 -0.9456 -0.0000
vn -0.2980 -0.8867 0.3534
vn -0.3280 -0.8758 -0.3542
vn -0.3550 -0.9349 -0.0000
vn -0.3280 -0.8758 0.3542
vn -0.0110 -0.3794 0.9252
vn 0.1302 -0.0578 0.9898
vn 0.2743 0.2624 0.9252
vn -0.0633 -0.3587 0.9313
vn 0.0793 -0.0353 0.9962
vn 0.2238 0.2873 0.9313
vn -0.0927 -0.3464 0.9335
vn 0.0505 -0.0225 0.9985
vn 0.1950 0.3010 0.9335
vn 0.5074 0.7869 0.3512
vn 0.5322 0.8466 -0.0000
vn 0.5074 0.7869 -0.3512
vn 0.4585 0.8154 0.3534
vn 0.4839 0.8751 -0.0000
vn 0.4585 0.8154 -0.3534
vn 0.4303 0.8303 0.3542
vn 0.4560 0.8900 -0.0000
vn 0.4303 0.8303 -0.3542
vn 0.2743 0.2624 -0.9252
vn 0.1302 -0.0578 -0.9898
vn -0.0110 -0.3794 -0.9252
vn 0.2238 0.2873 -0.9313
vn 0.0793 -0.0353 -0.9962
vn -0.0633 -0.3587 -0.9313
vn 0.1950 0.3010 -0.9335
vn 0.0505 -0.0225 -0.9985
vn -0.0927 -0.3464 -0.9335
vn 0.9061 0.2211 -0.3608
vn 0.9763 0.2158 -0.0129
vn 0.9215 0.1807 0.3437
vn 0.9321 0.0065 -0.3621
vn 0.9998 -0.0209 0.0067
vn 0.9241 -0.0764 0.3745
vn 0.9197 -0.2410 -0.3101
vn 0.9604 -0.2718 0.0615
vn 0.8547 -0.3217 0.4075
vn 0.3540 0.0272 0.9348
vn -0.0000 -0.0051 1.0000
vn -0.3540 0.0272 0.9348
vn 0.3290 -0.2237 0.9174
vn -0.0000 -0.2480 0.9688
vn -0.3290 -0.2237 0.9174
vn 0.2829 -0.4170 0.8637
vn -0.0000 -0.4297 0.9030
vn -0.2829 -0.4170 0.8637
vn -0.9215 0.1807 0.3437
vn -0.9763 0.2158 -0.0129
vn -0.9061 0.2211 -0.3608
vn -0.9241 -0.0764 0.3745
vn -0.9998 -0.0209 0.0067
vn -0.9321 0.0065 -0.3621
vn -0.8547 -0.3217 0.4075
vn -0.9604 -0.2718 0.0615
vn -0.9197 -0.2410 -0.3101
vn -0.3422 0.1894 -0.9203
vn -0.0000 0.1800 -0.9837
vn 0.3422 0.1894 -0.9203
vn -0.3461 0.0150 -0.9381
vn -0.0000 0.0135 -0.9999
vn 0.3461 0.0150 -0.9381
vn -0.3500 -0.2133 -0.9121
vn -0.0000 -0.2085 -0.9780
vn 0.3500 -0.2133 -0.9121
vn 0.3567 0.9320 -0.0651
vn 0.3623 0.9312 0.0399
vn 0.3552 0.9237 0.1436
vn 0.5137 0.8468 -0.1381
vn 0.5213 0.8528 0.0306
vn 0.4952 0.8472 0.1926
vn 0.6881 0.6874 -0.2323
vn 0.7099 0.7043 0.0118
vn 0.6680 0.7011 0.2495
vn 0.1580 0.9102 0.3830
vn -0.0000 0.9109 0.4127
vn -0.1580 0.9102 0.3830
vn 0.2165 0.8101 0.5449
vn -0.0000 0.8019 0.5974
vn -0.2165 0.8101 0.5449
vn 0.2842 0.6264 0.7258
vn -0.0000 0.6058 0.7956
vn -0.2842 0.6264 0.7258
vn -0.3553 0.9237 0.1436
vn -0.3623 0.9312 0.0399
vn -0.3567 0.9320 -0.0651
vn -0.4952 0.8472 0.1926
vn -0.5213 0.8528 0.0306
vn -0.5137 0.8468 -0.1381
vn -0.6680 0.7011 0.2495
vn -0.7099 0.7043 0.0118
vn -0.6881 0.6874 -0.2323
vn -0.1565 0.9378 -0.3101
vn -0.0000 0.9410 -0.3384
vn 0.1565 0.9378 -0.3101
vn -0.2307 0.8211 -0.5221
vn -0.0000 0.8156 -0.5786
vn 0.2307 0.8211 -0.5221
vn -0.2965 0.6199 -0.7265
vn -0.0000 0.6031 -0.7976
vn 0.2965 0.6199 -0.7265
vn 0.6035 -0.7969 0.0257
vn 0.6017 -0.7558 0.2585
vn 0.5146 -0.7264 0.4556
vn 0.4166 -0.8928 0.1715
vn 0.4317 -0.8433 0.3202
vn 0.3864 -0.8006 0.4579
vn 0.3428 -0.9119 0.2257
vn 0.3811 -0.8634 0.3307
vn 0.3864 -0.8092 0.4426
vn 0.1692 -0.6814 0.7120
vn -0.0002 -0.6754 0.7374
vn -0.1692 -0.6823 0.7112
vn 0.1381 -0.7314 0.6678
vn -0.0012 -0.7224 0.6914
vn -0.1386 -0.7345 0.6643
vn 0.1458 -0.7150 0.6837
vn -0.0046 -0.7073 0.7069
vn -0.1500 -0.7243 0.6730
vn -0.5125 -0.7280 0.4554
vn -0.5995 -0.7573 0.2591
vn -0.6017 -0.7983 0.0270
vn -0.3785 -0.8051 0.4568
vn -0.4232 -0.8469 0.3221
vn -0.4095 -0.8952 0.1758
vn -0.3599 -0.8226 0.4403
vn -0.3560 -0.8717 0.3367
vn -0.3234 -0.9159 0.2377
vn -0.2497 -0.8767 -0.4111
vn -0.0002 -0.8835 -0.4684
vn 0.2496 -0.8761 -0.4124
vn -0.1628 -0.9825 -0.0903
vn -0.0011 -0.9920 -0.1259
vn 0.1624 -0.9822 -0.0946
vn -0.1202 -0.9910 0.0597
vn -0.0046 -0.9994 0.0346
vn 0.1157 -0.9921 0.0482
vn 0.8246 -0.5621 -0.0641
vn 0.8242 -0.5664 -0.0000
vn 0.8246 -0.5621 0.0641
vn 0.5442 -0.8159 -0.1954
vn 0.5331 -0.8460 -0.0000
vn 0.5442 -0.8159 0.1954
vn 0.1432 -0.9419 -0.3037
vn 0.1189 -0.9929 -0.0000
vn 0.1432 -0.9419 0.3037
vn 0.8711 -0.4574 0.1787
vn 0.8984 -0.3993 0.1828
vn 0.9232 -0.3401 0.1787
vn 0.6779 -0.5151 0.5246
vn 0.7592 -0.3374 0.5566
vn 0.8366 -0.1580 0.5246
vn 0.3458 -0.4861 0.8026
vn 0.4678 -0.2079 0.8590
vn 0.5925 0.0690 0.8026
vn 0.9698 -0.2354 0.0641
vn 0.9727 -0.2322 -0.0000
vn 0.9698 -0.2354 -0.0641
vn 0.9703 0.1428 0.1954
vn 0.9852 0.1712 -0.0000
vn 0.9703 0.1428 -0.1954
vn 0.7951 0.5249 0.3037
vn 0.8167 0.5771 -0.0000
vn 0.7951 0.5249 -0.3037
vn 0.9232 -0.3401 -0.1787
vn 0.8984 -0.3993 -0.1828
vn 0.8711 -0.4574 -0.1787
vn 0.8366 -0.1580 -0.5246
vn 0.7592 -0.3374 -0.5566
vn 0.6779 -0.5151 -0.5246
vn 0.5925 0.0690 -0.8026
vn 0.4678 -0.2079 -0.8590
vn 0.3458 -0.4861 -0.8026
s 1
usemtl Material
f 1151//449 1152//450 1155//450 1154//449
f 1152//450 1153//451 1156//451 1155//450
f 1154//449 1155//450 1158//450 1157//449
f 1155//450 1156//451 1159//451 1158//450
f 71//71 470//449 1151//449 467//71
f 470//449 471//450 1152//450 1151//449
f 471//450 472//451 1153//451 1152//450
f 472//451 72//72 473//72 1153//451
f 1153//451 473//72 474//72 1156//451
f 1156//451 474//72 475//72 1159//451
f 1159//451 475//72 68//68 448//436
f 1158//450 1159//451 448//436 447//435
f 1157//449 1158//450 447//435 446//434
f 469//71 1157//449 446//434 67//67
f 468//71 1154//449 1157//449 469//71
f 467//71 1151//449 1154//449 468//71
f 1160//446 1161//447 1164//447 1163//446
f 1161//447 1162//448 1165//448 1164//447
f 1163//446 1164//447 1167//447 1166//446
f 1164//447 1165//448 1168//448 1167//447
f 70//70 464//446 1160//446 461//70
f 464//446 465//447 1161//447 1160//446
f 465//447 466//448 1162//448 1161//447
f 466//448 71//71 467//71 1162//448
f 1162//448 467//71 468//71 1165//448
f 1165//448 468//71 469//71 1168//448
f 1168//448 469//71 67//67 442//430
f 1167//447 1168//448 442//430 441//429
f 1166//446 1167//447 441//429 440//428
f 463//70 1166//446 440//428 66//66
f 462//70 1163//446 1166//446 463//70
f 461//70 1160//446 1163//446 462//70
f 1169//443 1170//444 1173//444 1172//443
f 1170//444 1171//445 1174//445 1173//444
f 1172//443 1173//444 1176//444 1175//443
f 1173//444 1174//445 1177//445 1176//444
f 69//69 458//443 1169//443 457//69
f 458//443 459//444 1170//444 1169//443
f 459//444 460//445 1171//445 1170//444
f 460//445 70//70 461//70 1171//445
f 1171//445 461//70 462//70 1174//445
f 1174//445 462//70 463//70 1177//445
f 1177//445 463//70 66//66 436//424
f 1176//444 1177//445 436//424 435//423
f 1175//443 1176//444 435//423 434//422
f 455//69 1175//443 434//422 65//65
f 456//69 1172//443 1175//443 455//69
f 457//69 1169//443 1172//443 456//69
f 1178//997 1179//998 1182//768 1181//1000
f 1179//998 1180//999 1183//1001 1182//768
f 1181//1000 1182//768 1185//1003 1184//1002
f 1182//768 1183//1001 1186//1004 1185//1003
f 24//24 263//251 1178//997 280//268
f 263//251 264//252 1179//998 1178//997
f 264//252 265//253 1180//999 1179//998
f 265//253 23//23 245//233 1180//999
f 1180//999 245//233 246//234 1183//1001
f 1183//1001 246//234 247//235 1186//1004
f 1186//1004 247//235 22//22 236//224
f 1185//1003 1186//1004 236//224 237//225
f 1184//1002 1185//1003 237//225 238//226
f 278//266 1184//1002 238//226 21//21
f 279//267 1181//1000 1184//1002 278//266
f 280//268 1178//997 1181//1000 279//267
f 1187//1005 1188//1006 1191//1009 1190//1008
f 1188//1006 1189//1007 1192//1010 1191//1009
f 1190//1008 1191//1009 1194//1012 1193//1011
f 1191//1009 1192//1010 1195//1013 1194//1012
f 68//68 452//440 1187//1005 449//437
f 452//440 453//441 1188//1006 1187//1005
f 453//441 454//442 1189//1007 1188//1006
f 454//442 65//65 433//421 1189//1007
f 1189//1007 433//421 432//420 1192//1010
f 1192//1010 432//420 431//419 1195//1013
f 1195//1013 431//419 61//61 430//418
f 1194//1012 1195//1013 430//418 429//417
f 1193//1011 1194//1012 429//417 428//416
f 451//439 1193//1011 428//416 64//64
f 450//438 1190//1008 1193//1011 451//439
f 449//437 1187//1005 1190//1008 450//438
f 1196//1014 1197//1015 1200//1018 1199//1017
f 1197//1015 1198//1016 1201//1019 1200//1018
f 1199//1017 1200//1018 1203//1021 1202//1020
f 1200//1018 1201//1019 1204//1022 1203//1021
f 67//67 446//434 1196//1014 443//431
f 446//434 447//435 1197//1015 1196//1014
f 447//435 448//436 1198//1016 1197//1015
f 448//436 68//68 449//437 1198//1016
f 1198//1016 449//437 450//438 1201//1019
f 1201//1019 450//438 451//439 1204//1022
f 1204//1022 451//439 64//64 424//412
f 1203//1021 1204//1022 424//412 423//411
f 1202//1020 1203//1021 423//411 422//410
f 445//433 1202//1020 422//410 63//63
f 444//432 1199//1017 1202//1020 445//433
f 443//431 1196//1014 1199//1017 444//432
f 1206//1024 1207//1025 1205//1023 1211//1029
f 1208//1026 1209//1027 1205//1023 1207//1025
f 1210//1028 1211//1029 1205//1023 1209//1027
f 2//2 206//194 1206//1024 203//191
f 206//194 207//195 1207//1025 1206//1024
f 203//191 1206//1024 1211//1029 204//192
f 3//3 181//169 1208//1026 208//196
f 181//169 180//168 1209//1027 1208//1026
f 208//196 1208//1026 1207//1025 207//195
f 108//108 205//193 1210//1028 179//167
f 205//193 204//192 1211//1029 1210//1028
f 179//167 1210//1028 1209//1027 180//168
f 1212//1030 1213//1031 1216//1034 1215//1033
f 1213//1031 1214//1032 1217//1035 1216//1034
f 1215//1033 1216//1034 1219//1037 1218//1036
f 1216//1034 1217//1035 1220//1038 1219//1037
f 110//110 356//344 1212//1030 314//302
f 356//344 357//345 1213//1031 1212//1030
f 357//345 358//346 1214//1032 1213//1031
f 358//346 166//154 368//356 1214//1032
f 1214//1032 368//356 369//357 1217//1035
f 1217//1035 369//357 370//358 1220//1038
f 1220//1038 370//358 165//153 353//341
f 1219//1037 1220//1038 353//341 354//342
f 1218//1036 1219//1037 354//342 355//343
f 316//304 1218//1036 355//343 139//131
f 315//303 1215//1033 1218//1036 316//304
f 314//302 1212//1030 1215//1033 315//303
f 1221//1039 1222//1040 1225//1043 1224//1042
f 1222//1040 1223//1041 1226//1044 1225//1043
f 1224//1042 1225//1043 1228//1046 1227//1045
f 1225//1043 1226//1044 1229//1047 1228//1046
f 66//66 440//428 1221//1039 437//425
f 440//428 441//429 1222//1040 1221//1039
f 441//429 442//430 1223//1041 1222//1040
f 442//430 67//67 443//431 1223//1041
f 1223//1041 443//431 444//432 1226//1044
f 1226//1044 444//432 445//433 1229//1047
f 1229//1047 445//433 63//63 418//406
f 1228//1046 1229//1047 418//406 417//405
f 1227//1045 1228//1046 417//405 416//404
f 439//427 1227//1045 416//404 62//62
f 438//426 1224//1042 1227//1045 439//427
f 437//425 1221//1039 1224//1042 438//426
f 1230//1048 1231//1049 1234//1052 1233//1051
f 1231//1049 1232//1050 1235//1053 1234//1052
f 1233//1051 1234//1052 1237//1055 1236//1054
f 1234//1052 1235//1053 1238//1056 1237//1055
f 65//65 434//422 1230//1048 433//421
f 434//422 435//423 1231//1049 1230//1048
f 435//423 436//424 1232//1050 1231//1049
f 436//424 66//66 437//425 1232//1050
f 1232//1050 437//425 438//426 1235//1053
f 1235//1053 438//426 439//427 1238//1056
f 1238//1056 439//427 62//62 412//400
f 1237//1055 1238//1056 412//400 411//399
f 1236//1054 1237//1055 411//399 410//398
f 431//419 1236//1054 410//398 61//61
f 432//420 1233//1051 1236//1054 431//419
f 433//421 1230//1048 1233//1051 432//420
f 1239//1057 1240//1058 1243//1061 1242//1060
f 1240//1058 1241//1059 1244//1062 1243//1061
f 1242//1060 1243//1061 1246//1064 1245//1063
f 1243//1061 1244//1062 1247//1065 1246//1064
f 64//64 428//416 1239//1057 425//413
f 428//416 429//417 1240//1058 1239//1057
f 429//417 430//418 1241//1059 1240//1058
f 430//418 61//61 409//397 1241//1059
f 1241//1059 409//397 408//396 1244//1062
f 1244//1062 408//396 407//395 1247//1065
f 1247//1065 407//395 1//1 212//200
f 1246//1064 1247//1065 212//200 213//201
f 1245//1063 1246//1064 213//201 214//202
f 427//415 1245//1063 214//202 4//4
f 426//414 1242//1060 1245//1063 427//415
f 425//413 1239//1057 1242//1060 426//414
f 1249//1067 1250//1068 1248//1066 1254//1072
f 1251//1069 1252//1070 1248//1066 1250//1068
f 1253//1071 1254//1072 1248//1066 1252//1070
f 4//4 214//202 1249//1067 170//158
f 214//202 213//201 1250//1068 1249//1067
f 170//158 1249//1067 1254//1072 171//159
f 1//1 226//214 1251//1069 212//200
f 226//214 225//213 1252//1070 1251//1069
f 212//200 1251//1069 1250//1068 213//201
f 107//107 172//160 1253//1071 224//212
f 172//160 171//159 1254//1072 1253//1071
f 224//212 1253//1071 1252//1070 225//213
f 1255//1073 1256//1074 1259//1077 1258//1076
f 1256//1074 1257//1075 1260//1078 1259//1077
f 1258//1076 1259//1077 1262//1080 1261//1079
f 1259//1077 1260//1078 1263//1081 1262//1080
f 63//63 422//410 1255//1073 419//407
f 422//410 423//411 1256//1074 1255//1073
f 423//411 424//412 1257//1075 1256//1074
f 424//412 64//64 425//413 1257//1075
f 1257//1075 425//413 426//414 1260//1078
f 1260//1078 426//414 427//415 1263//1081
f 1263//1081 427//415 4//4 169//157
f 1262//1080 1263//1081 169//157 168//156
f 1261//1079 1262//1080 168//156 167//155
f 421//409 1261//1079 167//155 3//3
f 420//408 1258//1076 1261//1079 421//409
f 419//407 1255//1073 1258//1076 420//408
f 1264//1082 1265//1083 1268//1086 1267//1085
f 1265//1083 1266//1084 1269//1087 1268//1086
f 1267//1085 1268//1086 1271//1089 1270//1088
f 1268//1086 1269//1087 1272//1090 1271//1089
f 62//62 416//404 1264//1082 413//401
f 416//404 417//405 1265//1083 1264//1082
f 417//405 418//406 1266//1084 1265//1083
f 418//406 63//63 419//407 1266//1084
f 1266//1084 419//407 420//408 1269//1087
f 1269//1087 420//408 421//409 1272//1090
f 1272//1090 421//409 3//3 208//196
f 1271//1089 1272//1090 208//196 207//195
f 1270//1088 1271//1089 207//195 206//194
f 415//403 1270//1088 206//194 2//2
f 414//402 1267//1085 1270//1088 415//403
f 413//401 1264//1082 1267//1085 414//402
f 1274//1092 1275//1093 1273//1091 1279//1097
f 1276//1094 1277//1095 1273//1091 1275//1093
f 1278//1096 1279//1097 1273//1091 1277//1095
f 12//12 242//230 1274//1092 239//227
f 242//230 243//231 1275//1093 1274//1092
f 239//227 1274//1092 1279//1097 240//228
f 9//9 196//184 1276//1094 244//232
f 196//184 195//183 1277//1095 1276//1094
f 244//232 1276//1094 1275//1093 243//231
f 105//105 241//229 1278//1096 194//182
f 241//229 240//228 1279//1097 1278//1096
f 194//182 1278//1096 1277//1095 195//183
f 1280//1098 1281//1099 1284//1102 1283//1101
f 1281//1099 1282//1100 1285//1103 1284//1102
f 1283//1101 1284//1102 1287//1105 1286//1104
f 1284//1102 1285//1103 1288//1106 1287//1105
f 61//61 410//398 1280//1098 409//397
f 410//398 411//399 1281//1099 1280//1098
f 411//399 412//400 1282//1100 1281//1099
f 412//400 62//62 413//401 1282//1100
f 1282//1100 413//401 414//402 1285//1103
f 1285//1103 414//402 415//403 1288//1106
f 1288//1106 415//403 2//2 209//197
f 1287//1105 1288//1106 209//197 210//198
f 1286//1104 1287//1105 210//198 211//199
f 407//395 1286//1104 211//199 1//1
f 408//396 1283//1101 1286//1104 407//395
f 409//397 1280//1098 1283//1101 408//396
f 1289//1107 1290//1107 1293//1107 1292//1107
f 1290//1107 1291//1107 1294//1107 1293//1107
f 1292//1107 1293//1107 1296//1107 1295//1107
f 1293//1107 1294//1107 1297//1107 1296//1107
f 60//60 398//386 1289//1107 397//385
f 398//386 399//387 1290//1107 1289//1107
f 399//387 400//388 1291//1107 1290//1107
f 400//388 59//59 401//389 1291//1107
f 1291//1107 401//389 402//390 1294//1107
f 1294//1107 402//390 403//391 1297//1107
f 1297//1107 403//391 58//58 404//392
f 1296//1107 1297//1107 404//392 405//393
f 1295//1107 1296//1107 405//393 406//394
f 395//383 1295//1107 406//394 57//57
f 396//384 1292//1107 1295//1107 395//383
f 397//385 1289//1107 1292//1107 396//384
f 1299//1109 1300//1110 1298//1108 1304//1114
f 1301//1111 1302//1112 1298//1108 1300//1110
f 1303//1113 1304//1114 1298//1108 1302//1112
f 115//114 257//245 1299//1109 215//203
f 257//245 258//246 1300//1110 1299//1109
f 215//203 1299//1109 1304//1114 216//204
f 116//115 260//248 1301//1111 259//247
f 260//248 261//249 1302//1112 1301//1111
f 259//247 1301//1111 1300//1110 258//246
f 43//43 217//205 1303//1113 262//250
f 217//205 216//204 1304//1114 1303//1113
f 262//250 1303//1113 1302//1112 261//249
f 1306//1116 1307//1117 1305//1115 1311//1121
f 1308//1118 1309//1119 1305//1115 1307//1117
f 1310//1120 1311//1121 1305//1115 1309//1119
f 44//44 254//242 1306//1116 190//178
f 254//242 255//243 1307//1117 1306//1116
f 190//178 1306//1116 1311//1121 189//177
f 115//114 215//203 1308//1118 256//244
f 215//203 216//204 1309//1119 1308//1118
f 256//244 1308//1118 1307//1117 255//243
f 43//43 188//176 1310//1120 217//205
f 188//176 189//177 1311//1121 1310//1120
f 217//205 1310//1120 1309//1119 216//204
f 1313//1123 1314//1124 1312//1122 1318//1128
f 1315//1125 1316//1126 1312//1122 1314//1124
f 1317//1127 1318//1128 1312//1122 1316//1126
f 11//11 232//220 1313//1123 251//239
f 232//220 231//219 1314//1124 1313//1123
f 251//239 1313//1123 1318//1128 252//240
f 106//106 229//217 1315//1125 230//218
f 229//217 228//216 1316//1126 1315//1125
f 230//218 1315//1125 1314//1124 231//219
f 10//10 253//241 1317//1127 227//215
f 253//241 252//240 1318//1128 1317//1127
f 227//215 1317//1127 1316//1126 228//216
f 1319//1129 1320//1130 1323//1133 1322//1132
f 1320//1130 1321//1131 1324//1134 1323//1133
f 1322//1132 1323//1133 1326//1136 1325//1135
f 1323//1133 1324//1134 1327//1137 1326//1136
f 48//48 386//374 1319//1129 385//373
f 386//374 387//375 1320//1130 1319//1129
f 387//375 388//376 1321//1131 1320//1130
f 388//376 47//47 389//377 1321//1131
f 1321//1131 389//377 390//378 1324//1134
f 1324//1134 390//378 391//379 1327//1137
f 1327//1137 391//379 46//46 392//380
f 1326//1136 1327//1137 392//380 393//381
f 1325//1135 1326//1136 393//381 394//382
f 383//371 1325//1135 394//382 45//45
f 384//372 1322//1132 1325//1135 383//371
f 385//373 1319//1129 1322//1132 384//372
f 1328//1138 1329//1139 1332//1142 1331//1141
f 1329//1139 1330//1140 1333//1143 1332//1142
f 1331//1141 1332//1142 1335//1145 1334//1144
f 1332//1142 1333//1143 1336//1146 1335//1145
f 32//32 374//362 1328//1138 373//361
f 374//362 375//363 1329//1139 1328//1138
f 375//363 376//364 1330//1140 1329//1139
f 376//364 31//31 377//365 1330//1140
f 1330//1140 377//365 378//366 1333//1143
f 1333//1143 378//366 379//367 1336//1146
f 1336//1146 379//367 30//30 380//368
f 1335//1145 1336//1146 380//368 381//369
f 1334//1144 1335//1145 381//369 382//370
f 371//359 1334//1144 382//370 29//29
f 372//360 1331//1141 1334//1144 371//359
f 373//361 1328//1138 1331//1141 372//360
f 1337//1147 1338//1148 1341//1151 1340//1150
f 1338//1148 1339//1149 1342//1152 1341//1151
f 1340//1150 1341//1151 1344//1154 1343//1153
f 1341//1151 1342//1152 1345//1155 1344//1154
f 139//131 355//343 1337//1147 323//311
f 355//343 354//342 1338//1148 1337//1147
f 354//342 353//341 1339//1149 1338//1148
f 353//341 165//153 359//347 1339//1149
f 1339//1149 359//347 360//348 1342//1152
f 1342//1152 360//348 361//349 1345//1155
f 1345//1155 361//349 164//152 349//337
f 1344//1154 1345//1155 349//337 348//336
f 1343//1153 1344//1154 348//336 347//335
f 325//313 1343//1153 347//335 140//132
f 324//312 1340//1150 1343//1153 325//313
f 323//311 1337//1147 1340//1150 324//312
f 1346//1156 1347//1157 1350//1160 1349//1159
f 1347//1157 1348//1158 1351//1161 1350//1160
f 1349//1159 1350//1160 1353//1163 1352//1162
f 1350//1160 1351//1161 1354//1164 1353//1163
f 140//132 347//335 1346//1156 287//275
f 347//335 348//336 1347//1157 1346//1156
f 348//336 349//337 1348//1158 1347//1157
f 349//337 164//152 362//350 1348//1158
f 1348//1158 362//350 363//351 1351//1161
f 1351//1161 363//351 364//352 1354//1164
f 1354//1164 364//352 137//130 352//340
f 1353//1163 1354//1164 352//340 351//339
f 1352//1162 1353//1163 351//339 350//338
f 289//277 1352//1162 350//338 109//109
f 288//276 1349//1159 1352//1162 289//277
f 287//275 1346//1156 1349//1159 288//276
f 1355//1165 1356//1166 1359//1169 1358//1168
f 1356//1166 1357//1167 1360//1170 1359//1169
f 1358//1168 1359//1169 1362//1172 1361//1171
f 1359//1169 1360//1170 1363//1173 1362//1172
f 109//109 350//338 1355//1165 331//319
f 350//338 351//339 1356//1166 1355//1165
f 351//339 352//340 1357//1167 1356//1166
f 352//340 137//130 365//353 1357//1167
f 1357//1167 365//353 366//354 1360//1170
f 1360//1170 366//354 367//355 1363//1173
f 1363//1173 367//355 166//154 358//346
f 1362//1172 1363//1173 358//346 357//345
f 1361//1171 1362//1172 357//345 356//344
f 329//317 1361//1171 356//344 110//110
f 330//318 1358//1168 1361//1171 329//317
f 331//319 1355//1165 1358//1168 330//318
f 1364//1174 1365//1175 1368//1178 1367//1177
f 1365//1175 1366//1176 1369//1179 1368//1178
f 1367//1177 1368//1178 1371//1181 1370//1180
f 1368//1178 1369//1179 1372//1182 1371//1181
f 112//112 175//163 1364//1174 296//284
f 175//163 174//162 1365//1175 1364//1174
f 174//162 173//161 1366//1176 1365//1175
f 173//161 161//149 275//263 1366//1176
f 1366//1176 275//263 276//264 1369//1179
f 1369//1179 276//264 277//265 1372//1182
f 1372//1182 277//265 162//150 223//211
f 1371//1181 1372//1182 223//211 222//210
f 1370//1180 1371//1181 222//210 221//209
f 298//286 1370//1180 221//209 115//114
f 297//285 1367//1177 1370//1180 298//286
f 296//284 1364//1174 1367//1177 297//285
f 1373//1183 1374//1184 1377//1187 1376//1186
f 1374//1184 1375//1185 1378//1188 1377//1187
f 1376//1186 1377//1187 1380//1190 1379//1189
f 1377//1187 1378//1188 1381//1191 1380//1190
f 115//114 221//209 1373//1183 257//245
f 221//209 222//210 1374//1184 1373//1183
f 222//210 223//211 1375//1185 1374//1184
f 223//211 162//150 338//326 1375//1185
f 1375//1185 338//326 339//327 1378//1188
f 1378//1188 339//327 340//328 1381//1191
f 1381//1191 340//328 163//151 199//187
f 1380//1190 1381//1191 199//187 198//186
f 1379//1189 1380//1190 198//186 197//185
f 259//247 1379//1189 197//185 116//115
f 258//246 1376//1186 1379//1189 259//247
f 257//245 1373//1183 1376//1186 258//246
f 1382//1192 1383//1193 1386//1196 1385//1195
f 1383//1193 1384//1194 1387//1197 1386//1196
f 1385//1195 1386//1196 1389//1199 1388//1198
f 1386//1196 1387//1197 1390//1200 1389//1199
f 116//115 197//185 1382//1192 304//292
f 197//185 198//186 1383//1193 1382//1192
f 198//186 199//187 1384//1194 1383//1193
f 199//187 163//151 341//329 1384//1194
f 1384//1194 341//329 342//330 1387//1197
f 1387//1197 342//330 343//331 1390//1200
f 1390//1200 343//331 113//113 337//325
f 1389//1199 1390//1200 337//325 336//324
f 1388//1198 1389//1199 336//324 335//323
f 302//290 1388//1198 335//323 111//111
f 303//291 1385//1195 1388//1198 302//290
f 304//292 1382//1192 1385//1195 303//291
f 1392//1202 1393//1203 1391//1201 1397//1207
f 1394//1204 1395//1205 1391//1201 1393//1203
f 1396//1206 1397//1207 1391//1201 1395//1205
f 139//131 323//311 1392//1202 320//308
f 323//311 324//312 1393//1203 1392//1202
f 320//308 1392//1202 1397//1207 321//309
f 140//132 326//314 1394//1204 325//313
f 326//314 327//315 1395//1205 1394//1204
f 325//313 1394//1204 1393//1203 324//312
f 42//42 322//310 1396//1206 328//316
f 322//310 321//309 1397//1207 1396//1206
f 328//316 1396//1206 1395//1205 327//315
f 1399//1209 1400//1210 1398//1208 1404//1214
f 1401//1211 1402//1212 1398//1208 1400//1210
f 1403//1213 1404//1214 1398//1208 1402//1212
f 140//132 283//271 1399//1209 326//314
f 283//271 282//270 1400//1210 1399//1209
f 326//314 1399//1209 1404//1214 327//315
f 41//41 271//259 1401//1211 281//269
f 271//259 270//258 1402//1212 1401//1211
f 281//269 1401//1211 1400//1210 282//270
f 42//42 328//316 1403//1213 269//257
f 328//316 327//315 1404//1214 1403//1213
f 269//257 1403//1213 1402//1212 270//258
f 1405//1215 1406//1216 1409//1219 1408//1218
f 1406//1216 1407//1217 1410//1220 1409//1219
f 1408//1218 1409//1219 1412//1222 1411//1221
f 1409//1219 1410//1220 1413//1223 1412//1222
f 111//111 335//323 1405//1215 301//289
f 335//323 336//324 1406//1216 1405//1215
f 336//324 337//325 1407//1217 1406//1216
f 337//325 113//113 344//332 1407//1217
f 1407//1217 344//332 345//333 1410//1220
f 1410//1220 345//333 346//334 1413//1223
f 1413//1223 346//334 161//149 173//161
f 1412//1222 1413//1223 173//161 174//162
f 1411//1221 1412//1222 174//162 175//163
f 299//287 1411//1221 175//163 112//112
f 300//288 1408//1218 1411//1221 299//287
f 301//289 1405//1215 1408//1218 300//288
f 1414//1224 1415//1225 1418//768 1417//1227
f 1415//1225 1416//1226 1419//1228 1418//768
f 1417//1227 1418//768 1421//1230 1420//1229
f 1418//768 1419//1228 1422//1231 1421//1230
f 20//20 311//299 1414//1224 334//322
f 311//299 312//300 1415//1225 1414//1224
f 312//300 313//301 1416//1226 1415//1225
f 313//301 19//19 305//293 1416//1226
f 1416//1226 305//293 306//294 1419//1228
f 1419//1228 306//294 307//295 1422//1231
f 1422//1231 307//295 18//18 290//278
f 1421//1230 1422//1231 290//278 291//279
f 1420//1229 1421//1230 291//279 292//280
f 332//320 1420//1229 292//280 17//17
f 333//321 1417//1227 1420//1229 332//320
f 334//322 1414//1224 1417//1227 333//321
f 1423//1232 1424//1233 1427//1236 1426//1235
f 1424//1233 1425//1234 1428//1237 1427//1236
f 1426//1235 1427//1236 1430//1239 1429//1238
f 1427//1236 1428//1237 1431//1240 1430//1239
f 3//3 167//155 1423//1232 181//169
f 167//155 168//156 1424//1233 1423//1232
f 168//156 169//157 1425//1234 1424//1233
f 169//157 4//4 170//158 1425//1234
f 1425//1234 170//158 171//159 1428//1237
f 1428//1237 171//159 172//160 1431//1240
f 1431//1240 172//160 107//107 176//164
f 1430//1239 1431//1240 176//164 177//165
f 1429//1238 1430//1239 177//165 178//166
f 179//167 1429//1238 178//166 108//108
f 180//168 1426//1235 1429//1238 179//167
f 181//169 1423//1232 1426//1235 180//168
f 1432//1241 1433//1242 1436//1245 1435//1244
f 1433//1242 1434//1243 1437//1246 1436//1245
f 1435//1244 1436//1245 1439//1248 1438//1247
f 1436//1245 1437//1246 1440//1249 1439//1248
f 106//106 230//218 1432//1241 185//173
f 230//218 231//219 1433//1242 1432//1241
f 231//219 232//220 1434//1243 1433//1242
f 232//220 11//11 233//221 1434//1243
f 1434//1243 233//221 234//222 1437//1246
f 1437//1246 234//222 235//223 1440//1249
f 1440//1249 235//223 12//12 239//227
f 1439//1248 1440//1249 239//227 240//228
f 1438//1247 1439//1248 240//228 241//229
f 187//175 1438//1247 241//229 105//105
f 186//174 1435//1244 1438//1247 187//175
f 185//173 1432//1241 1435//1244 186//174
f 1441//1250 1442//1251 1445//1254 1444//1253
f 1442//1251 1443//1252 1446//1255 1445//1254
f 1444//1253 1445//1254 1448//1257 1447//1256
f 1445//1254 1446//1255 1449//1258 1448//1257
f 10//10 220//208 1441//1250 250//238
f 220//208 219//207 1442//1251 1441//1250
f 219//207 218//206 1443//1252 1442//1251
f 218//206 1//1 211//199 1443//1252
f 1443//1252 211//199 210//198 1446//1255
f 1446//1255 210//198 209//197 1449//1258
f 1449//1258 209//197 2//2 202//190
f 1448//1257 1449//1258 202//190 201//189
f 1447//1256 1448//1257 201//189 200//188
f 248//236 1447//1256 200//188 9//9
f 249//237 1444//1253 1447//1256 248//236
f 250//238 1441//1250 1444//1253 249//237
f 1450//1259 1451//1260 1454//1263 1453//1262
f 1451//1260 1452//1261 1455//1264 1454//1263
f 1453//1262 1454//1263 1457//1266 1456//1265
f 1454//1263 1455//1264 1458//1267 1457//1266
f 10//10 227//215 1450//1259 220//208
f 227//215 228//216 1451//1260 1450//1259
f 228//216 229//217 1452//1261 1451//1260
f 229//217 106//106 184//172 1452//1261
f 1452//1261 184//172 183//171 1455//1264
f 1455//1264 183//171 182//170 1458//1267
f 1458//1267 182//170 107//107 224//212
f 1457//1266 1458//1267 224//212 225//213
f 1456//1265 1457//1266 225//213 226//214
f 218//206 1456//1265 226//214 1//1
f 219//207 1453//1262 1456//1265 218//206
f 220//208 1450//1259 1453//1262 219//207
f 1459//1268 1460//1269 1463//1272 1462//1271
f 1460//1269 1461//1270 1464//1273 1463//1272
f 1462//1271 1463//1272 1466//1275 1465//1274
f 1463//1272 1464//1273 1467//1276 1466//1275
f 9//9 200//188 1459//1268 196//184
f 200//188 201//189 1460//1269 1459//1268
f 201//189 202//190 1461//1270 1460//1269
f 202//190 2//2 203//191 1461//1270
f 1461//1270 203//191 204//192 1464//1273
f 1464//1273 204//192 205//193 1467//1276
f 1467//1276 205//193 108//108 193//181
f 1466//1275 1467//1276 193//181 192//180
f 1465//1274 1466//1275 192//180 191//179
f 194//182 1465//1274 191//179 105//105
f 195//183 1462//1271 1465//1274 194//182
f 196//184 1459//1268 1462//1271 195//183
f 1468//1277 1469//1278 1472//1281 1471//1280
f 1469//1278 1470//1279 1473//1282 1472//1281
f 1471//1280 1472//1281 1475//1284 1474//1283
f 1472//1281 1473//1282 1476//1285 1475//1284
f 110//110 314//302 1468//1277 310//298
f 314//302 315//303 1469//1278 1468//1277
f 315//303 316//304 1470//1279 1469//1278
f 316//304 139//131 317//305 1470//1279
f 1470//1279 317//305 318//306 1473//1282
f 1473//1282 318//306 319//307 1476//1285
f 1476//1285 319//307 116//115 304//292
f 1475//1284 1476//1285 304//292 303//291
f 1474//1283 1475//1284 303//291 302//290
f 308//296 1474//1283 302//290 111//111
f 309//297 1471//1280 1474//1283 308//296
f 310//298 1468//1277 1471//1280 309//297
f 1477//1286 1478//1287 1481//1290 1480//1289
f 1478//1287 1479//1288 1482//1291 1481//1290
f 1480//1289 1481//1290 1484//1293 1483//1292
f 1481//1290 1482//1291 1485//1294 1484//1293
f 109//109 293//281 1477//1286 289//277
f 293//281 294//282 1478//1287 1477//1286
f 294//282 295//283 1479//1288 1478//1287
f 295//283 112//112 296//284 1479//1288
f 1479//1288 296//284 297//285 1482//1291
f 1482//1291 297//285 298//286 1485//1294
f 1485//1294 298//286 115//114 286//274
f 1484//1293 1485//1294 286//274 285//273
f 1483//1292 1484//1293 285//273 284//272
f 287//275 1483//1292 284//272 140//132
f 288//276 1480//1289 1483//1292 287//275
f 289//277 1477//1286 1480//1289 288//276
f 1486//1295 1487//1296 1490//1299 1489//1298
f 1487//1296 1488//1297 1491//1300 1490//1299
f 1489//1298 1490//1299 1493//1302 1492//1301
f 1490//1299 1491//1300 1494//1303 1493//1302
f 139//131 320//308 1486//1295 317//305
f 320//308 321//309 1487//1296 1486//1295
f 321//309 322//310 1488//1297 1487//1296
f 322//310 42//42 266//254 1488//1297
f 1488//1297 266//254 267//255 1491//1300
f 1491//1300 267//255 268//256 1494//1303
f 1494//1303 268//256 43//43 262//250
f 1493//1302 1494//1303 262//250 261//249
f 1492//1301 1493//1302 261//249 260//248
f 319//307 1492//1301 260//248 116//115
f 318//306 1489//1298 1492//1301 319//307
f 317//305 1486//1295 1489//1298 318//306
f 1495//1304 1496//1305 1499//1308 1498//1307
f 1496//1305 1497//1306 1500//1309 1499//1308
f 1498//1307 1499//1308 1502//1311 1501//1310
f 1499//1308 1500//1309 1503//1312 1502//1311
f 41//41 281//269 1495//1304 272//260
f 281//269 282//270 1496//1305 1495//1304
f 282//270 283//271 1497//1306 1496//1305
f 283//271 140//132 284//272 1497//1306
f 1497//1306 284//272 285//273 1500//1309
f 1500//1309 285//273 286//274 1503//1312
f 1503//1312 286//274 115//114 256//244
f 1502//1311 1503//1312 256//244 255//243
f 1501//1310 1502//1311 255//243 254//242
f 274//262 1501//1310 254//242 44//44
f 273//261 1498//1307 1501//1310 274//262
f 272//260 1495//1304 1498//1307 273//261
f 1504//452 1505//453 1508//453 1507//452
f 1505//453 1506//454 1509//454 1508//453
f 1507//452 1508//453 1511//453 1510//452
f 1508//453 1509//454 1512//454 1511//453
f 72//72 476//452 1504//452 473//72
f 476//452 477//453 1505//453 1504//452
f 477//453 478//454 1506//454 1505//453
f 478//454 69//69 457//69 1506//454
f 1506//454 457//69 456//69 1509//454
f 1509//454 456//69 455//69 1512//454
f 1512//454 455//69 65//65 454//442
f 1511//453 1512//454 454//442 453//441
f 1510//452 1511//453 453//441 452//440
f 475//72 1510//452 452//440 68//68
f 474//72 1507//452 1510//452 475//72
f 473//72 1504//452 1507//452 474//72
f 1513//443 1514//444 1517//444 1516//443
f 1514//444 1515//445 1518//445 1517//444
f 1516//443 1517//444 1520//444 1519//443
f 1517//444 1518//445 1521//445 1520//444
f 73//73 482//455 1513//443 481//69
f 482//455 483//444 1514//444 1513//443
f 483//444 484//456 1515//445 1514//444
f 484//456 74//74 485//70 1515//445
f 1515//445 485//70 486//70 1518//445
f 1518//445 486//70 487//70 1521//445
f 1521//445 487//70 70//70 460//445
f 1520//444 1521//445 460//445 459//444
f 1519//443 1520//444 459//444 458//443
f 479//69 1519//443 458//443 69//69
f 480//69 1516//443 1519//443 479//69
f 481//69 1513//443 1516//443 480//69
f 1522//446 1523//447 1526//447 1525//446
f 1523//447 1524//448 1527//448 1526//447
f 1525//446 1526//447 1529//447 1528//446
f 1526//447 1527//448 1530//448 1529//447
f 74//74 488//457 1522//446 485//70
f 488//457 489//458 1523//447 1522//446
f 489//458 490//459 1524//448 1523//447
f 490//459 75//75 491//71 1524//448
f 1524//448 491//71 492//71 1527//448
f 1527//448 492//71 493//71 1530//448
f 1530//448 493//71 71//71 466//448
f 1529//447 1530//448 466//448 465//447
f 1528//446 1529//447 465//447 464//446
f 487//70 1528//446 464//446 70//70
f 486//70 1525//446 1528//446 487//70
f 485//70 1522//446 1525//446 486//70
f 1531//449 1532//450 1535//450 1534//449
f 1532//450 1533//451 1536//451 1535//450
f 1534//449 1535//450 1538//450 1537//449
f 1535//450 1536//451 1539//451 1538//450
f 75//75 494//460 1531//449 491//71
f 494//460 495//461 1532//450 1531//449
f 495//461 496//462 1533//451 1532//450
f 496//462 76//76 497//72 1533//451
f 1533//451 497//72 498//72 1536//451
f 1536//451 498//72 499//72 1539//451
f 1539//451 499//72 72//72 472//451
f 1538//450 1539//451 472//451 471//450
f 1537//449 1538//450 471//450 470//449
f 493//71 1537//449 470//449 71//71
f 492//71 1534//449 1537//449 493//71
f 491//71 1531//449 1534//449 492//71
f 1540//452 1541//453 1544//453 1543//452
f 1541//453 1542//454 1545//454 1544//453
f 1543//452 1544//453 1547//453 1546//452
f 1544//453 1545//454 1548//454 1547//453
f 76//76 500//463 1540//452 497//72
f 500//463 501//464 1541//453 1540//452
f 501//464 502//465 1542//454 1541//453
f 502//465 73//73 481//69 1542//454
f 1542//454 481//69 480//69 1545//454
f 1545//454 480//69 479//69 1548//454
f 1548//454 479//69 69//69 478//454
f 1547//453 1548//454 478//454 477//453
f 1546//452 1547//453 477//453 476//452
f 499//72 1546//452 476//452 72//72
f 498//72 1543//452 1546//452 499//72
f 497//72 1540//452 1543//452 498//72
f 1549//1313 1550//1314 1553//1317 1552//1316
f 1550//1314 1551//1315 1554//1318 1553//1317
f 1552//1316 1553//1317 1556//1320 1555//1319
f 1553//1317 1554//1318 1557//1321 1556//1320
f 77//77 506//469 1549//1313 505//468
f 506//469 507//470 1550//1314 1549//1313
f 507//470 508//471 1551//1315 1550//1314
f 508//471 78//78 509//472 1551//1315
f 1551//1315 509//472 510//473 1554//1318
f 1554//1318 510//473 511//474 1557//1321
f 1557//1321 511//474 74//74 484//456
f 1556//1320 1557//1321 484//456 483//444
f 1555//1319 1556//1320 483//444 482//455
f 503//466 1555//1319 482//455 73//73
f 504//467 1552//1316 1555//1319 503//466
f 505//468 1549//1313 1552//1316 504//467
f 1558//1322 1559//1323 1562//1326 1561//1325
f 1559//1323 1560//1324 1563//1327 1562//1326
f 1561//1325 1562//1326 1565//1329 1564//1328
f 1562//1326 1563//1327 1566//1330 1565//1329
f 78//78 512//475 1558//1322 509//472
f 512//475 513//476 1559//1323 1558//1322
f 513//476 514//477 1560//1324 1559//1323
f 514//477 79//79 515//478 1560//1324
f 1560//1324 515//478 516//479 1563//1327
f 1563//1327 516//479 517//480 1566//1330
f 1566//1330 517//480 75//75 490//459
f 1565//1329 1566//1330 490//459 489//458
f 1564//1328 1565//1329 489//458 488//457
f 511//474 1564//1328 488//457 74//74
f 510//473 1561//1325 1564//1328 511//474
f 509//472 1558//1322 1561//1325 510//473
f 1567//1331 1568//1332 1571//1335 1570//1334
f 1568//1332 1569//1333 1572//1336 1571//1335
f 1570//1334 1571//1335 1574//1338 1573//1337
f 1571//1335 1572//1336 1575//1339 1574//1338
f 79//79 518//481 1567//1331 515//478
f 518//481 519//482 1568//1332 1567//1331
f 519//482 520//483 1569//1333 1568//1332
f 520//483 80//80 521//484 1569//1333
f 1569//1333 521//484 522//485 1572//1336
f 1572//1336 522//485 523//486 1575//1339
f 1575//1339 523//486 76//76 496//462
f 1574//1338 1575//1339 496//462 495//461
f 1573//1337 1574//1338 495//461 494//460
f 517//480 1573//1337 494//460 75//75
f 516//479 1570//1334 1573//1337 517//480
f 515//478 1567//1331 1570//1334 516//479
f 1576//1340 1577//1341 1580//1344 1579//1343
f 1577//1341 1578//1342 1581//1345 1580//1344
f 1579//1343 1580//1344 1583//1347 1582//1346
f 1580//1344 1581//1345 1584//1348 1583//1347
f 80//80 524//487 1576//1340 521//484
f 524//487 525//488 1577//1341 1576//1340
f 525//488 526//489 1578//1342 1577//1341
f 526//489 77//77 505//468 1578//1342
f 1578//1342 505//468 504//467 1581//1345
f 1581//1345 504//467 503//466 1584//1348
f 1584//1348 503//466 73//73 502//465
f 1583//1347 1584//1348 502//465 501//464
f 1582//1346 1583//1347 501//464 500//463
f 523//486 1582//1346 500//463 76//76
f 522//485 1579//1343 1582//1346 523//486
f 521//484 1576//1340 1579//1343 522//485
f 1585//1349 1586//1350 1589//1353 1588//1352
f 1586//1350 1587//1351 1590//1354 1589//1353
f 1588//1352 1589//1353 1592//1356 1591//1355
f 1589//1353 1590//1354 1593//1357 1592//1356
f 5//5 530//493 1585//1349 529//492
f 530//493 531//494 1586//1350 1585//1349
f 531//494 532//495 1587//1351 1586//1350
f 532//495 6//6 533//496 1587//1351
f 1587//1351 533//496 534//497 1590//1354
f 1590//1354 534//497 535//498 1593//1357
f 1593//1357 535//498 78//78 508//471
f 1592//1356 1593//1357 508//471 507//470
f 1591//1355 1592//1356 507//470 506//469
f 527//490 1591//1355 506//469 77//77
f 528//491 1588//1352 1591//1355 527//490
f 529//492 1585//1349 1588//1352 528//491
f 1594//1358 1595//1359 1598//1362 1597//1361
f 1595//1359 1596//1360 1599//1363 1598//1362
f 1597//1361 1598//1362 1601//1365 1600//1364
f 1598//1362 1599//1363 1602//1366 1601//1365
f 6//6 536//499 1594//1358 533//496
f 536//499 537//500 1595//1359 1594//1358
f 537//500 538//501 1596//1360 1595//1359
f 538//501 7//7 539//502 1596//1360
f 1596//1360 539//502 540//503 1599//1363
f 1599//1363 540//503 541//504 1602//1366
f 1602//1366 541//504 79//79 514//477
f 1601//1365 1602//1366 514//477 513//476
f 1600//1364 1601//1365 513//476 512//475
f 535//498 1600//1364 512//475 78//78
f 534//497 1597//1361 1600//1364 535//498
f 533//496 1594//1358 1597//1361 534//497
f 1603//1367 1604//1368 1607//1371 1606//1370
f 1604//1368 1605//1369 1608//1372 1607//1371
f 1606//1370 1607//1371 1610//1374 1609//1373
f 1607//1371 1608//1372 1611//1375 1610//1374
f 7//7 542//505 1603//1367 539//502
f 542//505 543//506 1604//1368 1603//1367
f 543//506 544//507 1605//1369 1604//1368
f 544//507 8//8 545//508 1605//1369
f 1605//1369 545//508 546//509 1608//1372
f 1608//1372 546//509 547//510 1611//1375
f 1611//1375 547//510 80//80 520//483
f 1610//1374 1611//1375 520//483 519//482
f 1609//1373 1610//1374 519//482 518//481
f 541//504 1609//1373 518//481 79//79
f 540//503 1606//1370 1609//1373 541//504
f 539//502 1603//1367 1606//1370 540//503
f 1612//1376 1613//1377 1616//1380 1615//1379
f 1613//1377 1614//1378 1617//1381 1616//1380
f 1615//1379 1616//1380 1619//1383 1618//1382
f 1616//1380 1617//1381 1620//1384 1619//1383
f 8//8 548//511 1612//1376 545//508
f 548//511 549//512 1613//1377 1612//1376
f 549//512 550//513 1614//1378 1613//1377
f 550//513 5//5 529//492 1614//1378
f 1614//1378 529//492 528//491 1617//1381
f 1617//1381 528//491 527//490 1620//1384
f 1620//1384 527//490 77//77 526//489
f 1619//1383 1620//1384 526//489 525//488
f 1618//1382 1619//1383 525//488 524//487
f 547//510 1618//1382 524//487 80//80
f 546//509 1615//1379 1618//1382 547//510
f 545//508 1612//1376 1615//1379 546//509
f 1621//1385 1622//1386 1625//1389 1624//1388
f 1622//1386 1623//1387 1626//1390 1625//1389
f 1624//1388 1625//1389 1628//1392 1627//1391
f 1625//1389 1626//1390 1629//1393 1628//1392
f 13//13 554//517 1621//1385 553//516
f 554//517 555//518 1622//1386 1621//1385
f 555//518 556//519 1623//1387 1622//1386
f 556//519 14//14 557//520 1623//1387
f 1623//1387 557//520 558//521 1626//1390
f 1626//1390 558//521 559//522 1629//1393
f 1629//1393 559//522 82//82 560//523
f 1628//1392 1629//1393 560//523 561//524
f 1627//1391 1628//1392 561//524 562//525
f 551//514 1627//1391 562//525 81//81
f 552//515 1624//1388 1627//1391 551//514
f 553//516 1621//1385 1624//1388 552//515
f 1630//1394 1631//1395 1634//1398 1633//1397
f 1631//1395 1632//1396 1635//1399 1634//1398
f 1633//1397 1634//1398 1637//1401 1636//1400
f 1634//1398 1635//1399 1638//1402 1637//1401
f 14//14 563//526 1630//1394 557//520
f 563//526 564//527 1631//1395 1630//1394
f 564//527 565//528 1632//1396 1631//1395
f 565//528 15//15 566//529 1632//1396
f 1632//1396 566//529 567//530 1635//1399
f 1635//1399 567//530 568//531 1638//1402
f 1638//1402 568//531 83//83 569//532
f 1637//1401 1638//1402 569//532 570//533
f 1636//1400 1637//1401 570//533 571//534
f 559//522 1636//1400 571//534 82//82
f 558//521 1633//1397 1636//1400 559//522
f 557//520 1630//1394 1633//1397 558//521
f 1639//1403 1640//1404 1643//1407 1642//1406
f 1640//1404 1641//1405 1644//1408 1643//1407
f 1642//1406 1643//1407 1646//1410 1645//1409
f 1643//1407 1644//1408 1647//1411 1646//1410
f 15//15 572//535 1639//1403 566//529
f 572//535 573//536 1640//1404 1639//1403
f 573//536 574//537 1641//1405 1640//1404
f 574//537 16//16 575//538 1641//1405
f 1641//1405 575//538 576//539 1644//1408
f 1644//1408 576//539 577//540 1647//1411
f 1647//1411 577//540 84//84 578//541
f 1646//1410 1647//1411 578//541 579//542
f 1645//1409 1646//1410 579//542 580//543
f 568//531 1645//1409 580//543 83//83
f 567//530 1642//1406 1645//1409 568//531
f 566//529 1639//1403 1642//1406 567//530
f 1648//1412 1649//1413 1652//1416 1651//1415
f 1649//1413 1650//1414 1653//1417 1652//1416
f 1651//1415 1652//1416 1655//1419 1654//1418
f 1652//1416 1653//1417 1656//1420 1655//1419
f 16//16 581//544 1648//1412 575//538
f 581//544 582//545 1649//1413 1648//1412
f 582//545 583//546 1650//1414 1649//1413
f 583//546 13//13 553//516 1650//1414
f 1650//1414 553//516 552//515 1653//1417
f 1653//1417 552//515 551//514 1656//1420
f 1656//1420 551//514 81//81 584//547
f 1655//1419 1656//1420 584//547 585//548
f 1654//1418 1655//1419 585//548 586//549
f 577//540 1654//1418 586//549 84//84
f 576//539 1651//1415 1654//1418 577//540
f 575//538 1648//1412 1651//1415 576//539
f 1657//1421 1658//1422 1661//1425 1660//1424
f 1658//1422 1659//1423 1662//1426 1661//1425
f 1660//1424 1661//1425 1664//1428 1663//1427
f 1661//1425 1662//1426 1665//1429 1664//1428
f 81//81 562//525 1657//1421 589//552
f 562//525 561//524 1658//1422 1657//1421
f 561//524 560//523 1659//1423 1658//1422
f 560//523 82//82 590//553 1659//1423
f 1659//1423 590//553 591//554 1662//1426
f 1662//1426 591//554 592//555 1665//1429
f 1665//1429 592//555 86//86 593//556
f 1664//1428 1665//1429 593//556 594//557
f 1663//1427 1664//1428 594//557 595//558
f 587//550 1663//1427 595//558 85//85
f 588//551 1660//1424 1663//1427 587//550
f 589//552 1657//1421 1660//1424 588//551
f 1666//1430 1667//1431 1670//1434 1669//1433
f 1667//1431 1668//1432 1671//1435 1670//1434
f 1669//1433 1670//1434 1673//1437 1672//1436
f 1670//1434 1671//1435 1674//1438 1673//1437
f 82//82 571//534 1666//1430 590//553
f 571//534 570//533 1667//1431 1666//1430
f 570//533 569//532 1668//1432 1667//1431
f 569//532 83//83 596//559 1668//1432
f 1668//1432 596//559 597//560 1671//1435
f 1671//1435 597//560 598//561 1674//1438
f 1674//1438 598//561 87//87 599//562
f 1673//1437 1674//1438 599//562 600//563
f 1672//1436 1673//1437 600//563 601//564
f 592//555 1672//1436 601//564 86//86
f 591//554 1669//1433 1672//1436 592//555
f 590//553 1666//1430 1669//1433 591//554
f 1675//1439 1676//1440 1679//1443 1678//1442
f 1676//1440 1677//1441 1680//1444 1679//1443
f 1678//1442 1679//1443 1682//1446 1681//1445
f 1679//1443 1680//1444 1683//1447 1682//1446
f 83//83 580//543 1675//1439 596//559
f 580//543 579//542 1676//1440 1675//1439
f 579//542 578//541 1677//1441 1676//1440
f 578//541 84//84 602//565 1677//1441
f 1677//1441 602//565 603//566 1680//1444
f 1680//1444 603//566 604//567 1683//1447
f 1683//1447 604//567 88//88 605//568
f 1682//1446 1683//1447 605//568 606//569
f 1681//1445 1682//1446 606//569 607//570
f 598//561 1681//1445 607//570 87//87
f 597//560 1678//1442 1681//1445 598//561
f 596//559 1675//1439 1678//1442 597//560
f 1684//1448 1685//1449 1688//1452 1687//1451
f 1685//1449 1686//1450 1689//1453 1688//1452
f 1687//1451 1688//1452 1691//1455 1690//1454
f 1688//1452 1689//1453 1692//1456 1691//1455
f 84//84 586//549 1684//1448 602//565
f 586//549 585//548 1685//1449 1684//1448
f 585//548 584//547 1686//1450 1685//1449
f 584//547 81//81 589//552 1686//1450
f 1686//1450 589//552 588//551 1689//1453
f 1689//1453 588//551 587//550 1692//1456
f 1692//1456 587//550 85//85 608//571
f 1691//1455 1692//1456 608//571 609//572
f 1690//1454 1691//1455 609//572 610//573
f 604//567 1690//1454 610//573 88//88
f 603//566 1687//1451 1690//1454 604//567
f 602//565 1684//1448 1687//1451 603//566
f 1693//1457 1694//1458 1697//1458 1696//1457
f 1694//1458 1695//1459 1698//1459 1697//1458
f 1696//1457 1697//1458 1700//1458 1699//1457
f 1697//1458 1698//1459 1701//1459 1700//1458
f 85//85 595//558 1693//1457 613//574
f 595//558 594//557 1694//1458 1693//1457
f 594//557 593//556 1695//1459 1694//1458
f 593//556 86//86 614//575 1695//1459
f 1695//1459 614//575 615//575 1698//1459
f 1698//1459 615//575 616//575 1701//1459
f 1701//1459 616//575 90//90 617//576
f 1700//1458 1701//1459 617//576 618//577
f 1699//1457 1700//1458 618//577 619//578
f 611//574 1699//1457 619//578 89//89
f 612//574 1696//1457 1699//1457 611//574
f 613//574 1693//1457 1696//1457 612//574
f 1702//1460 1703//1461 1706//1461 1705//1460
f 1703//1461 1704//1462 1707//1462 1706//1461
f 1705//1460 1706//1461 1709//1461 1708//1460
f 1706//1461 1707//1462 1710//1462 1709//1461
f 86//86 601//564 1702//1460 614//575
f 601//564 600//563 1703//1461 1702//1460
f 600//563 599//562 1704//1462 1703//1461
f 599//562 87//87 620//579 1704//1462
f 1704//1462 620//579 621//579 1707//1462
f 1707//1462 621//579 622//579 1710//1462
f 1710//1462 622//579 91//91 623//580
f 1709//1461 1710//1462 623//580 624//581
f 1708//1460 1709//1461 624//581 625//582
f 616//575 1708//1460 625//582 90//90
f 615//575 1705//1460 1708//1460 616//575
f 614//575 1702//1460 1705//1460 615//575
f 1711//1463 1712//569 1715//569 1714//1463
f 1712//569 1713//1464 1716//1464 1715//569
f 1714//1463 1715//569 1718//569 1717//1463
f 1715//569 1716//1464 1719//1464 1718//569
f 87//87 607//570 1711//1463 620//579
f 607//570 606//569 1712//569 1711//1463
f 606//569 605//568 1713//1464 1712//569
f 605//568 88//88 626//583 1713//1464
f 1713//1464 626//583 627//583 1716//1464
f 1716//1464 627//583 628//583 1719//1464
f 1719//1464 628//583 92//92 629//584
f 1718//569 1719//1464 629//584 630//585
f 1717//1463 1718//569 630//585 631//586
f 622//579 1717//1463 631//586 91//91
f 621//579 1714//1463 1717//1463 622//579
f 620//579 1711//1463 1714//1463 621//579
f 1720//1465 1721//1466 1724//1466 1723//1465
f 1721//1466 1722//1467 1725//1467 1724//1466
f 1723//1465 1724//1466 1727//1466 1726//1465
f 1724//1466 1725//1467 1728//1467 1727//1466
f 88//88 610//573 1720//1465 626//583
f 610//573 609//572 1721//1466 1720//1465
f 609//572 608//571 1722//1467 1721//1466
f 608//571 85//85 613//574 1722//1467
f 1722//1467 613//574 612//574 1725//1467
f 1725//1467 612//574 611//574 1728//1467
f 1728//1467 611//574 89//89 632//587
f 1727//1466 1728//1467 632//587 633//588
f 1726//1465 1727//1466 633//588 634//589
f 628//583 1726//1465 634//589 92//92
f 627//583 1723//1465 1726//1465 628//583
f 626//583 1720//1465 1723//1465 627//583
f 1729//1468 1730//1469 1733//1472 1732//1471
f 1730//1469 1731//1470 1734//1473 1733//1472
f 1732//1471 1733//1472 1736//1475 1735//1474
f 1733//1472 1734//1473 1737//1476 1736//1475
f 89//89 619//578 1729//1468 637//592
f 619//578 618//577 1730//1469 1729//1468
f 618//577 617//576 1731//1470 1730//1469
f 617//576 90//90 638//593 1731//1470
f 1731//1470 638//593 639//594 1734//1473
f 1734//1473 639//594 640//595 1737//1476
f 1737//1476 640//595 94//94 641//596
f 1736//1475 1737//1476 641//596 642//597
f 1735//1474 1736//1475 642//597 643//598
f 635//590 1735//1474 643//598 93//93
f 636//591 1732//1471 1735//1474 635//590
f 637//592 1729//1468 1732//1471 636//591
f 1738//1477 1739//1478 1742//1481 1741//1480
f 1739//1478 1740//1479 1743//1482 1742//1481
f 1741//1480 1742//1481 1745//1484 1744//1483
f 1742//1481 1743//1482 1746//1485 1745//1484
f 90//90 625//582 1738//1477 638//593
f 625//582 624//581 1739//1478 1738//1477
f 624//581 623//580 1740//1479 1739//1478
f 623//580 91//91 644//599 1740//1479
f 1740//1479 644//599 645//600 1743//1482
f 1743//1482 645//600 646//601 1746//1485
f 1746//1485 646//601 95//95 647//602
f 1745//1484 1746//1485 647//602 648//603
f 1744//1483 1745//1484 648//603 649//604
f 640//595 1744//1483 649//604 94//94
f 639//594 1741//1480 1744//1483 640//595
f 638//593 1738//1477 1741//1480 639//594
f 1747//1486 1748//1487 1751//1490 1750//1489
f 1748//1487 1749//1488 1752//1491 1751//1490
f 1750//1489 1751//1490 1754//1493 1753//1492
f 1751//1490 1752//1491 1755//1494 1754//1493
f 91//91 631//586 1747//1486 644//599
f 631//586 630//585 1748//1487 1747//1486
f 630//585 629//584 1749//1488 1748//1487
f 629//584 92//92 650//605 1749//1488
f 1749//1488 650//605 651//606 1752//1491
f 1752//1491 651//606 652//607 1755//1494
f 1755//1494 652//607 96//96 653//608
f 1754//1493 1755//1494 653//608 654//609
f 1753//1492 1754//1493 654//609 655//610
f 646//601 1753//1492 655//610 95//95
f 645//600 1750//1489 1753//1492 646//601
f 644//599 1747//1486 1750//1489 645//600
f 1756//1495 1757//1496 1760//1499 1759//1498
f 1757//1496 1758//1497 1761//1500 1760//1499
f 1759//1498 1760//1499 1763//1502 1762//1501
f 1760//1499 1761//1500 1764//1503 1763//1502
f 92//92 634//589 1756//1495 650//605
f 634//589 633//588 1757//1496 1756//1495
f 633//588 632//587 1758//1497 1757//1496
f 632//587 89//89 637//592 1758//1497
f 1758//1497 637//592 636//591 1761//1500
f 1761//1500 636//591 635//590 1764//1503
f 1764//1503 635//590 93//93 656//611
f 1763//1502 1764//1503 656//611 657//612
f 1762//1501 1763//1502 657//612 658//613
f 652//607 1762//1501 658//613 96//96
f 651//606 1759//1498 1762//1501 652//607
f 650//605 1756//1495 1759//1498 651//606
f 1765//1504 1766//1505 1769//1508 1768//1507
f 1766//1505 1767//1506 1770//1509 1769//1508
f 1768//1507 1769//1508 1772//1511 1771//1510
f 1769//1508 1770//1509 1773//1512 1772//1511
f 93//93 643//598 1765//1504 661//616
f 643//598 642//597 1766//1505 1765//1504
f 642//597 641//596 1767//1506 1766//1505
f 641//596 94//94 662//617 1767//1506
f 1767//1506 662//617 663//618 1770//1509
f 1770//1509 663//618 664//619 1773//1512
f 1773//1512 664//619 10//10 250//238
f 1772//1511 1773//1512 250//238 249//237
f 1771//1510 1772//1511 249//237 248//236
f 659//614 1771//1510 248//236 9//9
f 660//615 1768//1507 1771//1510 659//614
f 661//616 1765//1504 1768//1507 660//615
f 1774//1513 1775//1514 1778//1517 1777//1516
f 1775//1514 1776//1515 1779//1518 1778//1517
f 1777//1516 1778//1517 1781//1520 1780//1519
f 1778//1517 1779//1518 1782//1521 1781//1520
f 94//94 649//604 1774//1513 662//617
f 649//604 648//603 1775//1514 1774//1513
f 648//603 647//602 1776//1515 1775//1514
f 647//602 95//95 665//620 1776//1515
f 1776//1515 665//620 666//621 1779//1518
f 1779//1518 666//621 667//622 1782//1521
f 1782//1521 667//622 11//11 251//239
f 1781//1520 1782//1521 251//239 252//240
f 1780//1519 1781//1520 252//240 253//241
f 664//619 1780//1519 253//241 10//10
f 663//618 1777//1516 1780//1519 664//619
f 662//617 1774//1513 1777//1516 663//618
f 1783//1522 1784//1523 1787//1526 1786//1525
f 1784//1523 1785//1524 1788//1527 1787//1526
f 1786//1525 1787//1526 1790//1529 1789//1528
f 1787//1526 1788//1527 1791//1530 1790//1529
f 95//95 655//610 1783//1522 665//620
f 655//610 654//609 1784//1523 1783//1522
f 654//609 653//608 1785//1524 1784//1523
f 653//608 96//96 668//623 1785//1524
f 1785//1524 668//623 669//624 1788//1527
f 1788//1527 669//624 670//625 1791//1530
f 1791//1530 670//625 12//12 235//223
f 1790//1529 1791//1530 235//223 234//222
f 1789//1528 1790//1529 234//222 233//221
f 667//622 1789//1528 233//221 11//11
f 666//621 1786//1525 1789//1528 667//622
f 665//620 1783//1522 1786//1525 666//621
f 1792//1531 1793//1532 1796//1535 1795//1534
f 1793//1532 1794//1533 1797//1536 1796//1535
f 1795//1534 1796//1535 1799//1538 1798//1537
f 1796//1535 1797//1536 1800//1539 1799//1538
f 96//96 658//613 1792//1531 668//623
f 658//613 657//612 1793//1532 1792//1531
f 657//612 656//611 1794//1533 1793//1532
f 656//611 93//93 661//616 1794//1533
f 1794//1533 661//616 660//615 1797//1536
f 1797//1536 660//615 659//614 1800//1539
f 1800//1539 659//614 9//9 244//232
f 1799//1538 1800//1539 244//232 243//231
f 1798//1537 1799//1538 243//231 242//230
f 670//625 1798//1537 242//230 12//12
f 669//624 1795//1534 1798//1537 670//625
f 668//623 1792//1531 1795//1534 669//624
f 1801//1540 1802//1541 1805//1544 1804//1543
f 1802//1541 1803//1542 1806//1545 1805//1544
f 1804//1543 1805//1544 1808//1547 1807//1546
f 1805//1544 1806//1545 1809//1548 1808//1547
f 97//97 674//629 1801//1540 673//628
f 674//629 675//630 1802//1541 1801//1540
f 675//630 676//631 1803//1542 1802//1541
f 676//631 98//98 677//632 1803//1542
f 1803//1542 677//632 678//633 1806//1545
f 1806//1545 678//633 679//634 1809//1548
f 1809//1548 679//634 6//6 532//495
f 1808//1547 1809//1548 532//495 531//494
f 1807//1546 1808//1547 531//494 530//493
f 671//626 1807//1546 530//493 5//5
f 672//627 1804//1543 1807//1546 671//626
f 673//628 1801//1540 1804//1543 672//627
f 1810//1549 1811//1550 1814//1553 1813//1552
f 1811//1550 1812//1551 1815//1554 1814//1553
f 1813//1552 1814//1553 1817//1556 1816//1555
f 1814//1553 1815//1554 1818//1557 1817//1556
f 98//98 680//635 1810//1549 677//632
f 680//635 681//636 1811//1550 1810//1549
f 681//636 682//637 1812//1551 1811//1550
f 682//637 99//99 683//638 1812//1551
f 1812//1551 683//638 684//639 1815//1554
f 1815//1554 684//639 685//640 1818//1557
f 1818//1557 685//640 7//7 538//501
f 1817//1556 1818//1557 538//501 537//500
f 1816//1555 1817//1556 537//500 536//499
f 679//634 1816//1555 536//499 6//6
f 678//633 1813//1552 1816//1555 679//634
f 677//632 1810//1549 1813//1552 678//633
f 1819//1558 1820//1559 1823//1562 1822//1561
f 1820//1559 1821//1560 1824//1563 1823//1562
f 1822//1561 1823//1562 1826//1565 1825//1564
f 1823//1562 1824//1563 1827//1566 1826//1565
f 99//99 686//641 1819//1558 683//638
f 686//641 687//642 1820//1559 1819//1558
f 687//642 688//643 1821//1560 1820//1559
f 688//643 100//100 689//644 1821//1560
f 1821//1560 689//644 690//645 1824//1563
f 1824//1563 690//645 691//646 1827//1566
f 1827//1566 691//646 8//8 544//507
f 1826//1565 1827//1566 544//507 543//506
f 1825//1564 1826//1565 543//506 542//505
f 685//640 1825//1564 542//505 7//7
f 684//639 1822//1561 1825//1564 685//640
f 683//638 1819//1558 1822//1561 684//639
f 1828//1567 1829//1568 1832//1571 1831//1570
f 1829//1568 1830//1569 1833//1572 1832//1571
f 1831//1570 1832//1571 1835//1574 1834//1573
f 1832//1571 1833//1572 1836//1575 1835//1574
f 100//100 692//647 1828//1567 689//644
f 692//647 693//648 1829//1568 1828//1567
f 693//648 694//649 1830//1569 1829//1568
f 694//649 97//97 673//628 1830//1569
f 1830//1569 673//628 672//627 1833//1572
f 1833//1572 672//627 671//626 1836//1575
f 1836//1575 671//626 5//5 550//513
f 1835//1574 1836//1575 550//513 549//512
f 1834//1573 1835//1574 549//512 548//511
f 691//646 1834//1573 548//511 8//8
f 690//645 1831//1570 1834//1573 691//646
f 689//644 1828//1567 1831//1570 690//645
f 1837//1576 1838//1577 1841//1580 1840//1579
f 1838//1577 1839//1578 1842//1581 1841//1580
f 1840//1579 1841//1580 1844//1583 1843//1582
f 1841//1580 1842//1581 1845//1584 1844//1583
f 17//17 292//280 1837//1576 697//652
f 292//280 291//279 1838//1577 1837//1576
f 291//279 290//278 1839//1578 1838//1577
f 290//278 18//18 698//653 1839//1578
f 1839//1578 698//653 699//654 1842//1581
f 1842//1581 699//654 700//655 1845//1584
f 1845//1584 700//655 98//98 676//631
f 1844//1583 1845//1584 676//631 675//630
f 1843//1582 1844//1583 675//630 674//629
f 695//650 1843//1582 674//629 97//97
f 696//651 1840//1579 1843//1582 695//650
f 697//652 1837//1576 1840//1579 696//651
f 1846//1585 1847//1586 1850//1589 1849//1588
f 1847//1586 1848//1587 1851//1590 1850//1589
f 1849//1588 1850//1589 1853//1592 1852//1591
f 1850//1589 1851//1590 1854//1593 1853//1592
f 18//18 307//295 1846//1585 698//653
f 307//295 306//294 1847//1586 1846//1585
f 306//294 305//293 1848//1587 1847//1586
f 305//293 19//19 701//656 1848//1587
f 1848//1587 701//656 702//657 1851//1590
f 1851//1590 702//657 703//658 1854//1593
f 1854//1593 703//658 99//99 682//637
f 1853//1592 1854//1593 682//637 681//636
f 1852//1591 1853//1592 681//636 680//635
f 700//655 1852//1591 680//635 98//98
f 699//654 1849//1588 1852//1591 700//655
f 698//653 1846//1585 1849//1588 699//654
f 1855//1594 1856//1595 1859//1598 1858//1597
f 1856//1595 1857//1596 1860//1599 1859//1598
f 1858//1597 1859//1598 1862//1601 1861//1600
f 1859//1598 1860//1599 1863//1602 1862//1601
f 19//19 313//301 1855//1594 701//656
f 313//301 312//300 1856//1595 1855//1594
f 312//300 311//299 1857//1596 1856//1595
f 311//299 20//20 704//659 1857//1596
f 1857//1596 704//659 705//660 1860//1599
f 1860//1599 705//660 706//661 1863//1602
f 1863//1602 706//661 100//100 688//643
f 1862//1601 1863//1602 688//643 687//642
f 1861//1600 1862//1601 687//642 686//641
f 703//658 1861//1600 686//641 99//99
f 702//657 1858//1597 1861//1600 703//658
f 701//656 1855//1594 1858//1597 702//657
f 1864//1603 1865//1604 1868//1607 1867//1606
f 1865//1604 1866//1605 1869//1608 1868//1607
f 1867//1606 1868//1607 1871//1610 1870//1609
f 1868//1607 1869//1608 1872//1611 1871//1610
f 20//20 334//322 1864//1603 704//659
f 334//322 333//321 1865//1604 1864//1603
f 333//321 332//320 1866//1605 1865//1604
f 332//320 17//17 697//652 1866//1605
f 1866//1605 697//652 696//651 1869//1608
f 1869//1608 696//651 695//650 1872//1611
f 1872//1611 695//650 97//97 694//649
f 1871//1610 1872//1611 694//649 693//648
f 1870//1609 1871//1610 693//648 692//647
f 706//661 1870//1609 692//647 100//100
f 705//660 1867//1606 1870//1609 706//661
f 704//659 1864//1603 1867//1606 705//660
f 1873//1612 1874//1613 1877//1616 1876//1615
f 1874//1613 1875//1614 1878//1617 1877//1616
f 1876//1615 1877//1616 1880//1619 1879//1618
f 1877//1616 1878//1617 1881//1620 1880//1619
f 21//21 238//226 1873//1612 709//664
f 238//226 237//225 1874//1613 1873//1612
f 237//225 236//224 1875//1614 1874//1613
f 236//224 22//22 710//665 1875//1614
f 1875//1614 710//665 711//666 1878//1617
f 1878//1617 711//666 712//667 1881//1620
f 1881//1620 712//667 102//102 713//668
f 1880//1619 1881//1620 713//668 714//669
f 1879//1618 1880//1619 714//669 715//670
f 707//662 1879//1618 715//670 101//101
f 708//663 1876//1615 1879//1618 707//662
f 709//664 1873//1612 1876//1615 708//663
f 1882//1621 1883//1622 1886//1625 1885//1624
f 1883//1622 1884//1623 1887//1626 1886//1625
f 1885//1624 1886//1625 1889//1628 1888//1627
f 1886//1625 1887//1626 1890//1629 1889//1628
f 22//22 247//235 1882//1621 710//665
f 247//235 246//234 1883//1622 1882//1621
f 246//234 245//233 1884//1623 1883//1622
f 245//233 23//23 716//671 1884//1623
f 1884//1623 716//671 717//672 1887//1626
f 1887//1626 717//672 718//673 1890//1629
f 1890//1629 718//673 103//103 719//674
f 1889//1628 1890//1629 719//674 720//675
f 1888//1627 1889//1628 720//675 721//676
f 712//667 1888//1627 721//676 102//102
f 711//666 1885//1624 1888//1627 712//667
f 710//665 1882//1621 1885//1624 711//666
f 1891//1630 1892//1631 1895//1634 1894//1633
f 1892//1631 1893//1632 1896//1635 1895//1634
f 1894//1633 1895//1634 1898//1637 1897//1636
f 1895//1634 1896//1635 1899//1638 1898//1637
f 23//23 265//253 1891//1630 716//671
f 265//253 264//252 1892//1631 1891//1630
f 264//252 263//251 1893//1632 1892//1631
f 263//251 24//24 722//677 1893//1632
f 1893//1632 722//677 723//678 1896//1635
f 1896//1635 723//678 724//679 1899//1638
f 1899//1638 724//679 104//104 725//680
f 1898//1637 1899//1638 725//680 726//681
f 1897//1636 1898//1637 726//681 727//682
f 718//673 1897//1636 727//682 103//103
f 717//672 1894//1633 1897//1636 718//673
f 716//671 1891//1630 1894//1633 717//672
f 1900//1639 1901//1640 1904//1643 1903//1642
f 1901//1640 1902//1641 1905//1644 1904//1643
f 1903//1642 1904//1643 1907//1646 1906//1645
f 1904//1643 1905//1644 1908//1647 1907//1646
f 24//24 280//268 1900//1639 722//677
f 280//268 279//267 1901//1640 1900//1639
f 279//267 278//266 1902//1641 1901//1640
f 278//266 21//21 709//664 1902//1641
f 1902//1641 709//664 708//663 1905//1644
f 1905//1644 708//663 707//662 1908//1647
f 1908//1647 707//662 101//101 728//683
f 1907//1646 1908//1647 728//683 729//684
f 1906//1645 1907//1646 729//684 730//685
f 724//679 1906//1645 730//685 104//104
f 723//678 1903//1642 1906//1645 724//679
f 722//677 1900//1639 1903//1642 723//678
f 1909//1648 1910//1649 1913//1652 1912//1651
f 1910//1649 1911//1650 1914//1653 1913//1652
f 1912//1651 1913//1652 1916//1655 1915//1654
f 1913//1652 1914//1653 1917//1656 1916//1655
f 101//101 715//670 1909//1648 733//688
f 715//670 714//669 1910//1649 1909//1648
f 714//669 713//668 1911//1650 1910//1649
f 713//668 102//102 734//689 1911//1650
f 1911//1650 734//689 735//690 1914//1653
f 1914//1653 735//690 736//691 1917//1656
f 1917//1656 736//691 14//14 556//519
f 1916//1655 1917//1656 556//519 555//518
f 1915//1654 1916//1655 555//518 554//517
f 731//686 1915//1654 554//517 13//13
f 732//687 1912//1651 1915//1654 731//686
f 733//688 1909//1648 1912//1651 732//687
f 1918//1657 1919//1658 1922//1661 1921//1660
f 1919//1658 1920//1659 1923//1662 1922//1661
f 1921//1660 1922//1661 1925//1664 1924//1663
f 1922//1661 1923//1662 1926//1665 1925//1664
f 102//102 721//676 1918//1657 734//689
f 721//676 720//675 1919//1658 1918//1657
f 720//675 719//674 1920//1659 1919//1658
f 719//674 103//103 737//692 1920//1659
f 1920//1659 737//692 738//693 1923//1662
f 1923//1662 738//693 739//694 1926//1665
f 1926//1665 739//694 15//15 565//528
f 1925//1664 1926//1665 565//528 564//527
f 1924//1663 1925//1664 564//527 563//526
f 736//691 1924//1663 563//526 14//14
f 735//690 1921//1660 1924//1663 736//691
f 734//689 1918//1657 1921//1660 735//690
f 1927//1666 1928//1667 1931//1670 1930//1669
f 1928//1667 1929//1668 1932//1671 1931//1670
f 1930//1669 1931//1670 1934//1673 1933//1672
f 1931//1670 1932//1671 1935//1674 1934//1673
f 103//103 727//682 1927//1666 737//692
f 727//682 726//681 1928//1667 1927//1666
f 726//681 725//680 1929//1668 1928//1667
f 725//680 104//104 740//695 1929//1668
f 1929//1668 740//695 741//696 1932//1671
f 1932//1671 741//696 742//697 1935//1674
f 1935//1674 742//697 16//16 574//537
f 1934//1673 1935//1674 574//537 573//536
f 1933//1672 1934//1673 573//536 572//535
f 739//694 1933//1672 572//535 15//15
f 738//693 1930//1669 1933//1672 739//694
f 737//692 1927//1666 1930//1669 738//693
f 1936//1675 1937//1676 1940//1679 1939//1678
f 1937//1676 1938//1677 1941//1680 1940//1679
f 1939//1678 1940//1679 1943//1682 1942//1681
f 1940//1679 1941//1680 1944//1683 1943//1682
f 104//104 730//685 1936//1675 740//695
f 730//685 729//684 1937//1676 1936//1675
f 729//684 728//683 1938//1677 1937//1676
f 728//683 101//101 733//688 1938//1677
f 1938//1677 733//688 732//687 1941//1680
f 1941//1680 732//687 731//686 1944//1683
f 1944//1683 731//686 13//13 583//546
f 1943//1682 1944//1683 583//546 582//545
f 1942//1681 1943//1682 582//545 581//544
f 742//697 1942//1681 581//544 16//16
f 741//696 1939//1678 1942//1681 742//697
f 740//695 1936//1675 1939//1678 741//696
f 1945//1684 1946//1685 1949//1688 1948//1687
f 1946//1685 1947//1686 1950//1689 1949//1688
f 1948//1687 1949//1688 1952//1691 1951//1690
f 1949//1688 1950//1689 1953//1692 1952//1691
f 109//109 331//319 1945//1684 745//700
f 331//319 330//318 1946//1685 1945//1684
f 330//318 329//317 1947//1686 1946//1685
f 329//317 110//110 746//701 1947//1686
f 1947//1686 746//701 747//702 1950//1689
f 1950//1689 747//702 748//703 1953//1692
f 1953//1692 748//703 106//106 185//173
f 1952//1691 1953//1692 185//173 186//174
f 1951//1690 1952//1691 186//174 187//175
f 743//698 1951//1690 187//175 105//105
f 744//699 1948//1687 1951//1690 743//698
f 745//700 1945//1684 1948//1687 744//699
f 1954//1693 1955//1694 1958//1697 1957//1696
f 1955//1694 1956//1695 1959//1698 1958//1697
f 1957//1696 1958//1697 1961//1700 1960//1699
f 1958//1697 1959//1698 1962//1701 1961//1700
f 110//110 310//298 1954//1693 746//701
f 310//298 309//297 1955//1694 1954//1693
f 309//297 308//296 1956//1695 1955//1694
f 308//296 111//111 749//704 1956//1695
f 1956//1695 749//704 750//705 1959//1698
f 1959//1698 750//705 751//706 1962//1701
f 1962//1701 751//706 107//107 182//170
f 1961//1700 1962//1701 182//170 183//171
f 1960//1699 1961//1700 183//171 184//172
f 748//703 1960//1699 184//172 106//106
f 747//702 1957//1696 1960//1699 748//703
f 746//701 1954//1693 1957//1696 747//702
f 1963//1702 1964//1703 1967//1706 1966//1705
f 1964//1703 1965//1704 1968//1707 1967//1706
f 1966//1705 1967//1706 1970//1709 1969//1708
f 1967//1706 1968//1707 1971//1710 1970//1709
f 111//111 301//289 1963//1702 749//704
f 301//289 300//288 1964//1703 1963//1702
f 300//288 299//287 1965//1704 1964//1703
f 299//287 112//112 752//707 1965//1704
f 1965//1704 752//707 753//708 1968//1707
f 1968//1707 753//708 754//709 1971//1710
f 1971//1710 754//709 108//108 178//166
f 1970//1709 1971//1710 178//166 177//165
f 1969//1708 1970//1709 177//165 176//164
f 751//706 1969//1708 176//164 107//107
f 750//705 1966//1705 1969//1708 751//706
f 749//704 1963//1702 1966//1705 750//705
f 1972//1711 1973//1712 1976//1715 1975//1714
f 1973//1712 1974//1713 1977//1716 1976//1715
f 1975//1714 1976//1715 1979//1718 1978//1717
f 1976//1715 1977//1716 1980//1719 1979//1718
f 112//112 295//283 1972//1711 752//707
f 295//283 294//282 1973//1712 1972//1711
f 294//282 293//281 1974//1713 1973//1712
f 293//281 109//109 745//700 1974//1713
f 1974//1713 745//700 744//699 1977//1716
f 1977//1716 744//699 743//698 1980//1719
f 1980//1719 743//698 105//105 191//179
f 1979//1718 1980//1719 191//179 192//180
f 1978//1717 1979//1718 192//180 193//181
f 754//709 1978//1717 193//181 108//108
f 753//708 1975//1714 1978//1717 754//709
f 752//707 1972//1711 1975//1714 753//708
f 1981//1720 1982//1721 1985//1724 1984//1723
f 1982//1721 1983//1722 1986//1725 1985//1724
f 1984//1723 1985//1724 1988//1727 1987//1726
f 1985//1724 1986//1725 1989//1728 1988//1727
f 25//25 758//713 1981//1720 757//712
f 758//713 759//714 1982//1721 1981//1720
f 759//714 760//715 1983//1722 1982//1721
f 760//715 26//26 761//716 1983//1722
f 1983//1722 761//716 762//717 1986//1725
f 1986//1725 762//717 763//718 1989//1728
f 1989//1728 763//718 161//149 346//334
f 1988//1727 1989//1728 346//334 345//333
f 1987//1726 1988//1727 345//333 344//332
f 755//710 1987//1726 344//332 113//113
f 756//711 1984//1723 1987//1726 755//710
f 757//712 1981//1720 1984//1723 756//711
f 1990//1729 1991//1730 1994//1733 1993//1732
f 1991//1730 1992//1731 1995//1734 1994//1733
f 1993//1732 1994//1733 1997//1736 1996//1735
f 1994//1733 1995//1734 1998//1737 1997//1736
f 26//26 764//719 1990//1729 761//716
f 764//719 765//720 1991//1730 1990//1729
f 765//720 766//721 1992//1731 1991//1730
f 766//721 27//27 767//722 1992//1731
f 1992//1731 767//722 768//723 1995//1734
f 1995//1734 768//723 769//724 1998//1737
f 1998//1737 769//724 162//150 277//265
f 1997//1736 1998//1737 277//265 276//264
f 1996//1735 1997//1736 276//264 275//263
f 763//718 1996//1735 275//263 161//149
f 762//717 1993//1732 1996//1735 763//718
f 761//716 1990//1729 1993//1732 762//717
f 1999//1738 2000//1739 2003//1742 2002//1741
f 2000//1739 2001//1740 2004//1743 2003//1742
f 2002//1741 2003//1742 2006//1745 2005//1744
f 2003//1742 2004//1743 2007//1746 2006//1745
f 27//27 770//725 1999//1738 767//722
f 770//725 771//726 2000//1739 1999//1738
f 771//726 772//727 2001//1740 2000//1739
f 772//727 28//28 773//728 2001//1740
f 2001//1740 773//728 774//729 2004//1743
f 2004//1743 774//729 775//730 2007//1746
f 2007//1746 775//730 163//151 340//328
f 2006//1745 2007//1746 340//328 339//327
f 2005//1744 2006//1745 339//327 338//326
f 769//724 2005//1744 338//326 162//150
f 768//723 2002//1741 2005//1744 769//724
f 767//722 1999//1738 2002//1741 768//723
f 2008//1747 2009//1748 2012//1751 2011//1750
f 2009//1748 2010//1749 2013//1752 2012//1751
f 2011//1750 2012//1751 2015//1754 2014//1753
f 2012//1751 2013//1752 2016//1755 2015//1754
f 28//28 776//731 2008//1747 773//728
f 776//731 777//732 2009//1748 2008//1747
f 777//732 778//733 2010//1749 2009//1748
f 778//733 25//25 757//712 2010//1749
f 2010//1749 757//712 756//711 2013//1752
f 2013//1752 756//711 755//710 2016//1755
f 2016//1755 755//710 113//113 343//331
f 2015//1754 2016//1755 343//331 342//330
f 2014//1753 2015//1754 342//330 341//329
f 775//730 2014//1753 341//329 163//151
f 774//729 2011//1750 2014//1753 775//730
f 773//728 2008//1747 2011//1750 774//729
f 2017//1756 2018//1757 2021//1760 2020//1759
f 2018//1757 2019//1758 2022//1761 2021//1760
f 2020//1759 2021//1760 2024//1763 2023//1762
f 2021//1760 2022//1761 2025//1764 2024//1763
f 117//116 782//737 2017//1756 781//736
f 782//737 783//738 2018//1757 2017//1756
f 783//738 784//739 2019//1758 2018//1757
f 784//739 118//117 785//740 2019//1758
f 2019//1758 785//740 786//741 2022//1761
f 2022//1761 786//741 787//742 2025//1764
f 2025//1764 787//742 26//26 760//715
f 2024//1763 2025//1764 760//715 759//714
f 2023//1762 2024//1763 759//714 758//713
f 779//734 2023//1762 758//713 25//25
f 780//735 2020//1759 2023//1762 779//734
f 781//736 2017//1756 2020//1759 780//735
f 2026//1765 2027//1766 2030//1769 2029//1768
f 2027//1766 2028//1767 2031//1770 2030//1769
f 2029//1768 2030//1769 2033//1772 2032//1771
f 2030//1769 2031//1770 2034//1773 2033//1772
f 118//117 788//743 2026//1765 785//740
f 788//743 789//744 2027//1766 2026//1765
f 789//744 790//745 2028//1767 2027//1766
f 790//745 119//118 791//746 2028//1767
f 2028//1767 791//746 792//747 2031//1770
f 2031//1770 792//747 793//748 2034//1773
f 2034//1773 793//748 27//27 766//721
f 2033//1772 2034//1773 766//721 765//720
f 2032//1771 2033//1772 765//720 764//719
f 787//742 2032//1771 764//719 26//26
f 786//741 2029//1768 2032//1771 787//742
f 785//740 2026//1765 2029//1768 786//741
f 2035//1774 2036//1775 2039//1778 2038//1777
f 2036//1775 2037//1776 2040//1779 2039//1778
f 2038//1777 2039//1778 2042//1781 2041//1780
f 2039//1778 2040//1779 2043//1782 2042//1781
f 119//118 794//749 2035//1774 791//746
f 794//749 795//750 2036//1775 2035//1774
f 795//750 796//751 2037//1776 2036//1775
f 796//751 120//119 797//752 2037//1776
f 2037//1776 797//752 798//753 2040//1779
f 2040//1779 798//753 799//754 2043//1782
f 2043//1782 799//754 28//28 772//727
f 2042//1781 2043//1782 772//727 771//726
f 2041//1780 2042//1781 771//726 770//725
f 793//748 2041//1780 770//725 27//27
f 792//747 2038//1777 2041//1780 793//748
f 791//746 2035//1774 2038//1777 792//747
f 2044//1783 2045//1784 2048//1787 2047//1786
f 2045//1784 2046//1785 2049//1788 2048//1787
f 2047//1786 2048//1787 2051//1790 2050//1789
f 2048//1787 2049//1788 2052//1791 2051//1790
f 120//119 800//755 2044//1783 797//752
f 800//755 801//756 2045//1784 2044//1783
f 801//756 802//757 2046//1785 2045//1784
f 802//757 117//116 781//736 2046//1785
f 2046//1785 781//736 780//735 2049//1788
f 2049//1788 780//735 779//734 2052//1791
f 2052//1791 779//734 25//25 778//733
f 2051//1790 2052//1791 778//733 777//732
f 2050//1789 2051//1790 777//732 776//731
f 799//754 2050//1789 776//731 28//28
f 798//753 2047//1786 2050//1789 799//754
f 797//752 2044//1783 2047//1786 798//753
f 2053//761 2054//762 2057//1794 2056//1793
f 2054//762 2055//1792 2058//1795 2057//1794
f 2056//1793 2057//1794 2060//1797 2059//1796
f 2057//1794 2058//1795 2061//1798 2060//1797
f 121//120 806//761 2053//761 805//760
f 806//761 807//762 2054//762 2053//761
f 807//762 808//763 2055//1792 2054//762
f 808//763 122//121 809//764 2055//1792
f 2055//1792 809//764 810//765 2058//1795
f 2058//1795 810//765 811//766 2061//1798
f 2061//1798 811//766 118//117 784//739
f 2060//1797 2061//1798 784//739 783//738
f 2059//1796 2060//1797 783//738 782//737
f 803//758 2059//1796 782//737 117//116
f 804//759 2056//1793 2059//1796 803//758
f 805//760 2053//761 2056//1793 804//759
f 2062//767 2063//768 2066//768 2065//1799
f 2063//768 2064//769 2067//769 2066//768
f 2065//1799 2066//768 2069//768 2068//1800
f 2066//768 2067//769 2070//1801 2069//768
f 122//121 812//767 2062//767 809//764
f 812//767 813//768 2063//768 2062//767
f 813//768 814//769 2064//769 2063//768
f 814//769 123//122 815//122 2064//769
f 2064//769 815//122 816//122 2067//769
f 2067//769 816//122 817//770 2070//1801
f 2070//1801 817//770 119//118 790//745
f 2069//768 2070//1801 790//745 789//744
f 2068//1800 2069//768 789//744 788//743
f 811//766 2068//1800 788//743 118//117
f 810//765 2065//1799 2068//1800 811//766
f 809//764 2062//767 2065//1799 810//765
f 2071//1802 2072//1803 2075//1805 2074//1804
f 2072//1803 2073//773 2076//1806 2075//1805
f 2074//1804 2075//1805 2078//750 2077//1807
f 2075//1805 2076//1806 2079//1808 2078//750
f 123//122 818//771 2071//1802 815//122
f 818//771 819//772 2072//1803 2071//1802
f 819//772 820//773 2073//773 2072//1803
f 820//773 124//123 821//123 2073//773
f 2073//773 821//123 822//123 2076//1806
f 2076//1806 822//123 823//774 2079//1808
f 2079//1808 823//774 120//119 796//751
f 2078//750 2079//1808 796//751 795//750
f 2077//1807 2078//750 795//750 794//749
f 817//770 2077//1807 794//749 119//118
f 816//122 2074//1804 2077//1807 817//770
f 815//122 2071//1802 2074//1804 816//122
f 2080//775 2081//776 2084//776 2083//775
f 2081//776 2082//777 2085//1809 2084//776
f 2083//775 2084//776 2087//776 2086//1810
f 2084//776 2085//1809 2088//1811 2087//776
f 124//123 824//775 2080//775 821//123
f 824//775 825//776 2081//776 2080//775
f 825//776 826//777 2082//777 2081//776
f 826//777 121//120 805//760 2082//777
f 2082//777 805//760 804//759 2085//1809
f 2085//1809 804//759 803//758 2088//1811
f 2088//1811 803//758 117//116 802//757
f 2087//776 2088//1811 802//757 801//756
f 2086//1810 2087//776 801//756 800//755
f 823//774 2086//1810 800//755 120//119
f 822//123 2083//775 2086//1810 823//774
f 821//123 2080//775 2083//775 822//123
f 2089//778 2090//779 2093//779 2092//778
f 2090//779 2091//763 2094//763 2093//779
f 2092//778 2093//779 2096//779 2095//778
f 2093//779 2094//763 2097//763 2096//779
f 125//124 830//778 2089//778 829//124
f 830//778 831//779 2090//779 2089//778
f 831//779 832//763 2091//763 2090//779
f 832//763 126//125 833//125 2091//763
f 2091//763 833//125 834//125 2094//763
f 2094//763 834//125 835//125 2097//763
f 2097//763 835//125 122//121 808//763
f 2096//779 2097//763 808//763 807//762
f 2095//778 2096//779 807//762 806//761
f 827//124 2095//778 806//761 121//120
f 828//124 2092//778 2095//778 827//124
f 829//124 2089//778 2092//778 828//124
f 2098//767 2099//768 2102//768 2101//767
f 2099//768 2100//769 2103//769 2102//768
f 2101//767 2102//768 2105//768 2104//767
f 2102//768 2103//769 2106//769 2105//768
f 126//125 836//767 2098//767 833//125
f 836//767 837//768 2099//768 2098//767
f 837//768 838//769 2100//769 2099//768
f 838//769 127//122 839//122 2100//769
f 2100//769 839//122 840//122 2103//769
f 2103//769 840//122 841//122 2106//769
f 2106//769 841//122 123//122 814//769
f 2105//768 2106//769 814//769 813//768
f 2104//767 2105//768 813//768 812//767
f 835//125 2104//767 812//767 122//121
f 834//125 2101//767 2104//767 835//125
f 833//125 2098//767 2101//767 834//125
f 2107//771 2108//772 2111//772 2110//771
f 2108//772 2109//780 2112//780 2111//772
f 2110//771 2111//772 2114//772 2113//771
f 2111//772 2112//780 2115//780 2114//772
f 127//122 842//771 2107//771 839//122
f 842//771 843//772 2108//772 2107//771
f 843//772 844//780 2109//780 2108//772
f 844//780 128//123 845//123 2109//780
f 2109//780 845//123 846//123 2112//780
f 2112//780 846//123 847//123 2115//780
f 2115//780 847//123 124//123 820//773
f 2114//772 2115//780 820//773 819//772
f 2113//771 2114//772 819//772 818//771
f 841//122 2113//771 818//771 123//122
f 840//122 2110//771 2113//771 841//122
f 839//122 2107//771 2110//771 840//122
f 2116//775 2117//776 2120//776 2119//775
f 2117//776 2118//777 2121//777 2120//776
f 2119//775 2120//776 2123//776 2122//775
f 2120//776 2121//777 2124//777 2123//776
f 128//123 848//775 2116//775 845//123
f 848//775 849//776 2117//776 2116//775
f 849//776 850//777 2118//777 2117//776
f 850//777 125//124 829//124 2118//777
f 2118//777 829//124 828//124 2121//777
f 2121//777 828//124 827//124 2124//777
f 2124//777 827//124 121//120 826//777
f 2123//776 2124//777 826//777 825//776
f 2122//775 2123//776 825//776 824//775
f 847//123 2122//775 824//775 124//123
f 846//123 2119//775 2122//775 847//123
f 845//123 2116//775 2119//775 846//123
f 2125//778 2126//779 2129//779 2128//778
f 2126//779 2127//763 2130//763 2129//779
f 2128//778 2129//779 2132//779 2131//778
f 2129//779 2130//763 2133//763 2132//779
f 129//124 854//778 2125//778 853//124
f 854//778 855//779 2126//779 2125//778
f 855//779 856//763 2127//763 2126//779
f 856//763 130//125 857//125 2127//763
f 2127//763 857//125 858//125 2130//763
f 2130//763 858//125 859//125 2133//763
f 2133//763 859//125 126//125 832//763
f 2132//779 2133//763 832//763 831//779
f 2131//778 2132//779 831//779 830//778
f 851//124 2131//778 830//778 125//124
f 852//124 2128//778 2131//778 851//124
f 853//124 2125//778 2128//778 852//124
f 2134//767 2135//768 2138//768 2137//767
f 2135//768 2136//769 2139//769 2138//768
f 2137//767 2138//768 2141//768 2140//767
f 2138//768 2139//769 2142//769 2141//768
f 130//125 860//767 2134//767 857//125
f 860//767 861//768 2135//768 2134//767
f 861//768 862//769 2136//769 2135//768
f 862//769 131//122 863//122 2136//769
f 2136//769 863//122 864//122 2139//769
f 2139//769 864//122 865//122 2142//769
f 2142//769 865//122 127//122 838//769
f 2141//768 2142//769 838//769 837//768
f 2140//767 2141//768 837//768 836//767
f 859//125 2140//767 836//767 126//125
f 858//125 2137//767 2140//767 859//125
f 857//125 2134//767 2137//767 858//125
f 2143//771 2144//772 2147//772 2146//771
f 2144//772 2145//780 2148//780 2147//772
f 2146//771 2147//772 2150//772 2149//771
f 2147//772 2148//780 2151//780 2150//772
f 131//122 866//771 2143//771 863//122
f 866//771 867//772 2144//772 2143//771
f 867//772 868//780 2145//780 2144//772
f 868//780 132//123 869//123 2145//780
f 2145//780 869//123 870//123 2148//780
f 2148//780 870//123 871//123 2151//780
f 2151//780 871//123 128//123 844//780
f 2150//772 2151//780 844//780 843//772
f 2149//771 2150//772 843//772 842//771
f 865//122 2149//771 842//771 127//122
f 864//122 2146//771 2149//771 865//122
f 863//122 2143//771 2146//771 864//122
f 2152//775 2153//776 2156//776 2155//775
f 2153//776 2154//777 2157//777 2156//776
f 2155//775 2156//776 2159//776 2158//775
f 2156//776 2157//777 2160//777 2159//776
f 132//123 872//775 2152//775 869//123
f 872//775 873//776 2153//776 2152//775
f 873//776 874//777 2154//777 2153//776
f 874//777 129//124 853//124 2154//777
f 2154//777 853//124 852//124 2157//777
f 2157//777 852//124 851//124 2160//777
f 2160//777 851//124 125//124 850//777
f 2159//776 2160//777 850//777 849//776
f 2158//775 2159//776 849//776 848//775
f 871//123 2158//775 848//775 128//123
f 870//123 2155//775 2158//775 871//123
f 869//123 2152//775 2155//775 870//123
f 2161//778 2162//779 2165//779 2164//778
f 2162//779 2163//763 2166//763 2165//779
f 2164//778 2165//779 2168//779 2167//778
f 2165//779 2166//763 2169//763 2168//779
f 133//126 878//781 2161//778 877//124
f 878//781 879//782 2162//779 2161//778
f 879//782 880//783 2163//763 2162//779
f 880//783 134//127 881//125 2163//763
f 2163//763 881//125 882//125 2166//763
f 2166//763 882//125 883//125 2169//763
f 2169//763 883//125 130//125 856//763
f 2168//779 2169//763 856//763 855//779
f 2167//778 2168//779 855//779 854//778
f 875//124 2167//778 854//778 129//124
f 876//124 2164//778 2167//778 875//124
f 877//124 2161//778 2164//778 876//124
f 2170//767 2171//768 2174//768 2173//767
f 2171//768 2172//769 2175//769 2174//768
f 2173//767 2174//768 2177//768 2176//767
f 2174//768 2175//769 2178//769 2177//768
f 134//127 884//784 2170//767 881//125
f 884//784 885//785 2171//768 2170//767
f 885//785 886//786 2172//769 2171//768
f 886//786 135//128 887//122 2172//769
f 2172//769 887//122 888//122 2175//769
f 2175//769 888//122 889//122 2178//769
f 2178//769 889//122 131//122 862//769
f 2177//768 2178//769 862//769 861//768
f 2176//767 2177//768 861//768 860//767
f 883//125 2176//767 860//767 130//125
f 882//125 2173//767 2176//767 883//125
f 881//125 2170//767 2173//767 882//125
f 2179//771 2180//772 2183//772 2182//771
f 2180//772 2181//780 2184//780 2183//772
f 2182//771 2183//772 2186//772 2185//771
f 2183//772 2184//780 2187//780 2186//772
f 135//128 890//787 2179//771 887//122
f 890//787 891//788 2180//772 2179//771
f 891//788 892//789 2181//780 2180//772
f 892//789 136//129 893//123 2181//780
f 2181//780 893//123 894//123 2184//780
f 2184//780 894//123 895//123 2187//780
f 2187//780 895//123 132//123 868//780
f 2186//772 2187//780 868//780 867//772
f 2185//771 2186//772 867//772 866//771
f 889//122 2185//771 866//771 131//122
f 888//122 2182//771 2185//771 889//122
f 887//122 2179//771 2182//771 888//122
f 2188//775 2189//776 2192//776 2191//775
f 2189//776 2190//777 2193//777 2192//776
f 2191//775 2192//776 2195//776 2194//775
f 2192//776 2193//777 2196//777 2195//776
f 136//129 896//790 2188//775 893//123
f 896//790 897//791 2189//776 2188//775
f 897//791 898//792 2190//777 2189//776
f 898//792 133//126 877//124 2190//777
f 2190//777 877//124 876//124 2193//777
f 2193//777 876//124 875//124 2196//777
f 2196//777 875//124 129//124 874//777
f 2195//776 2196//777 874//777 873//776
f 2194//775 2195//776 873//776 872//775
f 895//123 2194//775 872//775 132//123
f 894//123 2191//775 2194//775 895//123
f 893//123 2188//775 2191//775 894//123
f 2197//1812 2198//1813 2201//1816 2200//1815
f 2198//1813 2199//1814 2202//1817 2201//1816
f 2200//1815 2201//1816 2204//1819 2203//1818
f 2201//1816 2202//1817 2205//1820 2204//1819
f 29//29 382//370 2197//1812 901//795
f 382//370 381//369 2198//1813 2197//1812
f 381//369 380//368 2199//1814 2198//1813
f 380//368 30//30 902//796 2199//1814
f 2199//1814 902//796 903//797 2202//1817
f 2202//1817 903//797 904//798 2205//1820
f 2205//1820 904//798 134//127 880//783
f 2204//1819 2205//1820 880//783 879//782
f 2203//1818 2204//1819 879//782 878//781
f 899//793 2203//1818 878//781 133//126
f 900//794 2200//1815 2203//1818 899//793
f 901//795 2197//1812 2200//1815 900//794
f 2206//1821 2207//1822 2210//1825 2209//1824
f 2207//1822 2208//1823 2211//1826 2210//1825
f 2209//1824 2210//1825 2213//1828 2212//1827
f 2210//1825 2211//1826 2214//1829 2213//1828
f 30//30 379//367 2206//1821 902//796
f 379//367 378//366 2207//1822 2206//1821
f 378//366 377//365 2208//1823 2207//1822
f 377//365 31//31 905//799 2208//1823
f 2208//1823 905//799 906//800 2211//1826
f 2211//1826 906//800 907//801 2214//1829
f 2214//1829 907//801 135//128 886//786
f 2213//1828 2214//1829 886//786 885//785
f 2212//1827 2213//1828 885//785 884//784
f 904//798 2212//1827 884//784 134//127
f 903//797 2209//1824 2212//1827 904//798
f 902//796 2206//1821 2209//1824 903//797
f 2215//1830 2216//1831 2219//1834 2218//1833
f 2216//1831 2217//1832 2220//1835 2219//1834
f 2218//1833 2219//1834 2222//1837 2221//1836
f 2219//1834 2220//1835 2223//1838 2222//1837
f 31//31 376//364 2215//1830 905//799
f 376//364 375//363 2216//1831 2215//1830
f 375//363 374//362 2217//1832 2216//1831
f 374//362 32//32 908//802 2217//1832
f 2217//1832 908//802 909//803 2220//1835
f 2220//1835 909//803 910//804 2223//1838
f 2223//1838 910//804 136//129 892//789
f 2222//1837 2223//1838 892//789 891//788
f 2221//1836 2222//1837 891//788 890//787
f 907//801 2221//1836 890//787 135//128
f 906//800 2218//1833 2221//1836 907//801
f 905//799 2215//1830 2218//1833 906//800
f 2224//1839 2225//1840 2228//1843 2227//1842
f 2225//1840 2226//1841 2229//1844 2228//1843
f 2227//1842 2228//1843 2231//1846 2230//1845
f 2228//1843 2229//1844 2232//1847 2231//1846
f 32//32 373//361 2224//1839 908//802
f 373//361 372//360 2225//1840 2224//1839
f 372//360 371//359 2226//1841 2225//1840
f 371//359 29//29 901//795 2226//1841
f 2226//1841 901//795 900//794 2229//1844
f 2229//1844 900//794 899//793 2232//1847
f 2232//1847 899//793 133//126 898//792
f 2231//1846 2232//1847 898//792 897//791
f 2230//1845 2231//1846 897//791 896//790
f 910//804 2230//1845 896//790 136//129
f 909//803 2227//1842 2230//1845 910//804
f 908//802 2224//1839 2227//1842 909//803
f 2233//1848 2234//1849 2237//1852 2236//1851
f 2234//1849 2235//1850 2238//1853 2237//1852
f 2236//1851 2237//1852 2240//1855 2239//1854
f 2237//1852 2238//1853 2241//1856 2240//1855
f 33//33 914//808 2233//1848 913//807
f 914//808 915//809 2234//1849 2233//1848
f 915//809 916//810 2235//1850 2234//1849
f 916//810 34//34 917//811 2235//1850
f 2235//1850 917//811 918//812 2238//1853
f 2238//1853 918//812 919//813 2241//1856
f 2241//1856 919//813 166//154 367//355
f 2240//1855 2241//1856 367//355 366//354
f 2239//1854 2240//1855 366//354 365//353
f 911//805 2239//1854 365//353 137//130
f 912//806 2236//1851 2239//1854 911//805
f 913//807 2233//1848 2236//1851 912//806
f 2242//1857 2243//1858 2246//1861 2245//1860
f 2243//1858 2244//1859 2247//1862 2246//1861
f 2245//1860 2246//1861 2249//1864 2248//1863
f 2246//1861 2247//1862 2250//1865 2249//1864
f 34//34 920//814 2242//1857 917//811
f 920//814 921//815 2243//1858 2242//1857
f 921//815 922//816 2244//1859 2243//1858
f 922//816 35//35 923//817 2244//1859
f 2244//1859 923//817 924//818 2247//1862
f 2247//1862 924//818 925//819 2250//1865
f 2250//1865 925//819 165//153 370//358
f 2249//1864 2250//1865 370//358 369//357
f 2248//1863 2249//1864 369//357 368//356
f 919//813 2248//1863 368//356 166//154
f 918//812 2245//1860 2248//1863 919//813
f 917//811 2242//1857 2245//1860 918//812
f 2251//1866 2252//1867 2255//1870 2254//1869
f 2252//1867 2253//1868 2256//1871 2255//1870
f 2254//1869 2255//1870 2258//1873 2257//1872
f 2255//1870 2256//1871 2259//1874 2258//1873
f 35//35 926//820 2251//1866 923//817
f 926//820 927//821 2252//1867 2251//1866
f 927//821 928//822 2253//1868 2252//1867
f 928//822 36//36 929//823 2253//1868
f 2253//1868 929//823 930//824 2256//1871
f 2256//1871 930//824 931//825 2259//1874
f 2259//1874 931//825 164//152 361//349
f 2258//1873 2259//1874 361//349 360//348
f 2257//1872 2258//1873 360//348 359//347
f 925//819 2257//1872 359//347 165//153
f 924//818 2254//1869 2257//1872 925//819
f 923//817 2251//1866 2254//1869 924//818
f 2260//1875 2261//1876 2264//1879 2263//1878
f 2261//1876 2262//1877 2265//1880 2264//1879
f 2263//1878 2264//1879 2267//1882 2266//1881
f 2264//1879 2265//1880 2268//1883 2267//1882
f 36//36 932//826 2260//1875 929//823
f 932//826 933//827 2261//1876 2260//1875
f 933//827 934//828 2262//1877 2261//1876
f 934//828 33//33 913//807 2262//1877
f 2262//1877 913//807 912//806 2265//1880
f 2265//1880 912//806 911//805 2268//1883
f 2268//1883 911//805 137//130 364//352
f 2267//1882 2268//1883 364//352 363//351
f 2266//1881 2267//1882 363//351 362//350
f 931//825 2266//1881 362//350 164//152
f 930//824 2263//1878 2266//1881 931//825
f 929//823 2260//1875 2263//1878 930//824
f 2269//1884 2270//1885 2273//1888 2272//1887
f 2270//1885 2271//1886 2274//1889 2273//1888
f 2272//1887 2273//1888 2276//1891 2275//1890
f 2273//1888 2274//1889 2277//1892 2276//1891
f 141//133 938//832 2269//1884 937//831
f 938//832 939//833 2270//1885 2269//1884
f 939//833 940//834 2271//1886 2270//1885
f 940//834 142//134 941//835 2271//1886
f 2271//1886 941//835 942//836 2274//1889
f 2274//1889 942//836 943//837 2277//1892
f 2277//1892 943//837 34//34 916//810
f 2276//1891 2277//1892 916//810 915//809
f 2275//1890 2276//1891 915//809 914//808
f 935//829 2275//1890 914//808 33//33
f 936//830 2272//1887 2275//1890 935//829
f 937//831 2269//1884 2272//1887 936//830
f 2278//1893 2279//1894 2282//1897 2281//1896
f 2279//1894 2280//1895 2283//1898 2282//1897
f 2281//1896 2282//1897 2285//1900 2284//1899
f 2282//1897 2283//1898 2286//1901 2285//1900
f 142//134 944//838 2278//1893 941//835
f 944//838 945//839 2279//1894 2278//1893
f 945//839 946//840 2280//1895 2279//1894
f 946//840 143//135 947//841 2280//1895
f 2280//1895 947//841 948//842 2283//1898
f 2283//1898 948//842 949//843 2286//1901
f 2286//1901 949//843 35//35 922//816
f 2285//1900 2286//1901 922//816 921//815
f 2284//1899 2285//1900 921//815 920//814
f 943//837 2284//1899 920//814 34//34
f 942//836 2281//1896 2284//1899 943//837
f 941//835 2278//1893 2281//1896 942//836
f 2287//1902 2288//1903 2291//1906 2290//1905
f 2288//1903 2289//1904 2292//1907 2291//1906
f 2290//1905 2291//1906 2294//1909 2293//1908
f 2291//1906 2292//1907 2295//1910 2294//1909
f 143//135 950//844 2287//1902 947//841
f 950//844 951//845 2288//1903 2287//1902
f 951//845 952//846 2289//1904 2288//1903
f 952//846 144//136 953//847 2289//1904
f 2289//1904 953//847 954//848 2292//1907
f 2292//1907 954//848 955//849 2295//1910
f 2295//1910 955//849 36//36 928//822
f 2294//1909 2295//1910 928//822 927//821
f 2293//1908 2294//1909 927//821 926//820
f 949//843 2293//1908 926//820 35//35
f 948//842 2290//1905 2293//1908 949//843
f 947//841 2287//1902 2290//1905 948//842
f 2296//1911 2297//1912 2300//1915 2299//1914
f 2297//1912 2298//1913 2301//1916 2300//1915
f 2299//1914 2300//1915 2303//1918 2302//1917
f 2300//1915 2301//1916 2304//1919 2303//1918
f 144//136 956//850 2296//1911 953//847
f 956//850 957//851 2297//1912 2296//1911
f 957//851 958//852 2298//1913 2297//1912
f 958//852 141//133 937//831 2298//1913
f 2298//1913 937//831 936//830 2301//1916
f 2301//1916 936//830 935//829 2304//1919
f 2304//1919 935//829 33//33 934//828
f 2303//1918 2304//1919 934//828 933//827
f 2302//1917 2303//1918 933//827 932//826
f 955//849 2302//1917 932//826 36//36
f 954//848 2299//1914 2302//1917 955//849
f 953//847 2296//1911 2299//1914 954//848
f 2305//853 2306//1920 2309//1920 2308//1921
f 2306//1920 2307//855 2310//1922 2309//1920
f 2308//1921 2309//1920 2312//1920 2311//1923
f 2309//1920 2310//1922 2313//1924 2312//1920
f 145//137 962//853 2305//853 961//137
f 962//853 963//854 2306//1920 2305//853
f 963//854 964//855 2307//855 2306//1920
f 964//855 146//138 965//138 2307//855
f 2307//855 965//138 966//138 2310//1922
f 2310//1922 966//138 967//138 2313//1924
f 2313//1924 967//138 142//134 940//834
f 2312//1920 2313//1924 940//834 939//833
f 2311//1923 2312//1920 939//833 938//832
f 959//137 2311//1923 938//832 141//133
f 960//137 2308//1921 2311//1923 959//137
f 961//137 2305//853 2308//1921 960//137
f 2314//856 2315//776 2318//776 2317//856
f 2315//776 2316//857 2319//857 2318//776
f 2317//856 2318//776 2321//776 2320//856
f 2318//776 2319//857 2322//857 2321//776
f 146//138 968//856 2314//856 965//138
f 968//856 969//776 2315//776 2314//856
f 969//776 970//857 2316//857 2315//776
f 970//857 147//139 971//139 2316//857
f 2316//857 971//139 972//139 2319//857
f 2319//857 972//139 973//858 2322//857
f 2322//857 973//858 143//135 946//840
f 2321//776 2322//857 946//840 945//839
f 2320//856 2321//776 945//839 944//838
f 967//138 2320//856 944//838 142//134
f 966//138 2317//856 2320//856 967//138
f 965//138 2314//856 2317//856 966//138
f 2323//859 2324//860 2327//860 2326//859
f 2324//860 2325//861 2328//861 2327//860
f 2326//859 2327//860 2330//1926 2329//1925
f 2327//860 2328//861 2331//1927 2330//1926
f 147//139 974//859 2323//859 971//139
f 974//859 975//860 2324//860 2323//859
f 975//860 976//861 2325//861 2324//860
f 976//861 148//140 977//140 2325//861
f 2325//861 977//140 978//140 2328//861
f 2328//861 978//140 979//862 2331//1927
f 2331//1927 979//862 144//136 952//846
f 2330//1926 2331//1927 952//846 951//845
f 2329//1925 2330//1926 951//845 950//844
f 973//858 2329//1925 950//844 143//135
f 972//139 2326//859 2329//1925 973//858
f 971//139 2323//859 2326//859 972//139
f 2332//863 2333//768 2336//768 2335//863
f 2333//768 2334//864 2337//864 2336//768
f 2335//863 2336//768 2339//768 2338//863
f 2336//768 2337//864 2340//864 2339//768
f 148//140 980//863 2332//863 977//140
f 980//863 981//768 2333//768 2332//863
f 981//768 982//864 2334//864 2333//768
f 982//864 145//137 961//137 2334//864
f 2334//864 961//137 960//137 2337//864
f 2337//864 960//137 959//137 2340//864
f 2340//864 959//137 141//133 958//852
f 2339//768 2340//864 958//852 957//851
f 2338//863 2339//768 957//851 956//850
f 979//862 2338//863 956//850 144//136
f 978//140 2335//863 2338//863 979//862
f 977//140 2332//863 2335//863 978//140
f 2341//853 2342//854 2345//854 2344//853
f 2342//854 2343//855 2346//855 2345//854
f 2344//853 2345//854 2348//854 2347//853
f 2345//854 2346//855 2349//855 2348//854
f 149//137 986//853 2341//853 985//137
f 986//853 987//854 2342//854 2341//853
f 987//854 988//855 2343//855 2342//854
f 988//855 150//138 989//138 2343//855
f 2343//855 989//138 990//138 2346//855
f 2346//855 990//138 991//138 2349//855
f 2349//855 991//138 146//138 964//855
f 2348//854 2349//855 964//855 963//854
f 2347//853 2348//854 963//854 962//853
f 983//137 2347//853 962//853 145//137
f 984//137 2344//853 2347//853 983//137
f 985//137 2341//853 2344//853 984//137
f 2350//856 2351//776 2354//776 2353//856
f 2351//776 2352//857 2355//857 2354//776
f 2353//856 2354//776 2357//776 2356//856
f 2354//776 2355//857 2358//857 2357//776
f 150//138 992//856 2350//856 989//138
f 992//856 993//776 2351//776 2350//856
f 993//776 994//857 2352//857 2351//776
f 994//857 151//139 995//139 2352//857
f 2352//857 995//139 996//139 2355//857
f 2355//857 996//139 997//139 2358//857
f 2358//857 997//139 147//139 970//857
f 2357//776 2358//857 970//857 969//776
f 2356//856 2357//776 969//776 968//856
f 991//138 2356//856 968//856 146//138
f 990//138 2353//856 2356//856 991//138
f 989//138 2350//856 2353//856 990//138
f 2359//859 2360//860 2363//860 2362//859
f 2360//860 2361//861 2364//861 2363//860
f 2362//859 2363//860 2366//860 2365//859
f 2363//860 2364//861 2367//861 2366//860
f 151//139 998//859 2359//859 995//139
f 998//859 999//860 2360//860 2359//859
f 999//860 1000//861 2361//861 2360//860
f 1000//861 152//140 1001//140 2361//861
f 2361//861 1001//140 1002//140 2364//861
f 2364//861 1002//140 1003//140 2367//861
f 2367//861 1003//140 148//140 976//861
f 2366//860 2367//861 976//861 975//860
f 2365//859 2366//860 975//860 974//859
f 997//139 2365//859 974//859 147//139
f 996//139 2362//859 2365//859 997//139
f 995//139 2359//859 2362//859 996//139
f 2368//863 2369//768 2372//768 2371//863
f 2369//768 2370//864 2373//864 2372//768
f 2371//863 2372//768 2375//768 2374//863
f 2372//768 2373//864 2376//864 2375//768
f 152//140 1004//863 2368//863 1001//140
f 1004//863 1005//768 2369//768 2368//863
f 1005//768 1006//864 2370//864 2369//768
f 1006//864 149//137 985//137 2370//864
f 2370//864 985//137 984//137 2373//864
f 2373//864 984//137 983//137 2376//864
f 2376//864 983//137 145//137 982//864
f 2375//768 2376//864 982//864 981//768
f 2374//863 2375//768 981//768 980//863
f 1003//140 2374//863 980//863 148//140
f 1002//140 2371//863 2374//863 1003//140
f 1001//140 2368//863 2371//863 1002//140
f 2377//853 2378//854 2381//854 2380//853
f 2378//854 2379//855 2382//855 2381//854
f 2380//853 2381//854 2384//854 2383//853
f 2381//854 2382//855 2385//855 2384//854
f 153//141 1010//865 2377//853 1009//137
f 1010//865 1011//866 2378//854 2377//853
f 1011//866 1012//867 2379//855 2378//854
f 1012//867 154//142 1013//138 2379//855
f 2379//855 1013//138 1014//138 2382//855
f 2382//855 1014//138 1015//138 2385//855
f 2385//855 1015//138 150//138 988//855
f 2384//854 2385//855 988//855 987//854
f 2383//853 2384//854 987//854 986//853
f 1007//137 2383//853 986//853 149//137
f 1008//137 2380//853 2383//853 1007//137
f 1009//137 2377//853 2380//853 1008//137
f 2386//856 2387//776 2390//776 2389//856
f 2387//776 2388//857 2391//857 2390//776
f 2389//856 2390//776 2393//776 2392//856
f 2390//776 2391//857 2394//857 2393//776
f 154//142 1016//868 2386//856 1013//138
f 1016//868 1017//869 2387//776 2386//856
f 1017//869 1018//870 2388//857 2387//776
f 1018//870 155//143 1019//139 2388//857
f 2388//857 1019//139 1020//139 2391//857
f 2391//857 1020//139 1021//139 2394//857
f 2394//857 1021//139 151//139 994//857
f 2393//776 2394//857 994//857 993//776
f 2392//856 2393//776 993//776 992//856
f 1015//138 2392//856 992//856 150//138
f 1014//138 2389//856 2392//856 1015//138
f 1013//138 2386//856 2389//856 1014//138
f 2395//859 2396//860 2399//860 2398//859
f 2396//860 2397//861 2400//861 2399//860
f 2398//859 2399//860 2402//860 2401//859
f 2399//860 2400//861 2403//861 2402//860
f 155//143 1022//871 2395//859 1019//139
f 1022//871 1023//872 2396//860 2395//859
f 1023//872 1024//873 2397//861 2396//860
f 1024//873 156//144 1025//140 2397//861
f 2397//861 1025//140 1026//140 2400//861
f 2400//861 1026//140 1027//140 2403//861
f 2403//861 1027//140 152//140 1000//861
f 2402//860 2403//861 1000//861 999//860
f 2401//859 2402//860 999//860 998//859
f 1021//139 2401//859 998//859 151//139
f 1020//139 2398//859 2401//859 1021//139
f 1019//139 2395//859 2398//859 1020//139
f 2404//863 2405//768 2408//768 2407//863
f 2405//768 2406//864 2409//864 2408//768
f 2407//863 2408//768 2411//768 2410//863
f 2408//768 2409//864 2412//864 2411//768
f 156//144 1028//874 2404//863 1025//140
f 1028//874 1029//875 2405//768 2404//863
f 1029//875 1030//876 2406//864 2405//768
f 1030//876 153//141 1009//137 2406//864
f 2406//864 1009//137 1008//137 2409//864
f 2409//864 1008//137 1007//137 2412//864
f 2412//864 1007//137 149//137 1006//864
f 2411//768 2412//864 1006//864 1005//768
f 2410//863 2411//768 1005//768 1004//863
f 1027//140 2410//863 1004//863 152//140
f 1026//140 2407//863 2410//863 1027//140
f 1025//140 2404//863 2407//863 1026//140
f 2413//1928 2414//1929 2417//1932 2416//1931
f 2414//1929 2415//1930 2418//1933 2417//1932
f 2416//1931 2417//1932 2420//1935 2419//1934
f 2417//1932 2418//1933 2421//1936 2420//1935
f 157//145 1034//880 2413//1928 1033//879
f 1034//880 1035//881 2414//1929 2413//1928
f 1035//881 1036//882 2415//1930 2414//1929
f 1036//882 158//146 1037//883 2415//1930
f 2415//1930 1037//883 1038//884 2418//1933
f 2418//1933 1038//884 1039//885 2421//1936
f 2421//1936 1039//885 154//142 1012//867
f 2420//1935 2421//1936 1012//867 1011//866
f 2419//1934 2420//1935 1011//866 1010//865
f 1031//877 2419//1934 1010//865 153//141
f 1032//878 2416//1931 2419//1934 1031//877
f 1033//879 2413//1928 2416//1931 1032//878
f 2422//1937 2423//1938 2426//1941 2425//1940
f 2423//1938 2424//1939 2427//1942 2426//1941
f 2425//1940 2426//1941 2429//1944 2428//1943
f 2426//1941 2427//1942 2430//1945 2429//1944
f 158//146 1040//886 2422//1937 1037//883
f 1040//886 1041//887 2423//1938 2422//1937
f 1041//887 1042//888 2424//1939 2423//1938
f 1042//888 159//147 1043//889 2424//1939
f 2424//1939 1043//889 1044//890 2427//1942
f 2427//1942 1044//890 1045//891 2430//1945
f 2430//1945 1045//891 155//143 1018//870
f 2429//1944 2430//1945 1018//870 1017//869
f 2428//1943 2429//1944 1017//869 1016//868
f 1039//885 2428//1943 1016//868 154//142
f 1038//884 2425//1940 2428//1943 1039//885
f 1037//883 2422//1937 2425//1940 1038//884
f 2431//1946 2432//1947 2435//1950 2434//1949
f 2432//1947 2433//1948 2436//1951 2435//1950
f 2434//1949 2435//1950 2438//1953 2437//1952
f 2435//1950 2436//1951 2439//1954 2438//1953
f 159//147 1046//892 2431//1946 1043//889
f 1046//892 1047//893 2432//1947 2431//1946
f 1047//893 1048//894 2433//1948 2432//1947
f 1048//894 160//148 1049//895 2433//1948
f 2433//1948 1049//895 1050//896 2436//1951
f 2436//1951 1050//896 1051//897 2439//1954
f 2439//1954 1051//897 156//144 1024//873
f 2438//1953 2439//1954 1024//873 1023//872
f 2437//1952 2438//1953 1023//872 1022//871
f 1045//891 2437//1952 1022//871 155//143
f 1044//890 2434//1949 2437//1952 1045//891
f 1043//889 2431//1946 2434//1949 1044//890
f 2440//1955 2441//1956 2444//1959 2443//1958
f 2441//1956 2442//1957 2445//1960 2444//1959
f 2443//1958 2444//1959 2447//1962 2446//1961
f 2444//1959 2445//1960 2448//1963 2447//1962
f 160//148 1052//898 2440//1955 1049//895
f 1052//898 1053//899 2441//1956 2440//1955
f 1053//899 1054//900 2442//1957 2441//1956
f 1054//900 157//145 1033//879 2442//1957
f 2442//1957 1033//879 1032//878 2445//1960
f 2445//1960 1032//878 1031//877 2448//1963
f 2448//1963 1031//877 153//141 1030//876
f 2447//1962 2448//1963 1030//876 1029//875
f 2446//1961 2447//1962 1029//875 1028//874
f 1051//897 2446//1961 1028//874 156//144
f 1050//896 2443//1958 2446//1961 1051//897
f 1049//895 2440//1955 2443//1958 1050//896
f 2449//1964 2450//1965 2453//1968 2452//1967
f 2450//1965 2451//1966 2454//1969 2453//1968
f 2452//1967 2453//1968 2456//1971 2455//1970
f 2453//1968 2454//1969 2457//1972 2456//1971
f 37//37 1058//904 2449//1964 1057//903
f 1058//904 1059//905 2450//1965 2449//1964
f 1059//905 1060//906 2451//1966 2450//1965
f 1060//906 38//38 1061//907 2451//1966
f 2451//1966 1061//907 1062//908 2454//1969
f 2454//1969 1062//908 1063//909 2457//1972
f 2457//1972 1063//909 158//146 1036//882
f 2456//1971 2457//1972 1036//882 1035//881
f 2455//1970 2456//1971 1035//881 1034//880
f 1055//901 2455//1970 1034//880 157//145
f 1056//902 2452//1967 2455//1970 1055//901
f 1057//903 2449//1964 2452//1967 1056//902
f 2458//1973 2459//1974 2462//1977 2461//1976
f 2459//1974 2460//1975 2463//1978 2462//1977
f 2461//1976 2462//1977 2465//1980 2464//1979
f 2462//1977 2463//1978 2466//1981 2465//1980
f 38//38 1064//910 2458//1973 1061//907
f 1064//910 1065//911 2459//1974 2458//1973
f 1065//911 1066//912 2460//1975 2459//1974
f 1066//912 39//39 1067//913 2460//1975
f 2460//1975 1067//913 1068//914 2463//1978
f 2463//1978 1068//914 1069//915 2466//1981
f 2466//1981 1069//915 159//147 1042//888
f 2465//1980 2466//1981 1042//888 1041//887
f 2464//1979 2465//1980 1041//887 1040//886
f 1063//909 2464//1979 1040//886 158//146
f 1062//908 2461//1976 2464//1979 1063//909
f 1061//907 2458//1973 2461//1976 1062//908
f 2467//1982 2468//1983 2471//1986 2470//1985
f 2468//1983 2469//1984 2472//1987 2471//1986
f 2470//1985 2471//1986 2474//1989 2473//1988
f 2471//1986 2472//1987 2475//1990 2474//1989
f 39//39 1070//916 2467//1982 1067//913
f 1070//916 1071//917 2468//1983 2467//1982
f 1071//917 1072//918 2469//1984 2468//1983
f 1072//918 40//40 1073//919 2469//1984
f 2469//1984 1073//919 1074//920 2472//1987
f 2472//1987 1074//920 1075//921 2475//1990
f 2475//1990 1075//921 160//148 1048//894
f 2474//1989 2475//1990 1048//894 1047//893
f 2473//1988 2474//1989 1047//893 1046//892
f 1069//915 2473//1988 1046//892 159//147
f 1068//914 2470//1985 2473//1988 1069//915
f 1067//913 2467//1982 2470//1985 1068//914
f 2476//1991 2477//1992 2480//1995 2479//1994
f 2477//1992 2478//1993 2481//1996 2480//1995
f 2479//1994 2480//1995 2483//1998 2482//1997
f 2480//1995 2481//1996 2484//1999 2483//1998
f 40//40 1076//922 2476//1991 1073//919
f 1076//922 1077//923 2477//1992 2476//1991
f 1077//923 1078//924 2478//1993 2477//1992
f 1078//924 37//37 1057//903 2478//1993
f 2478//1993 1057//903 1056//902 2481//1996
f 2481//1996 1056//902 1055//901 2484//1999
f 2484//1999 1055//901 157//145 1054//900
f 2483//1998 2484//1999 1054//900 1053//899
f 2482//1997 2483//1998 1053//899 1052//898
f 1075//921 2482//1997 1052//898 160//148
f 1074//920 2479//1994 2482//1997 1075//921
f 1073//919 2476//1991 2479//1994 1074//920
f 2485//2000 2486//2001 2489//2004 2488//2003
f 2486//2001 2487//2002 2490//2005 2489//2004
f 2488//2003 2489//2004 2492//2007 2491//2006
f 2489//2004 2490//2005 2493//2008 2492//2007
f 49//49 1082//928 2485//2000 1081//927
f 1082//928 1083//929 2486//2001 2485//2000
f 1083//929 1084//930 2487//2002 2486//2001
f 1084//930 50//50 1085//931 2487//2002
f 2487//2002 1085//931 1086//932 2490//2005
f 2490//2005 1086//932 1087//933 2493//2008
f 2493//2008 1087//933 54//54 1088//934
f 2492//2007 2493//2008 1088//934 1089//935
f 2491//2006 2492//2007 1089//935 1090//936
f 1079//925 2491//2006 1090//936 53//53
f 1080//926 2488//2003 2491//2006 1079//925
f 1081//927 2485//2000 2488//2003 1080//926
f 2494//2009 2495//2010 2498//2013 2497//2012
f 2495//2010 2496//2011 2499//2014 2498//2013
f 2497//2012 2498//2013 2501//2016 2500//2015
f 2498//2013 2499//2014 2502//2017 2501//2016
f 50//50 1091//937 2494//2009 1085//931
f 1091//937 1092//938 2495//2010 2494//2009
f 1092//938 1093//939 2496//2011 2495//2010
f 1093//939 51//51 1094//940 2496//2011
f 2496//2011 1094//940 1095//941 2499//2014
f 2499//2014 1095//941 1096//942 2502//2017
f 2502//2017 1096//942 55//55 1097//943
f 2501//2016 2502//2017 1097//943 1098//944
f 2500//2015 2501//2016 1098//944 1099//945
f 1087//933 2500//2015 1099//945 54//54
f 1086//932 2497//2012 2500//2015 1087//933
f 1085//931 2494//2009 2497//2012 1086//932
f 2503//2018 2504//2019 2507//2022 2506//2021
f 2504//2019 2505//2020 2508//2023 2507//2022
f 2506//2021 2507//2022 2510//2025 2509//2024
f 2507//2022 2508//2023 2511//2026 2510//2025
f 51//51 1100//946 2503//2018 1094//940
f 1100//946 1101//947 2504//2019 2503//2018
f 1101//947 1102//948 2505//2020 2504//2019
f 1102//948 52//52 1103//949 2505//2020
f 2505//2020 1103//949 1104//950 2508//2023
f 2508//2023 1104//950 1105//951 2511//2026
f 2511//2026 1105//951 56//56 1106//952
f 2510//2025 2511//2026 1106//952 1107//953
f 2509//2024 2510//2025 1107//953 1108//954
f 1096//942 2509//2024 1108//954 55//55
f 1095//941 2506//2021 2509//2024 1096//942
f 1094//940 2503//2018 2506//2021 1095//941
f 2512//2027 2513//2028 2516//2031 2515//2030
f 2513//2028 2514//2029 2517//2032 2516//2031
f 2515//2030 2516//2031 2519//2034 2518//2033
f 2516//2031 2517//2032 2520//2035 2519//2034
f 52//52 1109//955 2512//2027 1103//949
f 1109//955 1110//956 2513//2028 2512//2027
f 1110//956 1111//957 2514//2029 2513//2028
f 1111//957 49//49 1081//927 2514//2029
f 2514//2029 1081//927 1080//926 2517//2032
f 2517//2032 1080//926 1079//925 2520//2035
f 2520//2035 1079//925 53//53 1112//958
f 2519//2034 2520//2035 1112//958 1113//959
f 2518//2033 2519//2034 1113//959 1114//960
f 1105//951 2518//2033 1114//960 56//56
f 1104//950 2515//2030 2518//2033 1105//951
f 1103//949 2512//2027 2515//2030 1104//950
f 2521//2036 2522//2037 2525//2040 2524//2039
f 2522//2037 2523//2038 2526//2041 2525//2040
f 2524//2039 2525//2040 2528//2043 2527//2042
f 2525//2040 2526//2041 2529//2044 2528//2043
f 45//45 394//382 2521//2036 1117//963
f 394//382 393//381 2522//2037 2521//2036
f 393//381 392//380 2523//2038 2522//2037
f 392//380 46//46 1118//964 2523//2038
f 2523//2038 1118//964 1119//965 2526//2041
f 2526//2041 1119//965 1120//966 2529//2044
f 2529//2044 1120//966 50//50 1084//930
f 2528//2043 2529//2044 1084//930 1083//929
f 2527//2042 2528//2043 1083//929 1082//928
f 1115//961 2527//2042 1082//928 49//49
f 1116//962 2524//2039 2527//2042 1115//961
f 1117//963 2521//2036 2524//2039 1116//962
f 2530//2045 2531//2046 2534//2049 2533//2048
f 2531//2046 2532//2047 2535//2050 2534//2049
f 2533//2048 2534//2049 2537//2052 2536//2051
f 2534//2049 2535//2050 2538//2053 2537//2052
f 46//46 391//379 2530//2045 1118//964
f 391//379 390//378 2531//2046 2530//2045
f 390//378 389//377 2532//2047 2531//2046
f 389//377 47//47 1121//967 2532//2047
f 2532//2047 1121//967 1122//968 2535//2050
f 2535//2050 1122//968 1123//969 2538//2053
f 2538//2053 1123//969 51//51 1093//939
f 2537//2052 2538//2053 1093//939 1092//938
f 2536//2051 2537//2052 1092//938 1091//937
f 1120//966 2536//2051 1091//937 50//50
f 1119//965 2533//2048 2536//2051 1120//966
f 1118//964 2530//2045 2533//2048 1119//965
f 2539//2054 2540//2055 2543//2058 2542//2057
f 2540//2055 2541//2056 2544//2059 2543//2058
f 2542//2057 2543//2058 2546//2061 2545//2060
f 2543//2058 2544//2059 2547//2062 2546//2061
f 47//47 388//376 2539//2054 1121//967
f 388//376 387//375 2540//2055 2539//2054
f 387//375 386//374 2541//2056 2540//2055
f 386//374 48//48 1124//970 2541//2056
f 2541//2056 1124//970 1125//971 2544//2059
f 2544//2059 1125//971 1126//972 2547//2062
f 2547//2062 1126//972 52//52 1102//948
f 2546//2061 2547//2062 1102//948 1101//947
f 2545//2060 2546//2061 1101//947 1100//946
f 1123//969 2545//2060 1100//946 51//51
f 1122//968 2542//2057 2545//2060 1123//969
f 1121//967 2539//2054 2542//2057 1122//968
f 2548//2063 2549//2064 2552//2067 2551//2066
f 2549//2064 2550//2065 2553//2068 2552//2067
f 2551//2066 2552//2067 2555//2070 2554//2069
f 2552//2067 2553//2068 2556//2071 2555//2070
f 48//48 385//373 2548//2063 1124//970
f 385//373 384//372 2549//2064 2548//2063
f 384//372 383//371 2550//2065 2549//2064
f 383//371 45//45 1117//963 2550//2065
f 2550//2065 1117//963 1116//962 2553//2068
f 2553//2068 1116//962 1115//961 2556//2071
f 2556//2071 1115//961 49//49 1111//957
f 2555//2070 2556//2071 1111//957 1110//956
f 2554//2069 2555//2070 1110//956 1109//955
f 1126//972 2554//2069 1109//955 52//52
f 1125//971 2551//2066 2554//2069 1126//972
f 1124//970 2548//2063 2551//2066 1125//971
f 2557//2072 2558//2073 2561//2076 2560//2075
f 2558//2073 2559//2074 2562//2077 2561//2076
f 2560//2075 2561//2076 2564//2079 2563//2078
f 2561//2076 2562//2077 2565//2080 2564//2079
f 53//53 1090//936 2557//2072 1129//975
f 1090//936 1089//935 2558//2073 2557//2072
f 1089//935 1088//934 2559//2074 2558//2073
f 1088//934 54//54 1130//976 2559//2074
f 2559//2074 1130//976 1131//977 2562//2077
f 2562//2077 1131//977 1132//978 2565//2080
f 2565//2080 1132//978 42//42 269//257
f 2564//2079 2565//2080 269//257 270//258
f 2563//2078 2564//2079 270//258 271//259
f 1127//973 2563//2078 271//259 41//41
f 1128//974 2560//2075 2563//2078 1127//973
f 1129//975 2557//2072 2560//2075 1128//974
f 2566//2081 2567//2082 2570//2085 2569//2084
f 2567//2082 2568//2083 2571//2086 2570//2085
f 2569//2084 2570//2085 2573//2088 2572//2087
f 2570//2085 2571//2086 2574//2089 2573//2088
f 54//54 1099//945 2566//2081 1130//976
f 1099//945 1098//944 2567//2082 2566//2081
f 1098//944 1097//943 2568//2083 2567//2082
f 1097//943 55//55 1133//979 2568//2083
f 2568//2083 1133//979 1134//980 2571//2086
f 2571//2086 1134//980 1135//981 2574//2089
f 2574//2089 1135//981 43//43 268//256
f 2573//2088 2574//2089 268//256 267//255
f 2572//2087 2573//2088 267//255 266//254
f 1132//978 2572//2087 266//254 42//42
f 1131//977 2569//2084 2572//2087 1132//978
f 1130//976 2566//2081 2569//2084 1131//977
f 2575//2090 2576//2091 2579//2094 2578//2093
f 2576//2091 2577//2092 2580//2095 2579//2094
f 2578//2093 2579//2094 2582//2097 2581//2096
f 2579//2094 2580//2095 2583//2098 2582//2097
f 55//55 1108//954 2575//2090 1133//979
f 1108//954 1107//953 2576//2091 2575//2090
f 1107//953 1106//952 2577//2092 2576//2091
f 1106//952 56//56 1136//982 2577//2092
f 2577//2092 1136//982 1137//983 2580//2095
f 2580//2095 1137//983 1138//984 2583//2098
f 2583//2098 1138//984 44//44 190//178
f 2582//2097 2583//2098 190//178 189//177
f 2581//2096 2582//2097 189//177 188//176
f 1135//981 2581//2096 188//176 43//43
f 1134//980 2578//2093 2581//2096 1135//981
f 1133//979 2575//2090 2578//2093 1134//980
f 2584//2099 2585//2100 2588//2103 2587//2102
f 2585//2100 2586//2101 2589//2104 2588//2103
f 2587//2102 2588//2103 2591//2106 2590//2105
f 2588//2103 2589//2104 2592//2107 2591//2106
f 56//56 1114//960 2584//2099 1136//982
f 1114//960 1113//959 2585//2100 2584//2099
f 1113//959 1112//958 2586//2101 2585//2100
f 1112//958 53//53 1129//975 2586//2101
f 2586//2101 1129//975 1128//974 2589//2104
f 2589//2104 1128//974 1127//973 2592//2107
f 2592//2107 1127//973 41//41 272//260
f 2591//2106 2592//2107 272//260 273//261
f 2590//2105 2591//2106 273//261 274//262
f 1138//984 2590//2105 274//262 44//44
f 1137//983 2587//2102 2590//2105 1138//984
f 1136//982 2584//2099 2587//2102 1137//983
f 2593//2108 2594//2109 2597//2112 2596//2111
f 2594//2109 2595//2110 2598//2113 2597//2112
f 2596//2111 2597//2112 2600//2115 2599//2114
f 2597//2112 2598//2113 2601//2116 2600//2115
f 57//57 406//394 2593//2108 1141//987
f 406//394 405//393 2594//2109 2593//2108
f 405//393 404//392 2595//2110 2594//2109
f 404//392 58//58 1142//988 2595//2110
f 2595//2110 1142//988 1143//989 2598//2113
f 2598//2113 1143//989 1144//990 2601//2116
f 2601//2116 1144//990 38//38 1060//906
f 2600//2115 2601//2116 1060//906 1059//905
f 2599//2114 2600//2115 1059//905 1058//904
f 1139//985 2599//2114 1058//904 37//37
f 1140//986 2596//2111 2599//2114 1139//985
f 1141//987 2593//2108 2596//2111 1140//986
f 2602//2117 2603//2118 2606//2121 2605//2120
f 2603//2118 2604//2119 2607//2122 2606//2121
f 2605//2120 2606//2121 2609//2124 2608//2123
f 2606//2121 2607//2122 2610//2125 2609//2124
f 58//58 403//391 2602//2117 1142//988
f 403//391 402//390 2603//2118 2602//2117
f 402//390 401//389 2604//2119 2603//2118
f 401//389 59//59 1145//991 2604//2119
f 2604//2119 1145//991 1146//992 2607//2122
f 2607//2122 1146//992 1147//993 2610//2125
f 2610//2125 1147//993 39//39 1066//912
f 2609//2124 2610//2125 1066//912 1065//911
f 2608//2123 2609//2124 1065//911 1064//910
f 1144//990 2608//2123 1064//910 38//38
f 1143//989 2605//2120 2608//2123 1144//990
f 1142//988 2602//2117 2605//2120 1143//989
f 2611//2126 2612//2127 2615//2130 2614//2129
f 2612//2127 2613//2128 2616//2131 2615//2130
f 2614//2129 2615//2130 2618//2133 2617//2132
f 2615//2130 2616//2131 2619//2134 2618//2133
f 59//59 400//388 2611//2126 1145//991
f 400//388 399//387 2612//2127 2611//2126
f 399//387 398//386 2613//2128 2612//2127
f 398//386 60//60 1148//994 2613//2128
f 2613//2128 1148//994 1149//995 2616//2131
f 2616//2131 1149//995 1150//996 2619//2134
f 2619//2134 1150//996 40//40 1072//918
f 2618//2133 2619//2134 1072//918 1071//917
f 2617//2132 2618//2133 1071//917 1070//916
f 1147//993 2617//2132 1070//916 39//39
f 1146//992 2614//2129 2617//2132 1147//993
f 1145//991 2611//2126 2614//2129 1146//992
f 2620//2135 2621//2136 2624//2139 2623//2138
f 2621//2136 2622//2137 2625//2140 2624//2139
f 2623//2138 2624//2139 2627//2142 2626//2141
f 2624//2139 2625//2140 2628//2143 2627//2142
f 60//60 397//385 2620//2135 1148//994
f 397//385 396//384 2621//2136 2620//2135
f 396//384 395//383 2622//2137 2621//2136
f 395//383 57//57 1141//987 2622//2137
f 2622//2137 1141//987 1140//986 2625//2140
f 2625//2140 1140//986 1139//985 2628//2143
f 2628//2143 1139//985 37//37 1078//924
f 2627//2142 2628//2143 1078//924 1077//923
f 2626//2141 2627//2142 1077//923 1076//922
f 1150//996 2626//2141 1076//922 40//40
f 1149//995 2623//2138 2626//2141 1150//996
f 1148//994 2620//2135 2623//2138 1149//995
o Plane.001
v 1.158222 11.035091 -1.882598
v 1.197851 11.022870 -1.882598
v 1.158222 11.022870 -1.802598
v 1.167036 11.034785 -1.882598
v 1.175413 11.033881 -1.882598
v 1.182929 11.032425 -1.882598
v 1.158222 11.034785 -1.864805
v 1.167414 11.034422 -1.864235
v 1.175712 11.033475 -1.864311
v 1.182585 11.032105 -1.864542
v 1.158222 11.033881 -1.847896
v 1.167359 11.033469 -1.847300
v 1.175236 11.032584 -1.848300
v 1.181302 11.031428 -1.849570
v 1.158222 11.032425 -1.832722
v 1.167194 11.032093 -1.833338
v 1.174592 11.031425 -1.835995
v 1.179885 11.030622 -1.838866
v 1.196858 11.022870 -1.864805
v 1.193928 11.022870 -1.847896
v 1.189206 11.022870 -1.832722
v 1.196858 11.025588 -1.882598
v 1.195681 11.025675 -1.864042
v 1.192609 11.025663 -1.847290
v 1.188171 11.025628 -1.833417
v 1.193928 11.028172 -1.882598
v 1.192591 11.028262 -1.864153
v 1.189723 11.028110 -1.848253
v 1.185973 11.027915 -1.836006
v 1.189206 11.030489 -1.882598
v 1.188131 11.030396 -1.864486
v 1.185962 11.029989 -1.849552
v 1.183359 11.029551 -1.838866
v 1.158222 11.025588 -1.804602
v 1.158222 11.028172 -1.810517
v 1.158222 11.030489 -1.820050
v 1.167036 11.022870 -1.804602
v 1.167319 11.025704 -1.806978
v 1.167281 11.028264 -1.813180
v 1.167167 11.030383 -1.822140
v 1.175413 11.022870 -1.810517
v 1.175707 11.025688 -1.813216
v 1.175212 11.028116 -1.819006
v 1.174583 11.029987 -1.826577
v 1.182929 11.022870 -1.820050
v 1.182624 11.025637 -1.822221
v 1.181308 11.027918 -1.826598
v 1.179885 11.029551 -1.831854
v 1.197851 10.741780 -1.882598
v 1.158222 10.729559 -1.882598
v 1.158222 10.741780 -1.802598
v 1.196858 10.739062 -1.882598
v 1.193928 10.736479 -1.882598
v 1.189206 10.734161 -1.882598
v 1.196858 10.741780 -1.864805
v 1.195681 10.738946 -1.864235
v 1.192609 10.736386 -1.864311
v 1.188171 10.734267 -1.864542
v 1.193928 10.741780 -1.847896
v 1.192591 10.738962 -1.847300
v 1.189723 10.736534 -1.848300
v 1.185973 10.734663 -1.849570
v 1.189206 10.741780 -1.832722
v 1.188131 10.739014 -1.833338
v 1.185962 10.736732 -1.835995
v 1.183359 10.735100 -1.838866
v 1.158222 10.729865 -1.864805
v 1.158222 10.730769 -1.847896
v 1.158222 10.732225 -1.832722
v 1.167036 10.729865 -1.882598
v 1.167319 10.730228 -1.864042
v 1.167281 10.731175 -1.847290
v 1.167167 10.732545 -1.833417
v 1.175413 10.730769 -1.882598
v 1.175707 10.731181 -1.864153
v 1.175212 10.732066 -1.848253
v 1.174583 10.733222 -1.836006
v 1.182929 10.732225 -1.882598
v 1.182624 10.732557 -1.864486
v 1.181308 10.733226 -1.849552
v 1.179885 10.734029 -1.838866
v 1.167036 10.741780 -1.804602
v 1.175413 10.741780 -1.810517
v 1.182929 10.741780 -1.820050
v 1.158222 10.739062 -1.804602
v 1.167414 10.738976 -1.806978
v 1.175712 10.738987 -1.813180
v 1.182585 10.739022 -1.822140
v 1.158222 10.736479 -1.810517
v 1.167359 10.736388 -1.813216
v 1.175236 10.736541 -1.819006
v 1.181302 10.736735 -1.826577
v 1.158222 10.734161 -1.820050
v 1.167194 10.734255 -1.822221
v 1.174592 10.734661 -1.826598
v 1.179885 10.735100 -1.831854
v 0.702497 11.022870 -1.802598
v 0.702497 11.035091 -1.882598
v 0.702497 11.025589 -1.804604
v 0.702497 11.028172 -1.810521
v 0.702497 11.030490 -1.820052
v 0.702497 11.032425 -1.832719
v 0.702497 11.033881 -1.847888
v 0.702497 11.034784 -1.864797
v 0.702497 10.729559 -1.882598
v 0.702497 10.741780 -1.802598
v 0.702497 10.729866 -1.864797
v 0.702497 10.730769 -1.847888
v 0.702497 10.732225 -1.832719
v 0.702497 10.734160 -1.820052
v 0.702497 10.736478 -1.810521
v 0.702497 10.739061 -1.804604
v 0.246771 11.035091 -1.882598
v 0.246771 11.022870 -1.802598
v 0.207143 11.022870 -1.882598
v 0.246771 11.034785 -1.864805
v 0.246771 11.033881 -1.847896
v 0.246771 11.032425 -1.832722
v 0.237957 11.034785 -1.882598
v 0.237674 11.034422 -1.864042
v 0.237712 11.033475 -1.847290
v 0.237826 11.032105 -1.833417
v 0.229581 11.033881 -1.882598
v 0.229286 11.033469 -1.864153
v 0.229781 11.032584 -1.848253
v 0.230410 11.031428 -1.836006
v 0.222064 11.032425 -1.882598
v 0.222370 11.032093 -1.864486
v 0.223686 11.031425 -1.849552
v 0.225108 11.030622 -1.838866
v 0.237957 11.022870 -1.804602
v 0.229581 11.022870 -1.810517
v 0.222064 11.022870 -1.820050
v 0.246771 11.025588 -1.804602
v 0.237579 11.025675 -1.806978
v 0.229281 11.025663 -1.813180
v 0.222409 11.025628 -1.822140
v 0.246771 11.028172 -1.810517
v 0.237634 11.028262 -1.813216
v 0.229758 11.028110 -1.819006
v 0.223691 11.027915 -1.826577
v 0.246771 11.030489 -1.820050
v 0.237799 11.030396 -1.822221
v 0.230401 11.029989 -1.826598
v 0.225108 11.029551 -1.831854
v 0.208135 11.025588 -1.882598
v 0.211065 11.028172 -1.882598
v 0.215787 11.030489 -1.882598
v 0.208135 11.022870 -1.864805
v 0.209312 11.025704 -1.864235
v 0.212384 11.028264 -1.864311
v 0.216823 11.030383 -1.864542
v 0.211065 11.022870 -1.847896
v 0.212402 11.025688 -1.847300
v 0.215270 11.028116 -1.848300
v 0.219021 11.029987 -1.849570
v 0.215787 11.022870 -1.832722
v 0.216863 11.025637 -1.833338
v 0.219031 11.027918 -1.835995
v 0.221634 11.029551 -1.838866
v 0.207143 10.741780 -1.882598
v 0.246771 10.741780 -1.802598
v 0.246771 10.729559 -1.882598
v 0.208135 10.741780 -1.864805
v 0.211065 10.741780 -1.847896
v 0.215787 10.741780 -1.832722
v 0.208135 10.739062 -1.882598
v 0.209312 10.738976 -1.864042
v 0.212384 10.738987 -1.847290
v 0.216823 10.739022 -1.833417
v 0.211065 10.736479 -1.882598
v 0.212402 10.736388 -1.864153
v 0.215270 10.736541 -1.848253
v 0.219021 10.736735 -1.836006
v 0.215787 10.734161 -1.882598
v 0.216863 10.734255 -1.864486
v 0.219031 10.734661 -1.849552
v 0.221634 10.735100 -1.838866
v 0.246771 10.739062 -1.804602
v 0.246771 10.736479 -1.810517
v 0.246771 10.734161 -1.820050
v 0.237957 10.741780 -1.804602
v 0.237674 10.738946 -1.806978
v 0.237712 10.736386 -1.813180
v 0.237826 10.734267 -1.822140
v 0.229581 10.741780 -1.810517
v 0.229286 10.738962 -1.813216
v 0.229781 10.736534 -1.819006
v 0.230410 10.734663 -1.826577
v 0.222064 10.741780 -1.820050
v 0.222370 10.739014 -1.822221
v 0.223686 10.736732 -1.826598
v 0.225108 10.735100 -1.831854
v 0.237957 10.729865 -1.882598
v 0.229581 10.730769 -1.882598
v 0.222064 10.732225 -1.882598
v 0.246771 10.729865 -1.864805
v 0.237579 10.730228 -1.864235
v 0.229281 10.731175 -1.864311
v 0.222409 10.732545 -1.864542
v 0.246771 10.730769 -1.847896
v 0.237634 10.731181 -1.847300
v 0.229758 10.732066 -1.848300
v 0.223691 10.733222 -1.849570
v 0.246771 10.732225 -1.832722
v 0.237799 10.732557 -1.833338
v 0.230401 10.733226 -1.835995
v 0.225108 10.734029 -1.838866
v 1.158222 11.035091 -1.952598
v 1.158222 11.022870 -2.032598
v 1.197851 11.022870 -1.952598
v 1.158222 11.034785 -1.970391
v 1.158222 11.033881 -1.987301
v 1.158222 11.032425 -2.002475
v 1.167036 11.034785 -1.952598
v 1.167319 11.034422 -1.971154
v 1.167281 11.033475 -1.987906
v 1.167167 11.032105 -2.001780
v 1.175413 11.033881 -1.952598
v 1.175707 11.033469 -1.971044
v 1.175212 11.032585 -1.986944
v 1.174583 11.031428 -1.999190
v 1.182929 11.032425 -1.952598
v 1.182624 11.032093 -1.970710
v 1.181308 11.031425 -1.985645
v 1.179885 11.030622 -1.996330
v 1.167036 11.022870 -2.030594
v 1.175413 11.022870 -2.024680
v 1.182929 11.022870 -2.015147
v 1.158222 11.025588 -2.030594
v 1.167414 11.025675 -2.028219
v 1.175712 11.025663 -2.022017
v 1.182585 11.025628 -2.013056
v 1.158222 11.028172 -2.024680
v 1.167359 11.028262 -2.021980
v 1.175236 11.028110 -2.016191
v 1.181302 11.027916 -2.008619
v 1.158222 11.030489 -2.015147
v 1.167194 11.030396 -2.012976
v 1.174592 11.029989 -2.008598
v 1.179885 11.029551 -2.003343
v 1.196858 11.025588 -1.952598
v 1.193928 11.028172 -1.952598
v 1.189206 11.030489 -1.952598
v 1.196858 11.022870 -1.970391
v 1.195681 11.025704 -1.970962
v 1.192609 11.028264 -1.970886
v 1.188171 11.030383 -1.970655
v 1.193928 11.022870 -1.987301
v 1.192591 11.025688 -1.987896
v 1.189723 11.028117 -1.986897
v 1.185973 11.029987 -1.985626
v 1.189206 11.022870 -2.002475
v 1.188131 11.025637 -2.001858
v 1.185962 11.027918 -1.999202
v 1.183359 11.029551 -1.996330
v 1.197851 10.741780 -1.952598
v 1.158222 10.741780 -2.032598
v 1.158222 10.729559 -1.952598
v 1.196858 10.741780 -1.970391
v 1.193928 10.741780 -1.987301
v 1.189206 10.741780 -2.002475
v 1.196858 10.739062 -1.952598
v 1.195681 10.738976 -1.971154
v 1.192609 10.738987 -1.987906
v 1.188171 10.739022 -2.001780
v 1.193928 10.736479 -1.952598
v 1.192591 10.736388 -1.971044
v 1.189723 10.736541 -1.986944
v 1.185973 10.736735 -1.999190
v 1.189206 10.734161 -1.952598
v 1.188131 10.734255 -1.970710
v 1.185962 10.734661 -1.985645
v 1.183359 10.735100 -1.996330
v 1.158222 10.739062 -2.030594
v 1.158222 10.736479 -2.024680
v 1.158222 10.734161 -2.015147
v 1.167036 10.741780 -2.030594
v 1.167319 10.738946 -2.028219
v 1.167281 10.736386 -2.022017
v 1.167167 10.734267 -2.013056
v 1.175413 10.741780 -2.024680
v 1.175707 10.738962 -2.021980
v 1.175212 10.736534 -2.016191
v 1.174583 10.734663 -2.008619
v 1.182929 10.741780 -2.015147
v 1.182624 10.739014 -2.012976
v 1.181308 10.736732 -2.008598
v 1.179885 10.735100 -2.003343
v 1.167036 10.729865 -1.952598
v 1.175413 10.730769 -1.952598
v 1.182929 10.732225 -1.952598
v 1.158222 10.729865 -1.970391
v 1.167414 10.730228 -1.970962
v 1.175712 10.731175 -1.970886
v 1.182585 10.732545 -1.970655
v 1.158222 10.730769 -1.987301
v 1.167359 10.731181 -1.987896
v 1.175236 10.732066 -1.986897
v 1.181302 10.733222 -1.985626
v 1.158222 10.732225 -2.002475
v 1.167194 10.732557 -2.001858
v 1.174592 10.733226 -1.999202
v 1.179885 10.734029 -1.996330
v 0.702497 11.035091 -1.952598
v 0.702497 11.022870 -2.032598
v 0.702497 11.034784 -1.970400
v 0.702497 11.033881 -1.987309
v 0.702497 11.032425 -2.002477
v 0.702497 11.030490 -2.015145
v 0.702497 11.028172 -2.024676
v 0.702497 11.025589 -2.030592
v 0.702497 10.741780 -2.032598
v 0.702497 10.729559 -1.952598
v 0.702497 10.739061 -2.030592
v 0.702497 10.736478 -2.024676
v 0.702497 10.734160 -2.015145
v 0.702497 10.732225 -2.002477
v 0.702497 10.730769 -1.987309
v 0.702497 10.729866 -1.970400
v 0.246771 11.035091 -1.952598
v 0.207143 11.022870 -1.952598
v 0.246771 11.022870 -2.032598
v 0.237957 11.034785 -1.952598
v 0.229581 11.033881 -1.952598
v 0.222064 11.032425 -1.952598
v 0.246771 11.034785 -1.970391
v 0.237579 11.034422 -1.970962
v 0.229281 11.033475 -1.970886
v 0.222409 11.032105 -1.970655
v 0.246771 11.033881 -1.987301
v 0.237634 11.033469 -1.987896
v 0.229758 11.032585 -1.986897
v 0.223691 11.031428 -1.985626
v 0.246771 11.032425 -2.002475
v 0.237799 11.032093 -2.001858
v 0.230401 11.031425 -1.999202
v 0.225108 11.030622 -1.996330
v 0.208135 11.022870 -1.970391
v 0.211065 11.022870 -1.987301
v 0.215787 11.022870 -2.002475
v 0.208135 11.025588 -1.952598
v 0.209312 11.025675 -1.971154
v 0.212384 11.025663 -1.987906
v 0.216823 11.025628 -2.001780
v 0.211065 11.028172 -1.952598
v 0.212402 11.028262 -1.971044
v 0.215270 11.028110 -1.986944
v 0.219021 11.027916 -1.999190
v 0.215787 11.030489 -1.952598
v 0.216863 11.030396 -1.970710
v 0.219031 11.029989 -1.985645
v 0.221634 11.029551 -1.996330
v 0.246771 11.025588 -2.030594
v 0.246771 11.028172 -2.024680
v 0.246771 11.030489 -2.015147
v 0.237957 11.022870 -2.030594
v 0.237674 11.025704 -2.028219
v 0.237712 11.028264 -2.022017
v 0.237826 11.030383 -2.013056
v 0.229581 11.022870 -2.024680
v 0.229286 11.025688 -2.021980
v 0.229781 11.028117 -2.016191
v 0.230410 11.029987 -2.008619
v 0.222064 11.022870 -2.015147
v 0.222370 11.025637 -2.012976
v 0.223686 11.027918 -2.008598
v 0.225108 11.029551 -2.003343
v 0.207143 10.741780 -1.952598
v 0.246771 10.729559 -1.952598
v 0.246771 10.741780 -2.032598
v 0.208135 10.739062 -1.952598
v 0.211065 10.736479 -1.952598
v 0.215787 10.734161 -1.952598
v 0.208135 10.741780 -1.970391
v 0.209312 10.738946 -1.970962
v 0.212384 10.736386 -1.970886
v 0.216823 10.734267 -1.970655
v 0.211065 10.741780 -1.987301
v 0.212402 10.738962 -1.987896
v 0.215270 10.736534 -1.986897
v 0.219021 10.734663 -1.985626
v 0.215787 10.741780 -2.002475
v 0.216863 10.739014 -2.001858
v 0.219031 10.736732 -1.999202
v 0.221634 10.735100 -1.996330
v 0.246771 10.729865 -1.970391
v 0.246771 10.730769 -1.987301
v 0.246771 10.732225 -2.002475
v 0.237957 10.729865 -1.952598
v 0.237674 10.730228 -1.971154
v 0.237712 10.731175 -1.987906
v 0.237826 10.732545 -2.001780
v 0.229581 10.730769 -1.952598
v 0.229286 10.731181 -1.971044
v 0.229781 10.732066 -1.986944
v 0.230410 10.733222 -1.999190
v 0.222064 10.732225 -1.952598
v 0.222370 10.732557 -1.970710
v 0.223686 10.733226 -1.985645
v 0.225108 10.734029 -1.996330
v 0.237957 10.741780 -2.030594
v 0.229581 10.741780 -2.024680
v 0.222064 10.741780 -2.015147
v 0.246771 10.739062 -2.030594
v 0.237579 10.738976 -2.028219
v 0.229281 10.738987 -2.022017
v 0.222409 10.739022 -2.013056
v 0.246771 10.736479 -2.024680
v 0.237634 10.736388 -2.021980
v 0.229758 10.736541 -2.016191
v 0.223691 10.736735 -2.008619
v 0.246771 10.734161 -2.015147
v 0.237799 10.734255 -2.012976
v 0.230401 10.734661 -2.008598
v 0.225108 10.735100 -2.003343
vn 0.0366 0.9992 0.0181
vn 0.1104 0.9937 0.0188
vn 0.1929 0.9810 0.0198
vn 0.2946 0.9554 0.0225
vn 0.0387 0.9977 0.0548
vn 0.1161 0.9916 0.0573
vn 0.1980 0.9783 0.0608
vn 0.2937 0.9534 0.0684
vn 0.0410 0.9945 0.0969
vn 0.1241 0.9873 0.0991
vn 0.2050 0.9735 0.1015
vn 0.2928 0.9498 0.1103
vn 0.9319 0.3585 0.0548
vn 0.9153 0.3681 0.1633
vn 0.8825 0.3788 0.2788
vn 0.8179 0.4086 0.4050
vn 0.6506 0.7584 0.0406
vn 0.6272 0.7699 0.1180
vn 0.5931 0.7817 0.1928
vn 0.5295 0.8068 0.2620
vn 0.4352 0.8999 0.0288
vn 0.4233 0.9020 0.0855
vn 0.4078 0.9026 0.1379
vn 0.3696 0.9110 0.1830
vn 0.1858 0.6026 0.7761
vn 0.0973 0.9163 0.3886
vn 0.0621 0.9706 0.2325
vn 0.0469 0.9874 0.1509
vn 0.4887 0.5547 0.6734
vn 0.2743 0.8921 0.3589
vn 0.1829 0.9575 0.2229
vn 0.1420 0.9785 0.1497
vn 0.6959 0.4728 0.5405
vn 0.4221 0.8489 0.3182
vn 0.2882 0.9345 0.2091
vn 0.2258 0.9630 0.1472
vn 0.2916 0.9456 0.1445
vn 0.9319 -0.3585 0.0548
vn 0.6498 -0.7591 0.0399
vn 0.4352 -0.8999 0.0285
vn 0.2947 -0.9553 0.0225
vn 0.9136 -0.3728 0.1627
vn 0.6261 -0.7709 0.1174
vn 0.4237 -0.9018 0.0853
vn 0.2943 -0.9532 0.0685
vn 0.8813 -0.3818 0.2784
vn 0.5920 -0.7825 0.1927
vn 0.4078 -0.9026 0.1379
vn 0.2930 -0.9497 0.1103
vn 0.0366 -0.9992 0.0181
vn 0.0382 -0.9978 0.0549
vn 0.0406 -0.9945 0.0969
vn 0.0469 -0.9874 0.1508
vn 0.1102 -0.9937 0.0191
vn 0.1158 -0.9916 0.0575
vn 0.1238 -0.9874 0.0990
vn 0.1418 -0.9786 0.1493
vn 0.1929 -0.9810 0.0200
vn 0.1983 -0.9783 0.0609
vn 0.2050 -0.9735 0.1015
vn 0.2258 -0.9630 0.1471
vn 0.1858 -0.6026 0.7761
vn 0.4916 -0.5489 0.6760
vn 0.6973 -0.4694 0.5417
vn 0.8178 -0.4087 0.4052
vn 0.0989 -0.9158 0.3892
vn 0.2757 -0.8914 0.3597
vn 0.4225 -0.8484 0.3189
vn 0.5291 -0.8070 0.2624
vn 0.0627 -0.9706 0.2325
vn 0.1832 -0.9576 0.2226
vn 0.2882 -0.9345 0.2091
vn 0.3695 -0.9110 0.1831
vn 0.2916 -0.9456 0.1444
vn -0.0366 0.9992 0.0181
vn -0.0382 0.9978 0.0549
vn -0.0406 0.9945 0.0969
vn -0.0469 0.9874 0.1508
vn -0.1102 0.9937 0.0191
vn -0.1158 0.9916 0.0575
vn -0.1238 0.9874 0.0990
vn -0.1418 0.9786 0.1493
vn -0.1929 0.9810 0.0200
vn -0.1983 0.9783 0.0609
vn -0.2050 0.9735 0.1015
vn -0.2258 0.9630 0.1471
vn -0.1858 0.6026 0.7761
vn -0.4916 0.5489 0.6760
vn -0.6973 0.4694 0.5417
vn -0.8178 0.4087 0.4052
vn -0.0989 0.9158 0.3892
vn -0.2757 0.8914 0.3597
vn -0.4225 0.8484 0.3189
vn -0.5291 0.8070 0.2624
vn -0.0627 0.9706 0.2325
vn -0.1832 0.9575 0.2226
vn -0.2882 0.9345 0.2091
vn -0.3695 0.9110 0.1831
vn -0.9319 0.3585 0.0548
vn -0.6498 0.7591 0.0399
vn -0.4352 0.8999 0.0285
vn -0.2947 0.9553 0.0225
vn -0.9136 0.3728 0.1627
vn -0.6261 0.7709 0.1174
vn -0.4237 0.9018 0.0853
vn -0.2943 0.9532 0.0685
vn -0.8813 0.3818 0.2784
vn -0.5920 0.7825 0.1927
vn -0.4078 0.9026 0.1379
vn -0.2930 0.9497 0.1103
vn -0.2916 0.9456 0.1444
vn -0.9319 -0.3585 0.0548
vn -0.9153 -0.3681 0.1633
vn -0.8825 -0.3788 0.2788
vn -0.8179 -0.4087 0.4050
vn -0.6506 -0.7584 0.0406
vn -0.6272 -0.7699 0.1180
vn -0.5931 -0.7817 0.1928
vn -0.5295 -0.8068 0.2620
vn -0.4352 -0.8999 0.0288
vn -0.4233 -0.9020 0.0855
vn -0.4078 -0.9026 0.1379
vn -0.3696 -0.9110 0.1830
vn -0.1858 -0.6026 0.7761
vn -0.0973 -0.9163 0.3886
vn -0.0621 -0.9706 0.2325
vn -0.0469 -0.9874 0.1509
vn -0.4887 -0.5547 0.6734
vn -0.2743 -0.8921 0.3589
vn -0.1829 -0.9575 0.2229
vn -0.1420 -0.9785 0.1497
vn -0.6959 -0.4728 0.5405
vn -0.4221 -0.8489 0.3182
vn -0.2882 -0.9345 0.2091
vn -0.2258 -0.9630 0.1472
vn -0.0366 -0.9992 0.0181
vn -0.1104 -0.9937 0.0188
vn -0.1929 -0.9810 0.0198
vn -0.2946 -0.9554 0.0225
vn -0.0387 -0.9977 0.0548
vn -0.1161 -0.9916 0.0573
vn -0.1980 -0.9783 0.0608
vn -0.2937 -0.9534 0.0684
vn -0.0410 -0.9945 0.0969
vn -0.1241 -0.9873 0.0991
vn -0.2050 -0.9735 0.1015
vn -0.2928 -0.9498 0.1103
vn -0.2916 -0.9456 0.1445
vn 0.0366 0.9992 -0.0181
vn 0.0382 0.9978 -0.0549
vn 0.0406 0.9945 -0.0969
vn 0.0469 0.9874 -0.1508
vn 0.1102 0.9937 -0.0191
vn 0.1158 0.9916 -0.0575
vn 0.1238 0.9874 -0.0990
vn 0.1418 0.9786 -0.1493
vn 0.1929 0.9810 -0.0200
vn 0.1983 0.9783 -0.0609
vn 0.2050 0.9735 -0.1015
vn 0.2258 0.9630 -0.1471
vn 0.1859 0.6026 -0.7761
vn 0.4916 0.5489 -0.6760
vn 0.6973 0.4694 -0.5417
vn 0.8178 0.4087 -0.4052
vn 0.0989 0.9158 -0.3892
vn 0.2757 0.8914 -0.3597
vn 0.4225 0.8484 -0.3189
vn 0.5291 0.8070 -0.2624
vn 0.0627 0.9706 -0.2325
vn 0.1832 0.9575 -0.2226
vn 0.2882 0.9345 -0.2091
vn 0.3695 0.9110 -0.1831
vn 0.9319 0.3585 -0.0548
vn 0.6498 0.7591 -0.0399
vn 0.4352 0.8999 -0.0285
vn 0.2947 0.9553 -0.0225
vn 0.9136 0.3728 -0.1627
vn 0.6261 0.7709 -0.1174
vn 0.4237 0.9018 -0.0853
vn 0.2943 0.9532 -0.0685
vn 0.8813 0.3818 -0.2784
vn 0.5920 0.7825 -0.1927
vn 0.4078 0.9026 -0.1379
vn 0.2930 0.9497 -0.1103
vn 0.2916 0.9456 -0.1444
vn 0.9319 -0.3585 -0.0548
vn 0.9153 -0.3681 -0.1633
vn 0.8825 -0.3788 -0.2788
vn 0.8179 -0.4086 -0.4050
vn 0.6506 -0.7584 -0.0406
vn 0.6272 -0.7699 -0.1180
vn 0.5931 -0.7817 -0.1928
vn 0.5295 -0.8068 -0.2620
vn 0.4352 -0.8999 -0.0288
vn 0.4233 -0.9020 -0.0855
vn 0.4078 -0.9026 -0.1379
vn 0.3696 -0.9110 -0.1830
vn 0.1859 -0.6026 -0.7761
vn 0.0973 -0.9163 -0.3886
vn 0.0621 -0.9706 -0.2325
vn 0.0469 -0.9874 -0.1509
vn 0.4887 -0.5547 -0.6734
vn 0.2743 -0.8921 -0.3589
vn 0.1829 -0.9575 -0.2229
vn 0.1420 -0.9785 -0.1497
vn 0.6959 -0.4728 -0.5405
vn 0.4221 -0.8489 -0.3182
vn 0.2882 -0.9345 -0.2091
vn 0.2258 -0.9630 -0.1472
vn 0.0366 -0.9992 -0.0181
vn 0.1104 -0.9937 -0.0188
vn 0.1929 -0.9810 -0.0198
vn 0.2946 -0.9554 -0.0225
vn 0.0387 -0.9977 -0.0548
vn 0.1161 -0.9916 -0.0573
vn 0.1980 -0.9783 -0.0608
vn 0.2937 -0.9534 -0.0684
vn 0.0410 -0.9945 -0.0969
vn 0.1241 -0.9873 -0.0991
vn 0.2049 -0.9735 -0.1015
vn 0.2928 -0.9498 -0.1103
vn 0.2916 -0.9456 -0.1445
vn -0.0366 0.9992 -0.0181
vn -0.1104 0.9937 -0.0188
vn -0.1929 0.9810 -0.0198
vn -0.2946 0.9554 -0.0225
vn -0.0387 0.9977 -0.0548
vn -0.1161 0.9916 -0.0573
vn -0.1980 0.9783 -0.0608
vn -0.2937 0.9534 -0.0684
vn -0.0410 0.9945 -0.0969
vn -0.1241 0.9873 -0.0991
vn -0.2049 0.9735 -0.1015
vn -0.2928 0.9498 -0.1103
vn -0.9319 0.3585 -0.0548
vn -0.9153 0.3681 -0.1633
vn -0.8825 0.3788 -0.2788
vn -0.8179 0.4086 -0.4050
vn -0.6506 0.7584 -0.0406
vn -0.6272 0.7699 -0.1180
vn -0.5931 0.7817 -0.1928
vn -0.5295 0.8068 -0.2620
vn -0.4352 0.8999 -0.0288
vn -0.4233 0.9020 -0.0855
vn -0.4078 0.9026 -0.1379
vn -0.3696 0.9110 -0.1830
vn -0.1859 0.6026 -0.7761
vn -0.0973 0.9163 -0.3886
vn -0.0621 0.9706 -0.2325
vn -0.0469 0.9874 -0.1509
vn -0.4887 0.5547 -0.6734
vn -0.2743 0.8921 -0.3589
vn -0.1829 0.9575 -0.2229
vn -0.1420 0.9785 -0.1497
vn -0.6959 0.4728 -0.5405
vn -0.4221 0.8489 -0.3182
vn -0.2882 0.9345 -0.2091
vn -0.2258 0.9630 -0.1472
vn -0.2916 0.9456 -0.1445
vn -0.9319 -0.3585 -0.0548
vn -0.6498 -0.7591 -0.0399
vn -0.4352 -0.8999 -0.0285
vn -0.2947 -0.9553 -0.0225
vn -0.9136 -0.3728 -0.1627
vn -0.6261 -0.7709 -0.1174
vn -0.4237 -0.9018 -0.0853
vn -0.2943 -0.9532 -0.0685
vn -0.8813 -0.3818 -0.2784
vn -0.5920 -0.7825 -0.1927
vn -0.4078 -0.9026 -0.1379
vn -0.2930 -0.9497 -0.1103
vn -0.0366 -0.9992 -0.0181
vn -0.0382 -0.9978 -0.0549
vn -0.0406 -0.9945 -0.0969
vn -0.0469 -0.9874 -0.1508
vn -0.1102 -0.9937 -0.0191
vn -0.1158 -0.9916 -0.0575
vn -0.1238 -0.9874 -0.0990
vn -0.1418 -0.9786 -0.1493
vn -0.1929 -0.9810 -0.0200
vn -0.1983 -0.9783 -0.0609
vn -0.2050 -0.9735 -0.1015
vn -0.2258 -0.9630 -0.1471
vn -0.1859 -0.6026 -0.7761
vn -0.4916 -0.5489 -0.6760
vn -0.6973 -0.4694 -0.5417
vn -0.8178 -0.4087 -0.4052
vn -0.0989 -0.9158 -0.3892
vn -0.2757 -0.8914 -0.3597
vn -0.4225 -0.8484 -0.3189
vn -0.5291 -0.8070 -0.2624
vn -0.0627 -0.9706 -0.2325
vn -0.1832 -0.9575 -0.2226
vn -0.2882 -0.9345 -0.2091
vn -0.3695 -0.9110 -0.1831
vn -0.2916 -0.9456 -0.1444
vn -0.0000 0.9999 0.0172
vn -0.0000 0.9986 0.0534
vn -0.0000 0.9954 0.0955
vn -0.0000 0.9885 0.1510
vn -0.0000 0.9717 0.2363
vn -0.0000 0.9164 0.4002
vn -0.0000 0.5935 0.8049
vn 0.9984 -0.0000 0.0557
vn 0.9853 -0.0000 0.1707
vn 0.9548 -0.0000 0.2971
vn 0.8961 -0.0000 0.4439
vn 0.7853 -0.0000 0.6192
vn 0.5768 -0.0000 0.8169
vn 0.2217 -0.0000 0.9751
vn -0.0000 -0.9999 0.0172
vn -0.0000 -0.9986 0.0534
vn -0.0000 -0.9954 0.0955
vn -0.0000 -0.9885 0.1510
vn -0.0000 -0.9717 0.2363
vn -0.0000 -0.9164 0.4002
vn -0.0000 -0.5935 0.8049
vn -0.2217 -0.0000 0.9751
vn -0.5768 -0.0000 0.8169
vn -0.7853 -0.0000 0.6192
vn -0.8961 -0.0000 0.4439
vn -0.9548 -0.0000 0.2971
vn -0.9853 -0.0000 0.1707
vn -0.9984 -0.0000 0.0557
vn -0.0000 0.5935 -0.8049
vn -0.0000 0.9164 -0.4002
vn -0.0000 0.9717 -0.2363
vn -0.0000 0.9885 -0.1510
vn -0.0000 0.9954 -0.0955
vn -0.0000 0.9986 -0.0534
vn -0.0000 0.9999 -0.0172
vn 0.2217 -0.0000 -0.9751
vn 0.5768 -0.0000 -0.8169
vn 0.7853 -0.0000 -0.6192
vn 0.8961 -0.0000 -0.4439
vn 0.9548 -0.0000 -0.2971
vn 0.9853 -0.0000 -0.1707
vn 0.9984 -0.0000 -0.0557
vn -0.0000 -0.5935 -0.8049
vn -0.0000 -0.9164 -0.4002
vn -0.0000 -0.9717 -0.2363
vn -0.0000 -0.9885 -0.1510
vn -0.0000 -0.9954 -0.0955
vn -0.0000 -0.9986 -0.0534
vn -0.0000 -0.9999 -0.0172
vn -0.9984 -0.0000 -0.0557
vn -0.9853 -0.0000 -0.1707
vn -0.9548 -0.0000 -0.2971
vn -0.8961 -0.0000 -0.4439
vn -0.7853 -0.0000 -0.6192
vn -0.5768 -0.0000 -0.8169
vn -0.2217 -0.0000 -0.9751
vn 0.0347 0.9994 -0.0000
vn 0.1073 0.9942 -0.0000
vn 0.1902 0.9817 -0.0000
vn 0.2947 0.9556 -0.0000
vn 0.4407 0.8977 -0.0000
vn 0.6613 0.7501 -0.0000
vn 0.9393 0.3430 -0.0000
vn 0.9393 -0.3430 -0.0000
vn 0.6613 -0.7501 -0.0000
vn 0.4407 -0.8977 -0.0000
vn 0.2947 -0.9556 -0.0000
vn 0.1902 -0.9817 -0.0000
vn 0.1073 -0.9942 -0.0000
vn 0.0347 -0.9994 -0.0000
vn -0.9393 0.3430 -0.0000
vn -0.6613 0.7501 -0.0000
vn -0.4407 0.8977 -0.0000
vn -0.2947 0.9556 -0.0000
vn -0.1902 0.9817 -0.0000
vn -0.1073 0.9942 -0.0000
vn -0.0347 0.9994 -0.0000
vn -0.0347 -0.9994 -0.0000
vn -0.1073 -0.9942 -0.0000
vn -0.1902 -0.9817 -0.0000
vn -0.2947 -0.9556 -0.0000
vn -0.4407 -0.8977 -0.0000
vn -0.6613 -0.7501 -0.0000
vn -0.9393 -0.3430 -0.0000
vn -0.0000 1.0000 -0.0000
vn -0.0000 -0.0000 1.0000
vn 1.0000 -0.0000 -0.0000
vn -0.0000 -1.0000 -0.0000
vn -1.0000 -0.0000 -0.0000
vn -0.0000 -0.0000 -1.0000
vt 0.960000 0.000000
vt 0.968897 0.000000
vt 0.969278 0.000000
vt 0.977351 0.000000
vt 0.977654 0.000000
vt 0.984938 0.000000
vt 0.984591 0.000000
vt 1.000000 0.015062
vt 1.000000 0.015370
vt 0.969223 0.000000
vt 0.960000 0.000000
vt 0.977173 0.000000
vt 0.983296 0.000000
vt 1.000000 0.016698
vt 0.969056 0.000000
vt 0.976523 0.000000
vt 0.981866 0.000000
vt 1.000000 0.018134
vt 1.000000 0.040000
vt 1.000000 0.040000
vt 1.000000 0.030818
vt 1.000000 0.031103
vt 1.000000 0.030856
vt 1.000000 0.030972
vt 0.984938 0.040000
vt 0.984630 0.030944
vt 1.000000 0.022351
vt 1.000000 0.022649
vt 1.000000 0.022851
vt 1.000000 0.023486
vt 0.983302 0.023477
vt 0.981866 0.018134
vt 0.960000 0.040000
vt 0.960000 0.031103
vt 0.969182 0.030722
vt 0.968897 0.040000
vt 0.960000 0.022649
vt 0.969144 0.022346
vt 0.960000 0.015062
vt 0.969028 0.015409
vt 0.977649 0.030777
vt 0.977351 0.040000
vt 0.977149 0.022827
vt 0.976514 0.016704
vt 1.000000 0.960000
vt 1.000000 0.968897
vt 1.000000 0.969278
vt 1.000000 0.960000
vt 1.000000 0.977351
vt 1.000000 0.977654
vt 1.000000 0.984938
vt 1.000000 0.984591
vt 0.984938 1.000000
vt 0.984630 1.000000
vt 1.000000 0.969223
vt 1.000000 0.960000
vt 1.000000 0.977173
vt 1.000000 0.983296
vt 0.983302 1.000000
vt 1.000000 0.969056
vt 1.000000 0.960000
vt 1.000000 0.976523
vt 1.000000 0.981866
vt 0.981866 1.000000
vt 0.960000 1.000000
vt 0.960000 1.000000
vt 0.969182 1.000000
vt 0.968897 1.000000
vt 0.969144 1.000000
vt 0.969028 1.000000
vt 0.960000 0.984938
vt 0.969056 0.984630
vt 0.977649 1.000000
vt 0.977351 1.000000
vt 0.977149 1.000000
vt 0.976514 1.000000
vt 0.976523 0.983302
vt 0.981866 0.981866
vt 0.960000 0.960000
vt 0.968897 0.960000
vt 0.969278 0.969182
vt 0.960000 0.968897
vt 0.977351 0.960000
vt 0.977654 0.969144
vt 0.984938 0.960000
vt 0.984591 0.969028
vt 0.969223 0.977649
vt 0.960000 0.977351
vt 0.977173 0.977149
vt 0.983296 0.976514
vt 0.960000 0.000000
vt 0.969182 0.000000
vt 0.969144 0.000000
vt 0.969028 0.000000
vt 0.960000 0.015062
vt 0.969056 0.015370
vt 0.977649 0.000000
vt 0.977351 0.000000
vt 0.977149 0.000000
vt 0.976514 0.000000
vt 0.976523 0.016698
vt 0.984630 0.000000
vt 0.983302 0.000000
vt 0.981866 0.000000
vt 0.981866 0.018134
vt 0.960000 0.040000
vt 0.969278 0.030818
vt 0.977351 0.040000
vt 0.977654 0.030856
vt 0.984938 0.040000
vt 0.984591 0.030972
vt 1.000000 0.040000
vt 1.000000 0.030944
vt 0.969223 0.022351
vt 0.977173 0.022851
vt 0.983296 0.023486
vt 1.000000 0.023477
vt 1.000000 0.018134
vt 1.000000 0.040000
vt 1.000000 0.031103
vt 1.000000 0.030722
vt 1.000000 0.022346
vt 1.000000 0.015409
vt 1.000000 0.030777
vt 1.000000 0.040000
vt 1.000000 0.022827
vt 1.000000 0.016704
vt 1.000000 0.969182
vt 1.000000 0.968897
vt 1.000000 0.969144
vt 1.000000 0.969028
vt 0.984938 0.960000
vt 0.984630 0.969056
vt 1.000000 0.977649
vt 1.000000 0.977149
vt 1.000000 0.976514
vt 0.983302 0.976523
vt 1.000000 0.984630
vt 1.000000 0.983302
vt 1.000000 0.981866
vt 0.981866 0.981866
vt 0.960000 0.960000
vt 0.960000 0.968897
vt 0.969182 0.969278
vt 0.968897 0.960000
vt 0.969144 0.977654
vt 0.969028 0.984591
vt 0.969056 1.000000
vt 0.977649 0.969223
vt 0.977351 0.960000
vt 0.977149 0.977173
vt 0.976514 0.983296
vt 0.976523 1.000000
vt 0.981866 1.000000
vt 0.969278 1.000000
vt 0.977351 1.000000
vt 0.977654 1.000000
vt 0.984591 1.000000
vt 0.969223 1.000000
vt 0.960000 1.000000
vt 0.977173 1.000000
vt 0.983296 1.000000
vt 0.969182 0.000000
vt 0.969028 0.000000
vt 0.976514 0.000000
vt 0.984630 0.000000
vt 1.000000 0.030944
vt 1.000000 0.023477
vt 1.000000 0.031103
vt 1.000000 0.030722
vt 1.000000 0.022346
vt 1.000000 0.015062
vt 1.000000 0.015409
vt 1.000000 0.030777
vt 1.000000 0.040000
vt 1.000000 0.022827
vt 1.000000 0.016704
vt 1.000000 0.969182
vt 1.000000 0.968897
vt 1.000000 0.969144
vt 1.000000 0.977649
vt 1.000000 0.977149
vt 1.000000 0.984938
vt 1.000000 0.983302
vt 0.976523 1.000000
vt 0.969278 1.000000
vt 0.960000 1.000000
vt 0.977351 1.000000
vt 0.977654 1.000000
vt 0.984938 1.000000
vt 0.984591 1.000000
vt 0.969223 1.000000
vt 0.960000 1.000000
vt 0.977173 1.000000
vt 0.983296 1.000000
vt 0.960000 0.000000
vt 0.977654 0.000000
vt 0.984938 0.000000
vt 1.000000 0.015062
vt 0.969223 0.000000
vt 0.977173 0.000000
vt 1.000000 0.016698
vt 1.000000 0.018134
vt 1.000000 0.030818
vt 1.000000 0.030856
vt 1.000000 0.022351
vt 1.000000 0.022851
vt 1.000000 0.023486
vt 1.000000 0.969278
vt 1.000000 0.977654
vt 1.000000 0.984938
vt 1.000000 0.984591
vt 0.984630 1.000000
vt 1.000000 0.969223
vt 1.000000 0.977173
vt 1.000000 0.983296
vt 1.000000 0.969056
vt 1.000000 0.976523
vt 0.969182 1.000000
vt 0.969028 1.000000
vt 0.977649 1.000000
vt 0.976514 1.000000
vt 0.500000 0.000000
vt 0.500000 0.015060
vt 0.500000 0.022645
vt 0.500000 0.031099
vt 0.500000 0.040000
vt 0.500000 1.000000
vt 0.500000 0.984940
vt 0.500000 0.977355
vt 0.500000 0.968901
vt 0.500000 0.960000
s 0
usemtl Material.002
f 2629/1/2144 2635/1/2144 2636/3/2144 2632/2/2144
f 2632/2/2145 2636/3/2145 2637/5/2145 2633/4/2145
f 2633/4/2146 2637/5/2146 2638/7/2146 2634/6/2146
f 2634/6/2147 2638/7/2147 2659/9/2147 2658/8/2147
f 2635/1/2148 2639/11/2148 2640/10/2148 2636/3/2148
f 2636/3/2149 2640/10/2149 2641/12/2149 2637/5/2149
f 2637/5/2150 2641/12/2150 2642/13/2150 2638/7/2150
f 2638/7/2151 2642/13/2151 2660/14/2151 2659/9/2151
f 2639/11/2152 2643/1/2152 2644/15/2152 2640/10/2152
f 2640/10/2153 2644/15/2153 2645/16/2153 2641/12/2153
f 2641/12/2154 2645/16/2154 2646/17/2154 2642/13/2154
f 2642/13/2155 2646/17/2155 2661/18/2155 2660/14/2155
f 2630/19/2156 2650/22/2156 2651/21/2156 2647/20/2156
f 2647/20/2157 2651/21/2157 2652/23/2157 2648/20/2157
f 2648/20/2158 2652/23/2158 2653/24/2158 2649/20/2158
f 2649/20/2159 2653/24/2159 2674/26/2159 2673/25/2159
f 2650/22/2160 2654/28/2160 2655/27/2160 2651/21/2160
f 2651/21/2161 2655/27/2161 2656/29/2161 2652/23/2161
f 2652/23/2162 2656/29/2162 2657/30/2162 2653/24/2162
f 2653/24/2163 2657/30/2163 2675/31/2163 2674/26/2163
f 2654/28/2164 2658/8/2164 2659/9/2164 2655/27/2164
f 2655/27/2165 2659/9/2165 2660/14/2165 2656/29/2165
f 2656/29/2166 2660/14/2166 2661/18/2166 2657/30/2166
f 2657/30/2167 2661/18/2167 2676/32/2167 2675/31/2167
f 2631/33/2168 2665/36/2168 2666/35/2168 2662/34/2168
f 2662/34/2169 2666/35/2169 2667/38/2169 2663/37/2169
f 2663/37/2170 2667/38/2170 2668/40/2170 2664/39/2170
f 2664/39/2171 2668/40/2171 2644/15/2171 2643/1/2171
f 2665/36/2172 2669/42/2172 2670/41/2172 2666/35/2172
f 2666/35/2173 2670/41/2173 2671/43/2173 2667/38/2173
f 2667/38/2174 2671/43/2174 2672/44/2174 2668/40/2174
f 2668/40/2175 2672/44/2175 2645/16/2175 2644/15/2175
f 2669/42/2176 2673/25/2176 2674/26/2176 2670/41/2176
f 2670/41/2177 2674/26/2177 2675/31/2177 2671/43/2177
f 2671/43/2178 2675/31/2178 2676/32/2178 2672/44/2178
f 2672/44/2179 2676/32/2179 2646/17/2179 2645/16/2179
f 2646/17/2180 2676/32/2180 2661/18/2180
f 2677/45/2181 2683/48/2181 2684/47/2181 2680/46/2181
f 2680/46/2182 2684/47/2182 2685/50/2182 2681/49/2182
f 2681/49/2183 2685/50/2183 2686/52/2183 2682/51/2183
f 2682/51/2184 2686/52/2184 2707/54/2184 2706/53/2184
f 2683/48/2185 2687/56/2185 2688/55/2185 2684/47/2185
f 2684/47/2186 2688/55/2186 2689/57/2186 2685/50/2186
f 2685/50/2187 2689/57/2187 2690/58/2187 2686/52/2187
f 2686/52/2188 2690/58/2188 2708/59/2188 2707/54/2188
f 2687/56/2189 2691/61/2189 2692/60/2189 2688/55/2189
f 2688/55/2190 2692/60/2190 2693/62/2190 2689/57/2190
f 2689/57/2191 2693/62/2191 2694/63/2191 2690/58/2191
f 2690/58/2192 2694/63/2192 2709/64/2192 2708/59/2192
f 2678/65/2193 2698/68/2193 2699/67/2193 2695/66/2193
f 2695/66/2194 2699/67/2194 2700/69/2194 2696/66/2194
f 2696/66/2195 2700/69/2195 2701/70/2195 2697/65/2195
f 2697/65/2196 2701/70/2196 2722/72/2196 2721/71/2196
f 2698/68/2197 2702/74/2197 2703/73/2197 2699/67/2197
f 2699/67/2198 2703/73/2198 2704/75/2198 2700/69/2198
f 2700/69/2199 2704/75/2199 2705/76/2199 2701/70/2199
f 2701/70/2200 2705/76/2200 2723/77/2200 2722/72/2200
f 2702/74/2201 2706/53/2201 2707/54/2201 2703/73/2201
f 2703/73/2202 2707/54/2202 2708/59/2202 2704/75/2202
f 2704/75/2203 2708/59/2203 2709/64/2203 2705/76/2203
f 2705/76/2204 2709/64/2204 2724/78/2204 2723/77/2204
f 2679/79/2205 2713/82/2205 2714/81/2205 2710/80/2205
f 2710/80/2206 2714/81/2206 2715/84/2206 2711/83/2206
f 2711/83/2207 2715/84/2207 2716/86/2207 2712/85/2207
f 2712/85/2208 2716/86/2208 2692/60/2208 2691/61/2208
f 2713/82/2209 2717/88/2209 2718/87/2209 2714/81/2209
f 2714/81/2210 2718/87/2210 2719/89/2210 2715/84/2210
f 2715/84/2211 2719/89/2211 2720/90/2211 2716/86/2211
f 2716/86/2212 2720/90/2212 2693/62/2212 2692/60/2212
f 2717/88/2213 2721/71/2213 2722/72/2213 2718/87/2213
f 2718/87/2214 2722/72/2214 2723/77/2214 2719/89/2214
f 2719/89/2215 2723/77/2215 2724/78/2215 2720/90/2215
f 2720/90/2216 2724/78/2216 2694/63/2216 2693/62/2216
f 2694/63/2217 2724/78/2217 2709/64/2217
f 2741/1/2218 2747/2/2218 2748/92/2218 2744/91/2218
f 2744/91/2219 2748/92/2219 2749/93/2219 2745/91/2219
f 2745/91/2220 2749/93/2220 2750/94/2220 2746/1/2220
f 2746/1/2221 2750/94/2221 2771/96/2221 2770/95/2221
f 2747/2/2222 2751/98/2222 2752/97/2222 2748/92/2222
f 2748/92/2223 2752/97/2223 2753/99/2223 2749/93/2223
f 2749/93/2224 2753/99/2224 2754/100/2224 2750/94/2224
f 2750/94/2225 2754/100/2225 2772/101/2225 2771/96/2225
f 2751/98/2226 2755/6/2226 2756/102/2226 2752/97/2226
f 2752/97/2227 2756/102/2227 2757/103/2227 2753/99/2227
f 2753/99/2228 2757/103/2228 2758/104/2228 2754/100/2228
f 2754/100/2229 2758/104/2229 2773/105/2229 2772/101/2229
f 2742/106/2230 2762/34/2230 2763/107/2230 2759/36/2230
f 2759/36/2231 2763/107/2231 2764/109/2231 2760/108/2231
f 2760/108/2232 2764/109/2232 2765/111/2232 2761/110/2232
f 2761/110/2233 2765/111/2233 2786/113/2233 2785/112/2233
f 2762/34/2234 2766/37/2234 2767/114/2234 2763/107/2234
f 2763/107/2235 2767/114/2235 2768/115/2235 2764/109/2235
f 2764/109/2236 2768/115/2236 2769/116/2236 2765/111/2236
f 2765/111/2237 2769/116/2237 2787/117/2237 2786/113/2237
f 2766/37/2238 2770/95/2238 2771/96/2238 2767/114/2238
f 2767/114/2239 2771/96/2239 2772/101/2239 2768/115/2239
f 2768/115/2240 2772/101/2240 2773/105/2240 2769/116/2240
f 2769/116/2241 2773/105/2241 2788/118/2241 2787/117/2241
f 2743/119/2242 2777/112/2242 2778/121/2242 2774/120/2242
f 2774/120/2243 2778/121/2243 2779/122/2243 2775/28/2243
f 2775/28/2244 2779/122/2244 2780/123/2244 2776/8/2244
f 2776/8/2245 2780/123/2245 2756/102/2245 2755/6/2245
f 2777/112/2246 2781/125/2246 2782/124/2246 2778/121/2246
f 2778/121/2247 2782/124/2247 2783/126/2247 2779/122/2247
f 2779/122/2248 2783/126/2248 2784/127/2248 2780/123/2248
f 2780/123/2249 2784/127/2249 2757/103/2249 2756/102/2249
f 2781/125/2250 2785/112/2250 2786/113/2250 2782/124/2250
f 2782/124/2251 2786/113/2251 2787/117/2251 2783/126/2251
f 2783/126/2252 2787/117/2252 2788/118/2252 2784/127/2252
f 2784/127/2253 2788/118/2253 2758/104/2253 2757/103/2253
f 2758/104/2254 2788/118/2254 2773/105/2254
f 2789/61/2255 2795/129/2255 2796/128/2255 2792/45/2255
f 2792/45/2256 2796/128/2256 2797/130/2256 2793/45/2256
f 2793/45/2257 2797/130/2257 2798/131/2257 2794/45/2257
f 2794/45/2258 2798/131/2258 2819/133/2258 2818/132/2258
f 2795/129/2259 2799/49/2259 2800/134/2259 2796/128/2259
f 2796/128/2260 2800/134/2260 2801/135/2260 2797/130/2260
f 2797/130/2261 2801/135/2261 2802/136/2261 2798/131/2261
f 2798/131/2262 2802/136/2262 2820/137/2262 2819/133/2262
f 2799/49/2263 2803/51/2263 2804/138/2263 2800/134/2263
f 2800/134/2264 2804/138/2264 2805/139/2264 2801/135/2264
f 2801/135/2265 2805/139/2265 2806/140/2265 2802/136/2265
f 2802/136/2266 2806/140/2266 2821/141/2266 2820/137/2266
f 2790/142/2267 2810/145/2267 2811/144/2267 2807/143/2267
f 2807/143/2268 2811/144/2268 2812/146/2268 2808/88/2268
f 2808/88/2269 2812/146/2269 2813/147/2269 2809/71/2269
f 2809/71/2270 2813/147/2270 2834/148/2270 2833/65/2270
f 2810/145/2271 2814/150/2271 2815/149/2271 2811/144/2271
f 2811/144/2272 2815/149/2272 2816/151/2272 2812/146/2272
f 2812/146/2273 2816/151/2273 2817/152/2273 2813/147/2273
f 2813/147/2274 2817/152/2274 2835/153/2274 2834/148/2274
f 2814/150/2275 2818/132/2275 2819/133/2275 2815/149/2275
f 2815/149/2276 2819/133/2276 2820/137/2276 2816/151/2276
f 2816/151/2277 2820/137/2277 2821/141/2277 2817/152/2277
f 2817/152/2278 2821/141/2278 2836/154/2278 2835/153/2278
f 2791/65/2279 2825/65/2279 2826/155/2279 2822/68/2279
f 2822/68/2280 2826/155/2280 2827/157/2280 2823/156/2280
f 2823/156/2281 2827/157/2281 2828/158/2281 2824/53/2281
f 2824/53/2282 2828/158/2282 2804/138/2282 2803/51/2282
f 2825/65/2283 2829/160/2283 2830/159/2283 2826/155/2283
f 2826/155/2284 2830/159/2284 2831/161/2284 2827/157/2284
f 2827/157/2285 2831/161/2285 2832/162/2285 2828/158/2285
f 2828/158/2286 2832/162/2286 2805/139/2286 2804/138/2286
f 2829/160/2287 2833/65/2287 2834/148/2287 2830/159/2287
f 2830/159/2288 2834/148/2288 2835/153/2288 2831/161/2288
f 2831/161/2289 2835/153/2289 2836/154/2289 2832/162/2289
f 2832/162/2290 2836/154/2290 2806/140/2290 2805/139/2290
f 2806/140/2291 2836/154/2291 2821/141/2291
f 2837/1/2292 2843/2/2292 2844/163/2292 2840/1/2292
f 2840/1/2293 2844/163/2293 2845/93/2293 2841/1/2293
f 2841/1/2294 2845/93/2294 2846/164/2294 2842/1/2294
f 2842/1/2295 2846/164/2295 2867/96/2295 2866/95/2295
f 2843/2/2296 2847/4/2296 2848/97/2296 2844/163/2296
f 2844/163/2297 2848/97/2297 2849/99/2297 2845/93/2297
f 2845/93/2298 2849/99/2298 2850/165/2298 2846/164/2298
f 2846/164/2299 2850/165/2299 2868/101/2299 2867/96/2299
f 2847/4/2300 2851/6/2300 2852/166/2300 2848/97/2300
f 2848/97/2301 2852/166/2301 2853/103/2301 2849/99/2301
f 2849/99/2302 2853/103/2302 2854/17/2302 2850/165/2302
f 2850/165/2303 2854/17/2303 2869/105/2303 2868/101/2303
f 2838/106/2304 2858/34/2304 2859/107/2304 2855/36/2304
f 2855/36/2305 2859/107/2305 2860/109/2305 2856/108/2305
f 2856/108/2306 2860/109/2306 2861/111/2306 2857/110/2306
f 2857/110/2307 2861/111/2307 2882/167/2307 2881/125/2307
f 2858/34/2308 2862/37/2308 2863/114/2308 2859/107/2308
f 2859/107/2309 2863/114/2309 2864/115/2309 2860/109/2309
f 2860/109/2310 2864/115/2310 2865/116/2310 2861/111/2310
f 2861/111/2311 2865/116/2311 2883/168/2311 2882/167/2311
f 2862/37/2312 2866/95/2312 2867/96/2312 2863/114/2312
f 2863/114/2313 2867/96/2313 2868/101/2313 2864/115/2313
f 2864/115/2314 2868/101/2314 2869/105/2314 2865/116/2314
f 2865/116/2315 2869/105/2315 2884/118/2315 2883/168/2315
f 2839/119/2316 2873/20/2316 2874/170/2316 2870/169/2316
f 2870/169/2317 2874/170/2317 2875/171/2317 2871/28/2317
f 2871/28/2318 2875/171/2318 2876/173/2318 2872/172/2318
f 2872/172/2319 2876/173/2319 2852/166/2319 2851/6/2319
f 2873/20/2320 2877/175/2320 2878/174/2320 2874/170/2320
f 2874/170/2321 2878/174/2321 2879/176/2321 2875/171/2321
f 2875/171/2322 2879/176/2322 2880/177/2322 2876/173/2322
f 2876/173/2323 2880/177/2323 2853/103/2323 2852/166/2323
f 2877/175/2324 2881/125/2324 2882/167/2324 2878/174/2324
f 2878/174/2325 2882/167/2325 2883/168/2325 2879/176/2325
f 2879/176/2326 2883/168/2326 2884/118/2326 2880/177/2326
f 2880/177/2327 2884/118/2327 2854/17/2327 2853/103/2327
f 2854/17/2328 2884/118/2328 2869/105/2328
f 2885/45/2329 2891/179/2329 2892/178/2329 2888/45/2329
f 2888/45/2330 2892/178/2330 2893/180/2330 2889/45/2330
f 2889/45/2331 2893/180/2331 2894/131/2331 2890/45/2331
f 2890/45/2332 2894/131/2332 2915/133/2332 2914/132/2332
f 2891/179/2333 2895/49/2333 2896/181/2333 2892/178/2333
f 2892/178/2334 2896/181/2334 2897/182/2334 2893/180/2334
f 2893/180/2335 2897/182/2335 2898/136/2335 2894/131/2335
f 2894/131/2336 2898/136/2336 2916/137/2336 2915/133/2336
f 2895/49/2337 2899/183/2337 2900/138/2337 2896/181/2337
f 2896/181/2338 2900/138/2338 2901/184/2338 2897/182/2338
f 2897/182/2339 2901/184/2339 2902/63/2339 2898/136/2339
f 2898/136/2340 2902/63/2340 2917/141/2340 2916/137/2340
f 2886/142/2341 2906/145/2341 2907/144/2341 2903/143/2341
f 2903/143/2342 2907/144/2342 2908/146/2342 2904/88/2342
f 2904/88/2343 2908/146/2343 2909/147/2343 2905/71/2343
f 2905/71/2344 2909/147/2344 2930/148/2344 2929/65/2344
f 2906/145/2345 2910/150/2345 2911/149/2345 2907/144/2345
f 2907/144/2346 2911/149/2346 2912/151/2346 2908/146/2346
f 2908/146/2347 2912/151/2347 2913/152/2347 2909/147/2347
f 2909/147/2348 2913/152/2348 2931/185/2348 2930/148/2348
f 2910/150/2349 2914/132/2349 2915/133/2349 2911/149/2349
f 2911/149/2350 2915/133/2350 2916/137/2350 2912/151/2350
f 2912/151/2351 2916/137/2351 2917/141/2351 2913/152/2351
f 2913/152/2352 2917/141/2352 2932/64/2352 2931/185/2352
f 2887/65/2353 2921/187/2353 2922/186/2353 2918/68/2353
f 2918/68/2354 2922/186/2354 2923/189/2354 2919/188/2354
f 2919/188/2355 2923/189/2355 2924/191/2355 2920/190/2355
f 2920/190/2356 2924/191/2356 2900/138/2356 2899/183/2356
f 2921/187/2357 2925/193/2357 2926/192/2357 2922/186/2357
f 2922/186/2358 2926/192/2358 2927/194/2358 2923/189/2358
f 2923/189/2359 2927/194/2359 2928/195/2359 2924/191/2359
f 2924/191/2360 2928/195/2360 2901/184/2360 2900/138/2360
f 2925/193/2361 2929/65/2361 2930/148/2361 2926/192/2361
f 2926/192/2362 2930/148/2362 2931/185/2362 2927/194/2362
f 2927/194/2363 2931/185/2363 2932/64/2363 2928/195/2363
f 2928/195/2364 2932/64/2364 2902/63/2364 2901/184/2364
f 2902/63/2365 2932/64/2365 2917/141/2365
f 2949/1/2366 2955/196/2366 2956/3/2366 2952/2/2366
f 2952/2/2367 2956/3/2367 2957/197/2367 2953/4/2367
f 2953/4/2368 2957/197/2368 2958/7/2368 2954/198/2368
f 2954/198/2369 2958/7/2369 2979/9/2369 2978/199/2369
f 2955/196/2370 2959/196/2370 2960/200/2370 2956/3/2370
f 2956/3/2371 2960/200/2371 2961/201/2371 2957/197/2371
f 2957/197/2372 2961/201/2372 2962/13/2372 2958/7/2372
f 2958/7/2373 2962/13/2373 2980/202/2373 2979/9/2373
f 2959/196/2374 2963/1/2374 2964/15/2374 2960/200/2374
f 2960/200/2375 2964/15/2375 2965/16/2375 2961/201/2375
f 2961/201/2376 2965/16/2376 2966/104/2376 2962/13/2376
f 2962/13/2377 2966/104/2377 2981/203/2377 2980/202/2377
f 2950/119/2378 2970/22/2378 2971/204/2378 2967/20/2378
f 2967/20/2379 2971/204/2379 2972/205/2379 2968/20/2379
f 2968/20/2380 2972/205/2380 2973/24/2380 2969/125/2380
f 2969/125/2381 2973/24/2381 2994/26/2381 2993/25/2381
f 2970/22/2382 2974/28/2382 2975/206/2382 2971/204/2382
f 2971/204/2383 2975/206/2383 2976/207/2383 2972/205/2383
f 2972/205/2384 2976/207/2384 2977/208/2384 2973/24/2384
f 2973/24/2385 2977/208/2385 2995/31/2385 2994/26/2385
f 2974/28/2386 2978/199/2386 2979/9/2386 2975/206/2386
f 2975/206/2387 2979/9/2387 2980/202/2387 2976/207/2387
f 2976/207/2388 2980/202/2388 2981/203/2388 2977/208/2388
f 2977/208/2389 2981/203/2389 2996/32/2389 2995/31/2389
f 2951/33/2390 2985/36/2390 2986/35/2390 2982/34/2390
f 2982/34/2391 2986/35/2391 2987/38/2391 2983/37/2391
f 2983/37/2392 2987/38/2392 2988/40/2392 2984/39/2392
f 2984/39/2393 2988/40/2393 2964/15/2393 2963/1/2393
f 2985/36/2394 2989/42/2394 2990/41/2394 2986/35/2394
f 2986/35/2395 2990/41/2395 2991/43/2395 2987/38/2395
f 2987/38/2396 2991/43/2396 2992/44/2396 2988/40/2396
f 2988/40/2397 2992/44/2397 2965/16/2397 2964/15/2397
f 2989/42/2398 2993/25/2398 2994/26/2398 2990/41/2398
f 2990/41/2399 2994/26/2399 2995/31/2399 2991/43/2399
f 2991/43/2400 2995/31/2400 2996/32/2400 2992/44/2400
f 2992/44/2401 2996/32/2401 2966/104/2401 2965/16/2401
f 2966/104/2402 2996/32/2402 2981/203/2402
f 2997/45/2403 3003/45/2403 3004/209/2403 3000/129/2403
f 3000/129/2404 3004/209/2404 3005/210/2404 3001/49/2404
f 3001/49/2405 3005/210/2405 3006/212/2405 3002/211/2405
f 3002/211/2406 3006/212/2406 3027/213/2406 3026/53/2406
f 3003/45/2407 3007/45/2407 3008/214/2407 3004/209/2407
f 3004/209/2408 3008/214/2408 3009/215/2408 3005/210/2408
f 3005/210/2409 3009/215/2409 3010/216/2409 3006/212/2409
f 3006/212/2410 3010/216/2410 3028/59/2410 3027/213/2410
f 3007/45/2411 3011/45/2411 3012/217/2411 3008/214/2411
f 3008/214/2412 3012/217/2412 3013/218/2412 3009/215/2412
f 3009/215/2413 3013/218/2413 3014/63/2413 3010/216/2413
f 3010/216/2414 3014/63/2414 3029/154/2414 3028/59/2414
f 2998/65/2415 3018/68/2415 3019/219/2415 3015/65/2415
f 3015/65/2416 3019/219/2416 3020/69/2416 3016/65/2416
f 3016/65/2417 3020/69/2417 3021/220/2417 3017/65/2417
f 3017/65/2418 3021/220/2418 3042/72/2418 3041/71/2418
f 3018/68/2419 3022/188/2419 3023/221/2419 3019/219/2419
f 3019/219/2420 3023/221/2420 3024/75/2420 3020/69/2420
f 3020/69/2421 3024/75/2421 3025/222/2421 3021/220/2421
f 3021/220/2422 3025/222/2422 3043/77/2422 3042/72/2422
f 3022/188/2423 3026/53/2423 3027/213/2423 3023/221/2423
f 3023/221/2424 3027/213/2424 3028/59/2424 3024/75/2424
f 3024/75/2425 3028/59/2425 3029/154/2425 3025/222/2425
f 3025/222/2426 3029/154/2426 3044/78/2426 3043/77/2426
f 2999/79/2427 3033/82/2427 3034/81/2427 3030/80/2427
f 3030/80/2428 3034/81/2428 3035/84/2428 3031/83/2428
f 3031/83/2429 3035/84/2429 3036/86/2429 3032/85/2429
f 3032/85/2430 3036/86/2430 3012/217/2430 3011/45/2430
f 3033/82/2431 3037/88/2431 3038/87/2431 3034/81/2431
f 3034/81/2432 3038/87/2432 3039/89/2432 3035/84/2432
f 3035/84/2433 3039/89/2433 3040/90/2433 3036/86/2433
f 3036/86/2434 3040/90/2434 3013/218/2434 3012/217/2434
f 3037/88/2435 3041/71/2435 3042/72/2435 3038/87/2435
f 3038/87/2436 3042/72/2436 3043/77/2436 3039/89/2436
f 3039/89/2437 3043/77/2437 3044/78/2437 3040/90/2437
f 3040/90/2438 3044/78/2438 3014/63/2438 3013/218/2438
f 3014/63/2439 3044/78/2439 3029/154/2439
f 2726/223/2440 2732/223/2440 2635/1/2440 2629/1/2440
f 2732/223/2441 2731/223/2441 2639/11/2441 2635/1/2441
f 2731/223/2442 2730/223/2442 2643/1/2442 2639/11/2442
f 2730/223/2443 2729/224/2443 2664/39/2443 2643/1/2443
f 2729/224/2444 2728/225/2444 2663/37/2444 2664/39/2444
f 2728/225/2445 2727/226/2445 2662/34/2445 2663/37/2445
f 2727/226/2446 2725/227/2446 2631/33/2446 2662/34/2446
f 2630/19/2447 2647/20/2447 2683/48/2447 2677/45/2447
f 2647/20/2448 2648/20/2448 2687/56/2448 2683/48/2448
f 2648/20/2449 2649/20/2449 2691/61/2449 2687/56/2449
f 2649/20/2450 2673/25/2450 2712/85/2450 2691/61/2450
f 2673/25/2451 2669/42/2451 2711/83/2451 2712/85/2451
f 2669/42/2452 2665/36/2452 2710/80/2452 2711/83/2452
f 2665/36/2453 2631/33/2453 2679/79/2453 2710/80/2453
f 2678/65/2454 2695/66/2454 2735/228/2454 2733/228/2454
f 2695/66/2455 2696/66/2455 2736/228/2455 2735/228/2455
f 2696/66/2456 2697/65/2456 2737/228/2456 2736/228/2456
f 2697/65/2457 2721/71/2457 2738/229/2457 2737/228/2457
f 2721/71/2458 2717/88/2458 2739/230/2458 2738/229/2458
f 2717/88/2459 2713/82/2459 2740/231/2459 2739/230/2459
f 2713/82/2460 2679/79/2460 2734/232/2460 2740/231/2460
f 2725/227/2446 2727/226/2446 2762/34/2446 2742/106/2446
f 2727/226/2445 2728/225/2445 2766/37/2445 2762/34/2445
f 2728/225/2444 2729/224/2444 2770/95/2444 2766/37/2444
f 2729/224/2443 2730/223/2443 2746/1/2443 2770/95/2443
f 2730/223/2442 2731/223/2442 2745/91/2442 2746/1/2442
f 2731/223/2441 2732/223/2441 2744/91/2441 2745/91/2441
f 2732/223/2440 2726/223/2440 2741/1/2440 2744/91/2440
f 2742/106/2461 2759/36/2461 2810/145/2461 2790/142/2461
f 2759/36/2462 2760/108/2462 2814/150/2462 2810/145/2462
f 2760/108/2463 2761/110/2463 2818/132/2463 2814/150/2463
f 2761/110/2464 2785/112/2464 2794/45/2464 2818/132/2464
f 2785/112/2465 2781/125/2465 2793/45/2465 2794/45/2465
f 2781/125/2466 2777/112/2466 2792/45/2466 2793/45/2466
f 2777/112/2467 2743/119/2467 2789/61/2467 2792/45/2467
f 2790/142/2460 2807/143/2460 2740/231/2460 2734/232/2460
f 2807/143/2459 2808/88/2459 2739/230/2459 2740/231/2459
f 2808/88/2458 2809/71/2458 2738/229/2458 2739/230/2458
f 2809/71/2457 2833/65/2457 2737/228/2457 2738/229/2457
f 2833/65/2456 2829/160/2456 2736/228/2456 2737/228/2456
f 2829/160/2455 2825/65/2455 2735/228/2455 2736/228/2455
f 2825/65/2454 2791/65/2454 2733/228/2454 2735/228/2454
f 2934/227/2468 2940/226/2468 2858/34/2468 2838/106/2468
f 2940/226/2469 2939/225/2469 2862/37/2469 2858/34/2469
f 2939/225/2470 2938/224/2470 2866/95/2470 2862/37/2470
f 2938/224/2471 2937/223/2471 2842/1/2471 2866/95/2471
f 2937/223/2472 2936/223/2472 2841/1/2472 2842/1/2472
f 2936/223/2473 2935/223/2473 2840/1/2473 2841/1/2473
f 2935/223/2474 2933/223/2474 2837/1/2474 2840/1/2474
f 2838/106/2475 2855/36/2475 2906/145/2475 2886/142/2475
f 2855/36/2476 2856/108/2476 2910/150/2476 2906/145/2476
f 2856/108/2477 2857/110/2477 2914/132/2477 2910/150/2477
f 2857/110/2478 2881/125/2478 2890/45/2478 2914/132/2478
f 2881/125/2479 2877/175/2479 2889/45/2479 2890/45/2479
f 2877/175/2480 2873/20/2480 2888/45/2480 2889/45/2480
f 2873/20/2481 2839/119/2481 2885/45/2481 2888/45/2481
f 2886/142/2482 2903/143/2482 2943/231/2482 2941/232/2482
f 2903/143/2483 2904/88/2483 2944/230/2483 2943/231/2483
f 2904/88/2484 2905/71/2484 2945/229/2484 2944/230/2484
f 2905/71/2485 2929/65/2485 2946/228/2485 2945/229/2485
f 2929/65/2486 2925/193/2486 2947/228/2486 2946/228/2486
f 2925/193/2487 2921/187/2487 2948/228/2487 2947/228/2487
f 2921/187/2488 2887/65/2488 2942/228/2488 2948/228/2488
f 2933/223/2474 2935/223/2474 2955/196/2474 2949/1/2474
f 2935/223/2473 2936/223/2473 2959/196/2473 2955/196/2473
f 2936/223/2472 2937/223/2472 2963/1/2472 2959/196/2472
f 2937/223/2471 2938/224/2471 2984/39/2471 2963/1/2471
f 2938/224/2470 2939/225/2470 2983/37/2470 2984/39/2470
f 2939/225/2469 2940/226/2469 2982/34/2469 2983/37/2469
f 2940/226/2468 2934/227/2468 2951/33/2468 2982/34/2468
f 2950/119/2489 2967/20/2489 3003/45/2489 2997/45/2489
f 2967/20/2490 2968/20/2490 3007/45/2490 3003/45/2490
f 2968/20/2491 2969/125/2491 3011/45/2491 3007/45/2491
f 2969/125/2492 2993/25/2492 3032/85/2492 3011/45/2492
f 2993/25/2493 2989/42/2493 3031/83/2493 3032/85/2493
f 2989/42/2494 2985/36/2494 3030/80/2494 3031/83/2494
f 2985/36/2495 2951/33/2495 2999/79/2495 3030/80/2495
f 2998/65/2488 3015/65/2488 2948/228/2488 2942/228/2488
f 3015/65/2487 3016/65/2487 2947/228/2487 2948/228/2487
f 3016/65/2486 3017/65/2486 2946/228/2486 2947/228/2486
f 3017/65/2485 3041/71/2485 2945/229/2485 2946/228/2485
f 3041/71/2484 3037/88/2484 2944/230/2484 2945/229/2484
f 3037/88/2483 3033/82/2483 2943/231/2483 2944/230/2483
f 3033/82/2482 2999/79/2482 2941/232/2482 2943/231/2482
f 2629/1/2496 2632/2/2496 2843/2/2496 2837/1/2496
f 2632/2/2497 2633/4/2497 2847/4/2497 2843/2/2497
f 2633/4/2498 2634/6/2498 2851/6/2498 2847/4/2498
f 2634/6/2499 2658/8/2499 2872/172/2499 2851/6/2499
f 2658/8/2500 2654/28/2500 2871/28/2500 2872/172/2500
f 2654/28/2501 2650/22/2501 2870/169/2501 2871/28/2501
f 2650/22/2502 2630/19/2502 2839/119/2502 2870/169/2502
f 2677/45/2503 2680/46/2503 2891/179/2503 2885/45/2503
f 2680/46/2504 2681/49/2504 2895/49/2504 2891/179/2504
f 2681/49/2505 2682/51/2505 2899/183/2505 2895/49/2505
f 2682/51/2506 2706/53/2506 2920/190/2506 2899/183/2506
f 2706/53/2507 2702/74/2507 2919/188/2507 2920/190/2507
f 2702/74/2508 2698/68/2508 2918/68/2508 2919/188/2508
f 2698/68/2509 2678/65/2509 2887/65/2509 2918/68/2509
f 2743/119/2510 2774/120/2510 2970/22/2510 2950/119/2510
f 2774/120/2511 2775/28/2511 2974/28/2511 2970/22/2511
f 2775/28/2512 2776/8/2512 2978/199/2512 2974/28/2512
f 2776/8/2513 2755/6/2513 2954/198/2513 2978/199/2513
f 2755/6/2514 2751/98/2514 2953/4/2514 2954/198/2514
f 2751/98/2515 2747/2/2515 2952/2/2515 2953/4/2515
f 2747/2/2516 2741/1/2516 2949/1/2516 2952/2/2516
f 2791/65/2517 2822/68/2517 3018/68/2517 2998/65/2517
f 2822/68/2518 2823/156/2518 3022/188/2518 3018/68/2518
f 2823/156/2519 2824/53/2519 3026/53/2519 3022/188/2519
f 2824/53/2520 2803/51/2520 3002/211/2520 3026/53/2520
f 2803/51/2521 2799/49/2521 3001/49/2521 3002/211/2521
f 2799/49/2522 2795/129/2522 3000/129/2522 3001/49/2522
f 2795/129/2523 2789/61/2523 2997/45/2523 3000/129/2523
f 2629/1/2524 2837/1/2524 2933/223/2524 2726/223/2524
f 2725/227/2525 2734/232/2525 2679/79/2525 2631/33/2525
f 2677/45/2526 2885/45/2526 2839/119/2526 2630/19/2526
f 2733/228/2527 2942/228/2527 2887/65/2527 2678/65/2527
f 2725/227/2525 2742/106/2525 2790/142/2525 2734/232/2525
f 2726/223/2524 2933/223/2524 2949/1/2524 2741/1/2524
f 2791/65/2527 2998/65/2527 2942/228/2527 2733/228/2527
f 2743/119/2528 2950/119/2528 2997/45/2528 2789/61/2528
f 2934/227/2529 2838/106/2529 2886/142/2529 2941/232/2529
f 2934/227/2529 2941/232/2529 2999/79/2529 2951/33/2529
o Plane.002
v -0.234530 11.035091 -1.882598
v -0.194902 11.022870 -1.882598
v -0.234530 11.022870 -1.802598
v -0.225716 11.034785 -1.882598
v -0.217340 11.033881 -1.882598
v -0.209823 11.032425 -1.882598
v -0.234530 11.034785 -1.864805
v -0.225338 11.034422 -1.864235
v -0.217040 11.033475 -1.864311
v -0.210168 11.032105 -1.864542
v -0.234530 11.033881 -1.847896
v -0.225393 11.033469 -1.847300
v -0.217517 11.032584 -1.848300
v -0.211450 11.031428 -1.849570
v -0.234530 11.032425 -1.832722
v -0.225558 11.032093 -1.833338
v -0.218160 11.031425 -1.835995
v -0.212867 11.030622 -1.838866
v -0.195894 11.022870 -1.864805
v -0.198824 11.022870 -1.847896
v -0.203546 11.022870 -1.832722
v -0.195894 11.025588 -1.882598
v -0.197071 11.025675 -1.864042
v -0.200143 11.025663 -1.847290
v -0.204582 11.025628 -1.833417
v -0.198824 11.028172 -1.882598
v -0.200161 11.028262 -1.864153
v -0.203029 11.028110 -1.848253
v -0.206780 11.027915 -1.836006
v -0.203546 11.030489 -1.882598
v -0.204622 11.030396 -1.864486
v -0.206790 11.029989 -1.849552
v -0.209393 11.029551 -1.838866
v -0.234530 11.025588 -1.804602
v -0.234530 11.028172 -1.810517
v -0.234530 11.030489 -1.820050
v -0.225716 11.022870 -1.804602
v -0.225433 11.025704 -1.806978
v -0.225471 11.028264 -1.813180
v -0.225586 11.030383 -1.822140
v -0.217340 11.022870 -1.810517
v -0.217045 11.025688 -1.813216
v -0.217540 11.028116 -1.819006
v -0.218169 11.029987 -1.826577
v -0.209823 11.022870 -1.820050
v -0.210129 11.025637 -1.822221
v -0.211445 11.027918 -1.826598
v -0.212867 11.029551 -1.831854
v -0.194902 10.741780 -1.882598
v -0.234530 10.729559 -1.882598
v -0.234530 10.741780 -1.802598
v -0.195894 10.739062 -1.882598
v -0.198824 10.736479 -1.882598
v -0.203546 10.734161 -1.882598
v -0.195894 10.741780 -1.864805
v -0.197071 10.738946 -1.864235
v -0.200143 10.736386 -1.864311
v -0.204582 10.734267 -1.864542
v -0.198824 10.741780 -1.847896
v -0.200161 10.738962 -1.847300
v -0.203029 10.736534 -1.848300
v -0.206780 10.734663 -1.849570
v -0.203546 10.741780 -1.832722
v -0.204622 10.739014 -1.833338
v -0.206790 10.736732 -1.835995
v -0.209393 10.735100 -1.838866
v -0.234530 10.729865 -1.864805
v -0.234530 10.730769 -1.847896
v -0.234530 10.732225 -1.832722
v -0.225716 10.729865 -1.882598
v -0.225433 10.730228 -1.864042
v -0.225471 10.731175 -1.847290
v -0.225586 10.732545 -1.833417
v -0.217340 10.730769 -1.882598
v -0.217045 10.731181 -1.864153
v -0.217540 10.732066 -1.848253
v -0.218169 10.733222 -1.836006
v -0.209823 10.732225 -1.882598
v -0.210129 10.732557 -1.864486
v -0.211445 10.733226 -1.849552
v -0.212867 10.734029 -1.838866
v -0.225716 10.741780 -1.804602
v -0.217340 10.741780 -1.810517
v -0.209823 10.741780 -1.820050
v -0.234530 10.739062 -1.804602
v -0.225338 10.738976 -1.806978
v -0.217040 10.738987 -1.813180
v -0.210168 10.739022 -1.822140
v -0.234530 10.736479 -1.810517
v -0.225393 10.736388 -1.813216
v -0.217517 10.736541 -1.819006
v -0.211450 10.736735 -1.826577
v -0.234530 10.734161 -1.820050
v -0.225558 10.734255 -1.822221
v -0.218160 10.734661 -1.826598
v -0.212867 10.735100 -1.831854
v -0.690256 11.022870 -1.802598
v -0.690256 11.035091 -1.882598
v -0.690256 11.025589 -1.804604
v -0.690256 11.028172 -1.810521
v -0.690256 11.030490 -1.820052
v -0.690256 11.032425 -1.832719
v -0.690256 11.033881 -1.847888
v -0.690256 11.034784 -1.864797
v -0.690256 10.729559 -1.882598
v -0.690256 10.741780 -1.802598
v -0.690256 10.729866 -1.864797
v -0.690256 10.730769 -1.847888
v -0.690256 10.732225 -1.832719
v -0.690256 10.734160 -1.820052
v -0.690256 10.736478 -1.810521
v -0.690256 10.739061 -1.804604
v -1.145982 11.035091 -1.882598
v -1.145982 11.022870 -1.802598
v -1.185610 11.022870 -1.882598
v -1.145982 11.034785 -1.864805
v -1.145982 11.033881 -1.847896
v -1.145982 11.032425 -1.832722
v -1.154795 11.034785 -1.882598
v -1.155078 11.034422 -1.864042
v -1.155040 11.033475 -1.847290
v -1.154926 11.032105 -1.833417
v -1.163172 11.033881 -1.882598
v -1.163466 11.033469 -1.864153
v -1.162971 11.032584 -1.848253
v -1.162342 11.031428 -1.836006
v -1.170688 11.032425 -1.882598
v -1.170383 11.032093 -1.864486
v -1.169067 11.031425 -1.849552
v -1.167644 11.030622 -1.838866
v -1.154795 11.022870 -1.804602
v -1.163172 11.022870 -1.810517
v -1.170688 11.022870 -1.820050
v -1.145982 11.025588 -1.804602
v -1.155173 11.025675 -1.806978
v -1.163472 11.025663 -1.813180
v -1.170344 11.025628 -1.822140
v -1.145982 11.028172 -1.810517
v -1.155119 11.028262 -1.813216
v -1.162995 11.028110 -1.819006
v -1.169061 11.027915 -1.826577
v -1.145982 11.030489 -1.820050
v -1.154953 11.030396 -1.822221
v -1.162351 11.029989 -1.826598
v -1.167645 11.029551 -1.831854
v -1.184617 11.025588 -1.882598
v -1.181687 11.028172 -1.882598
v -1.176965 11.030489 -1.882598
v -1.184617 11.022870 -1.864805
v -1.183441 11.025704 -1.864235
v -1.180368 11.028264 -1.864311
v -1.175930 11.030383 -1.864542
v -1.181687 11.022870 -1.847896
v -1.180350 11.025688 -1.847300
v -1.177482 11.028116 -1.848300
v -1.173732 11.029987 -1.849570
v -1.176965 11.022870 -1.832722
v -1.175890 11.025637 -1.833338
v -1.173722 11.027918 -1.835995
v -1.171118 11.029551 -1.838866
v -1.185610 10.741780 -1.882598
v -1.145982 10.741780 -1.802598
v -1.145982 10.729559 -1.882598
v -1.184617 10.741780 -1.864805
v -1.181687 10.741780 -1.847896
v -1.176965 10.741780 -1.832722
v -1.184617 10.739062 -1.882598
v -1.183441 10.738976 -1.864042
v -1.180368 10.738987 -1.847290
v -1.175930 10.739022 -1.833417
v -1.181687 10.736479 -1.882598
v -1.180350 10.736388 -1.864153
v -1.177482 10.736541 -1.848253
v -1.173732 10.736735 -1.836006
v -1.176965 10.734161 -1.882598
v -1.175890 10.734255 -1.864486
v -1.173722 10.734661 -1.849552
v -1.171118 10.735100 -1.838866
v -1.145982 10.739062 -1.804602
v -1.145982 10.736479 -1.810517
v -1.145982 10.734161 -1.820050
v -1.154795 10.741780 -1.804602
v -1.155078 10.738946 -1.806978
v -1.155040 10.736386 -1.813180
v -1.154926 10.734267 -1.822140
v -1.163172 10.741780 -1.810517
v -1.163466 10.738962 -1.813216
v -1.162971 10.736534 -1.819006
v -1.162342 10.734663 -1.826577
v -1.170688 10.741780 -1.820050
v -1.170383 10.739014 -1.822221
v -1.169067 10.736732 -1.826598
v -1.167644 10.735100 -1.831854
v -1.154795 10.729865 -1.882598
v -1.163172 10.730769 -1.882598
v -1.170688 10.732225 -1.882598
v -1.145982 10.729865 -1.864805
v -1.155173 10.730228 -1.864235
v -1.163472 10.731175 -1.864311
v -1.170344 10.732545 -1.864542
v -1.145982 10.730769 -1.847896
v -1.155119 10.731181 -1.847300
v -1.162995 10.732066 -1.848300
v -1.169061 10.733222 -1.849570
v -1.145982 10.732225 -1.832722
v -1.154953 10.732557 -1.833338
v -1.162351 10.733226 -1.835995
v -1.167645 10.734029 -1.838866
v -0.234530 11.035091 -1.952598
v -0.234530 11.022870 -2.032598
v -0.194902 11.022870 -1.952598
v -0.234530 11.034785 -1.970391
v -0.234530 11.033881 -1.987301
v -0.234530 11.032425 -2.002475
v -0.225716 11.034785 -1.952598
v -0.225433 11.034422 -1.971154
v -0.225471 11.033475 -1.987906
v -0.225586 11.032105 -2.001780
v -0.217340 11.033881 -1.952598
v -0.217045 11.033469 -1.971044
v -0.217540 11.032585 -1.986944
v -0.218169 11.031428 -1.999190
v -0.209823 11.032425 -1.952598
v -0.210129 11.032093 -1.970710
v -0.211445 11.031425 -1.985645
v -0.212867 11.030622 -1.996330
v -0.225716 11.022870 -2.030594
v -0.217340 11.022870 -2.024680
v -0.209823 11.022870 -2.015147
v -0.234530 11.025588 -2.030594
v -0.225338 11.025675 -2.028219
v -0.217040 11.025663 -2.022017
v -0.210168 11.025628 -2.013056
v -0.234530 11.028172 -2.024680
v -0.225393 11.028262 -2.021980
v -0.217517 11.028110 -2.016191
v -0.211450 11.027916 -2.008619
v -0.234530 11.030489 -2.015147
v -0.225558 11.030396 -2.012976
v -0.218160 11.029989 -2.008598
v -0.212867 11.029551 -2.003343
v -0.195894 11.025588 -1.952598
v -0.198824 11.028172 -1.952598
v -0.203546 11.030489 -1.952598
v -0.195894 11.022870 -1.970391
v -0.197071 11.025704 -1.970962
v -0.200143 11.028264 -1.970886
v -0.204582 11.030383 -1.970655
v -0.198824 11.022870 -1.987301
v -0.200161 11.025688 -1.987896
v -0.203029 11.028117 -1.986897
v -0.206780 11.029987 -1.985626
v -0.203546 11.022870 -2.002475
v -0.204622 11.025637 -2.001858
v -0.206790 11.027918 -1.999202
v -0.209393 11.029551 -1.996330
v -0.194902 10.741780 -1.952598
v -0.234530 10.741780 -2.032598
v -0.234530 10.729559 -1.952598
v -0.195894 10.741780 -1.970391
v -0.198824 10.741780 -1.987301
v -0.203546 10.741780 -2.002475
v -0.195894 10.739062 -1.952598
v -0.197071 10.738976 -1.971154
v -0.200143 10.738987 -1.987906
v -0.204582 10.739022 -2.001780
v -0.198824 10.736479 -1.952598
v -0.200161 10.736388 -1.971044
v -0.203029 10.736541 -1.986944
v -0.206780 10.736735 -1.999190
v -0.203546 10.734161 -1.952598
v -0.204622 10.734255 -1.970710
v -0.206790 10.734661 -1.985645
v -0.209393 10.735100 -1.996330
v -0.234530 10.739062 -2.030594
v -0.234530 10.736479 -2.024680
v -0.234530 10.734161 -2.015147
v -0.225716 10.741780 -2.030594
v -0.225433 10.738946 -2.028219
v -0.225471 10.736386 -2.022017
v -0.225586 10.734267 -2.013056
v -0.217340 10.741780 -2.024680
v -0.217045 10.738962 -2.021980
v -0.217540 10.736534 -2.016191
v -0.218169 10.734663 -2.008619
v -0.209823 10.741780 -2.015147
v -0.210129 10.739014 -2.012976
v -0.211445 10.736732 -2.008598
v -0.212867 10.735100 -2.003343
v -0.225716 10.729865 -1.952598
v -0.217340 10.730769 -1.952598
v -0.209823 10.732225 -1.952598
v -0.234530 10.729865 -1.970391
v -0.225338 10.730228 -1.970962
v -0.217040 10.731175 -1.970886
v -0.210168 10.732545 -1.970655
v -0.234530 10.730769 -1.987301
v -0.225393 10.731181 -1.987896
v -0.217517 10.732066 -1.986897
v -0.211450 10.733222 -1.985626
v -0.234530 10.732225 -2.002475
v -0.225558 10.732557 -2.001858
v -0.218160 10.733226 -1.999202
v -0.212867 10.734029 -1.996330
v -0.690256 11.035091 -1.952598
v -0.690256 11.022870 -2.032598
v -0.690256 11.034784 -1.970400
v -0.690256 11.033881 -1.987309
v -0.690256 11.032425 -2.002477
v -0.690256 11.030490 -2.015145
v -0.690256 11.028172 -2.024676
v -0.690256 11.025589 -2.030592
v -0.690256 10.741780 -2.032598
v -0.690256 10.729559 -1.952598
v -0.690256 10.739061 -2.030592
v -0.690256 10.736478 -2.024676
v -0.690256 10.734160 -2.015145
v -0.690256 10.732225 -2.002477
v -0.690256 10.730769 -1.987309
v -0.690256 10.729866 -1.970400
v -1.145982 11.035091 -1.952598
v -1.185610 11.022870 -1.952598
v -1.145982 11.022870 -2.032598
v -1.154795 11.034785 -1.952598
v -1.163172 11.033881 -1.952598
v -1.170688 11.032425 -1.952598
v -1.145982 11.034785 -1.970391
v -1.155173 11.034422 -1.970962
v -1.163472 11.033475 -1.970886
v -1.170344 11.032105 -1.970655
v -1.145982 11.033881 -1.987301
v -1.155119 11.033469 -1.987896
v -1.162995 11.032585 -1.986897
v -1.169061 11.031428 -1.985626
v -1.145982 11.032425 -2.002475
v -1.154953 11.032093 -2.001858
v -1.162351 11.031425 -1.999202
v -1.167645 11.030622 -1.996330
v -1.184617 11.022870 -1.970391
v -1.181687 11.022870 -1.987301
v -1.176965 11.022870 -2.002475
v -1.184617 11.025588 -1.952598
v -1.183441 11.025675 -1.971154
v -1.180368 11.025663 -1.987906
v -1.175930 11.025628 -2.001780
v -1.181687 11.028172 -1.952598
v -1.180350 11.028262 -1.971044
v -1.177482 11.028110 -1.986944
v -1.173732 11.027916 -1.999190
v -1.176965 11.030489 -1.952598
v -1.175890 11.030396 -1.970710
v -1.173722 11.029989 -1.985645
v -1.171118 11.029551 -1.996330
v -1.145982 11.025588 -2.030594
v -1.145982 11.028172 -2.024680
v -1.145982 11.030489 -2.015147
v -1.154795 11.022870 -2.030594
v -1.155078 11.025704 -2.028219
v -1.155040 11.028264 -2.022017
v -1.154926 11.030383 -2.013056
v -1.163172 11.022870 -2.024680
v -1.163466 11.025688 -2.021980
v -1.162971 11.028117 -2.016191
v -1.162342 11.029987 -2.008619
v -1.170688 11.022870 -2.015147
v -1.170383 11.025637 -2.012976
v -1.169067 11.027918 -2.008598
v -1.167644 11.029551 -2.003343
v -1.185610 10.741780 -1.952598
v -1.145982 10.729559 -1.952598
v -1.145982 10.741780 -2.032598
v -1.184617 10.739062 -1.952598
v -1.181687 10.736479 -1.952598
v -1.176965 10.734161 -1.952598
v -1.184617 10.741780 -1.970391
v -1.183441 10.738946 -1.970962
v -1.180368 10.736386 -1.970886
v -1.175930 10.734267 -1.970655
v -1.181687 10.741780 -1.987301
v -1.180350 10.738962 -1.987896
v -1.177482 10.736534 -1.986897
v -1.173732 10.734663 -1.985626
v -1.176965 10.741780 -2.002475
v -1.175890 10.739014 -2.001858
v -1.173722 10.736732 -1.999202
v -1.171118 10.735100 -1.996330
v -1.145982 10.729865 -1.970391
v -1.145982 10.730769 -1.987301
v -1.145982 10.732225 -2.002475
v -1.154795 10.729865 -1.952598
v -1.155078 10.730228 -1.971154
v -1.155040 10.731175 -1.987906
v -1.154926 10.732545 -2.001780
v -1.163172 10.730769 -1.952598
v -1.163466 10.731181 -1.971044
v -1.162971 10.732066 -1.986944
v -1.162342 10.733222 -1.999190
v -1.170688 10.732225 -1.952598
v -1.170383 10.732557 -1.970710
v -1.169067 10.733226 -1.985645
v -1.167644 10.734029 -1.996330
v -1.154795 10.741780 -2.030594
v -1.163172 10.741780 -2.024680
v -1.170688 10.741780 -2.015147
v -1.145982 10.739062 -2.030594
v -1.155173 10.738976 -2.028219
v -1.163472 10.738987 -2.022017
v -1.170344 10.739022 -2.013056
v -1.145982 10.736479 -2.024680
v -1.155119 10.736388 -2.021980
v -1.162995 10.736541 -2.016191
v -1.169061 10.736735 -2.008619
v -1.145982 10.734161 -2.015147
v -1.154953 10.734255 -2.012976
v -1.162351 10.734661 -2.008598
v -1.167645 10.735100 -2.003343
vn 0.0366 0.9992 0.0181
vn 0.1104 0.9937 0.0188
vn 0.1929 0.9810 0.0198
vn 0.2946 0.9554 0.0225
vn 0.0387 0.9977 0.0548
vn 0.1161 0.9916 0.0573
vn 0.1980 0.9783 0.0608
vn 0.2937 0.9534 0.0684
vn 0.0410 0.9945 0.0969
vn 0.1241 0.9873 0.0991
vn 0.2050 0.9735 0.1015
vn 0.2928 0.9498 0.1103
vn 0.9319 0.3585 0.0548
vn 0.9153 0.3681 0.1633
vn 0.8825 0.3788 0.2788
vn 0.8179 0.4086 0.4050
vn 0.6506 0.7584 0.0406
vn 0.6272 0.7699 0.1180
vn 0.5931 0.7817 0.1928
vn 0.5295 0.8068 0.2620
vn 0.4352 0.8999 0.0288
vn 0.4233 0.9020 0.0855
vn 0.4078 0.9026 0.1379
vn 0.3696 0.9110 0.1830
vn 0.1858 0.6026 0.7761
vn 0.0973 0.9163 0.3886
vn 0.0621 0.9706 0.2325
vn 0.0469 0.9874 0.1509
vn 0.4887 0.5547 0.6734
vn 0.2743 0.8921 0.3589
vn 0.1829 0.9575 0.2229
vn 0.1420 0.9785 0.1497
vn 0.6959 0.4728 0.5405
vn 0.4221 0.8489 0.3182
vn 0.2882 0.9345 0.2091
vn 0.2258 0.9630 0.1472
vn 0.2916 0.9456 0.1445
vn 0.9319 -0.3585 0.0548
vn 0.6498 -0.7591 0.0399
vn 0.4352 -0.8999 0.0285
vn 0.2947 -0.9553 0.0225
vn 0.9136 -0.3728 0.1627
vn 0.6261 -0.7709 0.1174
vn 0.4237 -0.9018 0.0853
vn 0.2943 -0.9532 0.0685
vn 0.8813 -0.3818 0.2784
vn 0.5920 -0.7825 0.1927
vn 0.4078 -0.9026 0.1379
vn 0.2930 -0.9497 0.1103
vn 0.0366 -0.9992 0.0181
vn 0.0382 -0.9978 0.0549
vn 0.0406 -0.9945 0.0969
vn 0.0469 -0.9874 0.1508
vn 0.1102 -0.9937 0.0191
vn 0.1158 -0.9916 0.0575
vn 0.1238 -0.9874 0.0990
vn 0.1418 -0.9786 0.1493
vn 0.1929 -0.9810 0.0200
vn 0.1983 -0.9783 0.0609
vn 0.2050 -0.9735 0.1015
vn 0.2258 -0.9630 0.1471
vn 0.1858 -0.6026 0.7761
vn 0.4916 -0.5489 0.6760
vn 0.6973 -0.4694 0.5417
vn 0.8178 -0.4087 0.4052
vn 0.0989 -0.9158 0.3892
vn 0.2757 -0.8914 0.3597
vn 0.4225 -0.8484 0.3189
vn 0.5291 -0.8070 0.2624
vn 0.0627 -0.9706 0.2325
vn 0.1832 -0.9576 0.2226
vn 0.2882 -0.9345 0.2091
vn 0.3695 -0.9110 0.1831
vn 0.2916 -0.9456 0.1444
vn -0.0366 0.9992 0.0181
vn -0.0382 0.9978 0.0549
vn -0.0406 0.9945 0.0969
vn -0.0469 0.9874 0.1508
vn -0.1102 0.9937 0.0191
vn -0.1158 0.9916 0.0575
vn -0.1238 0.9874 0.0990
vn -0.1418 0.9786 0.1493
vn -0.1929 0.9810 0.0200
vn -0.1983 0.9783 0.0609
vn -0.2050 0.9735 0.1015
vn -0.2258 0.9630 0.1471
vn -0.1858 0.6026 0.7761
vn -0.4916 0.5489 0.6760
vn -0.6973 0.4694 0.5417
vn -0.8178 0.4087 0.4052
vn -0.0989 0.9158 0.3892
vn -0.2757 0.8914 0.3597
vn -0.4225 0.8484 0.3189
vn -0.5291 0.8070 0.2624
vn -0.0627 0.9706 0.2325
vn -0.1832 0.9575 0.2226
vn -0.2882 0.9345 0.2091
vn -0.3695 0.9110 0.1831
vn -0.9319 0.3585 0.0548
vn -0.6498 0.7591 0.0399
vn -0.4352 0.8999 0.0285
vn -0.2947 0.9553 0.0225
vn -0.9136 0.3728 0.1627
vn -0.6261 0.7709 0.1174
vn -0.4237 0.9018 0.0853
vn -0.2943 0.9532 0.0685
vn -0.8813 0.3818 0.2784
vn -0.5920 0.7825 0.1927
vn -0.4078 0.9026 0.1379
vn -0.2930 0.9497 0.1103
vn -0.2916 0.9456 0.1444
vn -0.9319 -0.3585 0.0548
vn -0.9153 -0.3681 0.1633
vn -0.8825 -0.3788 0.2788
vn -0.8179 -0.4087 0.4050
vn -0.6506 -0.7584 0.0406
vn -0.6272 -0.7699 0.1180
vn -0.5931 -0.7817 0.1928
vn -0.5295 -0.8068 0.2620
vn -0.4352 -0.8999 0.0288
vn -0.4233 -0.9020 0.0855
vn -0.4078 -0.9026 0.1379
vn -0.3696 -0.9110 0.1830
vn -0.1858 -0.6026 0.7761
vn -0.0973 -0.9163 0.3886
vn -0.0621 -0.9706 0.2325
vn -0.0469 -0.9874 0.1509
vn -0.4887 -0.5547 0.6734
vn -0.2743 -0.8921 0.3589
vn -0.1829 -0.9575 0.2229
vn -0.1420 -0.9785 0.1497
vn -0.6959 -0.4728 0.5405
vn -0.4221 -0.8489 0.3182
vn -0.2882 -0.9345 0.2091
vn -0.2258 -0.9630 0.1472
vn -0.0366 -0.9992 0.0181
vn -0.1104 -0.9937 0.0188
vn -0.1929 -0.9810 0.0198
vn -0.2946 -0.9554 0.0225
vn -0.0387 -0.9977 0.0548
vn -0.1161 -0.9916 0.0573
vn -0.1980 -0.9783 0.0608
vn -0.2937 -0.9534 0.0684
vn -0.0410 -0.9945 0.0969
vn -0.1241 -0.9873 0.0991
vn -0.2050 -0.9735 0.1015
vn -0.2928 -0.9498 0.1103
vn -0.2916 -0.9456 0.1445
vn 0.0366 0.9992 -0.0181
vn 0.0382 0.9978 -0.0549
vn 0.0406 0.9945 -0.0969
vn 0.0469 0.9874 -0.1508
vn 0.1102 0.9937 -0.0191
vn 0.1158 0.9916 -0.0575
vn 0.1238 0.9874 -0.0990
vn 0.1418 0.9786 -0.1493
vn 0.1929 0.9810 -0.0200
vn 0.1983 0.9783 -0.0609
vn 0.2050 0.9735 -0.1015
vn 0.2258 0.9630 -0.1471
vn 0.1859 0.6026 -0.7761
vn 0.4916 0.5489 -0.6760
vn 0.6973 0.4694 -0.5417
vn 0.8178 0.4087 -0.4052
vn 0.0989 0.9158 -0.3892
vn 0.2757 0.8914 -0.3597
vn 0.4225 0.8484 -0.3189
vn 0.5291 0.8070 -0.2624
vn 0.0627 0.9706 -0.2325
vn 0.1832 0.9575 -0.2226
vn 0.2882 0.9345 -0.2091
vn 0.3695 0.9110 -0.1831
vn 0.9319 0.3585 -0.0548
vn 0.6498 0.7591 -0.0399
vn 0.4352 0.8999 -0.0285
vn 0.2947 0.9553 -0.0225
vn 0.9136 0.3728 -0.1627
vn 0.6261 0.7709 -0.1174
vn 0.4237 0.9018 -0.0853
vn 0.2943 0.9532 -0.0685
vn 0.8813 0.3818 -0.2784
vn 0.5920 0.7825 -0.1927
vn 0.4078 0.9026 -0.1379
vn 0.2930 0.9497 -0.1103
vn 0.2916 0.9456 -0.1444
vn 0.9319 -0.3585 -0.0548
vn 0.9153 -0.3681 -0.1633
vn 0.8825 -0.3788 -0.2788
vn 0.8179 -0.4086 -0.4050
vn 0.6506 -0.7584 -0.0406
vn 0.6272 -0.7699 -0.1180
vn 0.5931 -0.7817 -0.1928
vn 0.5295 -0.8068 -0.2620
vn 0.4352 -0.8999 -0.0288
vn 0.4233 -0.9020 -0.0855
vn 0.4078 -0.9026 -0.1379
vn 0.3696 -0.9110 -0.1830
vn 0.1859 -0.6026 -0.7761
vn 0.0973 -0.9163 -0.3886
vn 0.0621 -0.9706 -0.2325
vn 0.0469 -0.9874 -0.1509
vn 0.4887 -0.5547 -0.6734
vn 0.2743 -0.8921 -0.3589
vn 0.1829 -0.9575 -0.2229
vn 0.1420 -0.9785 -0.1497
vn 0.6959 -0.4728 -0.5405
vn 0.4221 -0.8489 -0.3182
vn 0.2882 -0.9345 -0.2091
vn 0.2258 -0.9630 -0.1472
vn 0.0366 -0.9992 -0.0181
vn 0.1104 -0.9937 -0.0188
vn 0.1929 -0.9810 -0.0198
vn 0.2946 -0.9554 -0.0225
vn 0.0387 -0.9977 -0.0548
vn 0.1161 -0.9916 -0.0573
vn 0.1980 -0.9783 -0.0608
vn 0.2937 -0.9534 -0.0684
vn 0.0410 -0.9945 -0.0969
vn 0.1241 -0.9873 -0.0991
vn 0.2049 -0.9735 -0.1015
vn 0.2928 -0.9498 -0.1103
vn 0.2916 -0.9456 -0.1445
vn -0.0366 0.9992 -0.0181
vn -0.1104 0.9937 -0.0188
vn -0.1929 0.9810 -0.0198
vn -0.2946 0.9554 -0.0225
vn -0.0387 0.9977 -0.0548
vn -0.1161 0.9916 -0.0573
vn -0.1980 0.9783 -0.0608
vn -0.2937 0.9534 -0.0684
vn -0.0410 0.9945 -0.0969
vn -0.1241 0.9873 -0.0991
vn -0.2049 0.9735 -0.1015
vn -0.2928 0.9498 -0.1103
vn -0.9319 0.3585 -0.0548
vn -0.9153 0.3681 -0.1633
vn -0.8825 0.3788 -0.2788
vn -0.8179 0.4086 -0.4050
vn -0.6506 0.7584 -0.0406
vn -0.6272 0.7699 -0.1180
vn -0.5931 0.7817 -0.1928
vn -0.5295 0.8068 -0.2620
vn -0.4352 0.8999 -0.0288
vn -0.4233 0.9020 -0.0855
vn -0.4078 0.9026 -0.1379
vn -0.3696 0.9110 -0.1830
vn -0.1859 0.6026 -0.7761
vn -0.0973 0.9163 -0.3886
vn -0.0621 0.9706 -0.2325
vn -0.0469 0.9874 -0.1509
vn -0.4887 0.5547 -0.6734
vn -0.2743 0.8921 -0.3589
vn -0.1829 0.9575 -0.2229
vn -0.1420 0.9785 -0.1497
vn -0.6959 0.4728 -0.5405
vn -0.4221 0.8489 -0.3182
vn -0.2882 0.9345 -0.2091
vn -0.2258 0.9630 -0.1472
vn -0.2916 0.9456 -0.1445
vn -0.9319 -0.3585 -0.0548
vn -0.6498 -0.7591 -0.0399
vn -0.4352 -0.8999 -0.0285
vn -0.2947 -0.9553 -0.0225
vn -0.9136 -0.3728 -0.1627
vn -0.6261 -0.7709 -0.1174
vn -0.4237 -0.9018 -0.0853
vn -0.2943 -0.9532 -0.0685
vn -0.8813 -0.3818 -0.2784
vn -0.5920 -0.7825 -0.1927
vn -0.4078 -0.9026 -0.1379
vn -0.2930 -0.9497 -0.1103
vn -0.0366 -0.9992 -0.0181
vn -0.0382 -0.9978 -0.0549
vn -0.0406 -0.9945 -0.0969
vn -0.0469 -0.9874 -0.1508
vn -0.1102 -0.9937 -0.0191
vn -0.1158 -0.9916 -0.0575
vn -0.1238 -0.9874 -0.0990
vn -0.1418 -0.9786 -0.1493
vn -0.1929 -0.9810 -0.0200
vn -0.1983 -0.9783 -0.0609
vn -0.2050 -0.9735 -0.1015
vn -0.2258 -0.9630 -0.1471
vn -0.1859 -0.6026 -0.7761
vn -0.4916 -0.5489 -0.6760
vn -0.6973 -0.4694 -0.5417
vn -0.8178 -0.4087 -0.4052
vn -0.0989 -0.9158 -0.3892
vn -0.2757 -0.8914 -0.3597
vn -0.4225 -0.8484 -0.3189
vn -0.5291 -0.8070 -0.2624
vn -0.0627 -0.9706 -0.2325
vn -0.1832 -0.9575 -0.2226
vn -0.2882 -0.9345 -0.2091
vn -0.3695 -0.9110 -0.1831
vn -0.2916 -0.9456 -0.1444
vn -0.0000 0.9999 0.0172
vn -0.0000 0.9986 0.0534
vn -0.0000 0.9954 0.0955
vn -0.0000 0.9885 0.1510
vn -0.0000 0.9717 0.2363
vn -0.0000 0.9164 0.4002
vn -0.0000 0.5935 0.8049
vn 0.9984 -0.0000 0.0557
vn 0.9853 -0.0000 0.1707
vn 0.9548 -0.0000 0.2971
vn 0.8961 -0.0000 0.4439
vn 0.7853 -0.0000 0.6192
vn 0.5768 -0.0000 0.8169
vn 0.2217 -0.0000 0.9751
vn -0.0000 -0.9999 0.0172
vn -0.0000 -0.9986 0.0534
vn -0.0000 -0.9954 0.0955
vn -0.0000 -0.9885 0.1510
vn -0.0000 -0.9717 0.2363
vn -0.0000 -0.9164 0.4002
vn -0.0000 -0.5935 0.8049
vn -0.2217 -0.0000 0.9751
vn -0.5768 -0.0000 0.8169
vn -0.7853 -0.0000 0.6192
vn -0.8961 -0.0000 0.4439
vn -0.9548 -0.0000 0.2971
vn -0.9853 -0.0000 0.1707
vn -0.9984 -0.0000 0.0557
vn -0.0000 0.5935 -0.8049
vn -0.0000 0.9164 -0.4002
vn -0.0000 0.9717 -0.2363
vn -0.0000 0.9885 -0.1510
vn -0.0000 0.9954 -0.0955
vn -0.0000 0.9986 -0.0534
vn -0.0000 0.9999 -0.0172
vn 0.2217 -0.0000 -0.9751
vn 0.5768 -0.0000 -0.8169
vn 0.7853 -0.0000 -0.6192
vn 0.8961 -0.0000 -0.4439
vn 0.9548 -0.0000 -0.2971
vn 0.9853 -0.0000 -0.1707
vn 0.9984 -0.0000 -0.0557
vn -0.0000 -0.5935 -0.8049
vn -0.0000 -0.9164 -0.4002
vn -0.0000 -0.9717 -0.2363
vn -0.0000 -0.9885 -0.1510
vn -0.0000 -0.9954 -0.0955
vn -0.0000 -0.9986 -0.0534
vn -0.0000 -0.9999 -0.0172
vn -0.9984 -0.0000 -0.0557
vn -0.9853 -0.0000 -0.1707
vn -0.9548 -0.0000 -0.2971
vn -0.8961 -0.0000 -0.4439
vn -0.7853 -0.0000 -0.6192
vn -0.5768 -0.0000 -0.8169
vn -0.2217 -0.0000 -0.9751
vn 0.0347 0.9994 -0.0000
vn 0.1073 0.9942 -0.0000
vn 0.1902 0.9817 -0.0000
vn 0.2947 0.9556 -0.0000
vn 0.4407 0.8977 -0.0000
vn 0.6613 0.7501 -0.0000
vn 0.9393 0.3430 -0.0000
vn 0.9393 -0.3430 -0.0000
vn 0.6613 -0.7501 -0.0000
vn 0.4407 -0.8977 -0.0000
vn 0.2947 -0.9556 -0.0000
vn 0.1902 -0.9817 -0.0000
vn 0.1073 -0.9942 -0.0000
vn 0.0347 -0.9994 -0.0000
vn -0.9393 0.3430 -0.0000
vn -0.6613 0.7501 -0.0000
vn -0.4407 0.8977 -0.0000
vn -0.2947 0.9556 -0.0000
vn -0.1902 0.9817 -0.0000
vn -0.1073 0.9942 -0.0000
vn -0.0347 0.9994 -0.0000
vn -0.0347 -0.9994 -0.0000
vn -0.1073 -0.9942 -0.0000
vn -0.1902 -0.9817 -0.0000
vn -0.2947 -0.9556 -0.0000
vn -0.4407 -0.8977 -0.0000
vn -0.6613 -0.7501 -0.0000
vn -0.9393 -0.3430 -0.0000
vn -0.0000 1.0000 -0.0000
vn -0.0000 -0.0000 1.0000
vn 1.0000 -0.0000 -0.0000
vn -0.0000 -1.0000 -0.0000
vn -1.0000 -0.0000 -0.0000
vn -0.0000 -0.0000 -1.0000
vt 0.960000 0.000000
vt 0.968897 0.000000
vt 0.969278 0.000000
vt 0.977351 0.000000
vt 0.977654 0.000000
vt 0.984938 0.000000
vt 0.984591 0.000000
vt 1.000000 0.015062
vt 1.000000 0.015370
vt 0.969223 0.000000
vt 0.960000 0.000000
vt 0.977173 0.000000
vt 0.983296 0.000000
vt 1.000000 0.016698
vt 0.969056 0.000000
vt 0.976523 0.000000
vt 0.981866 0.000000
vt 1.000000 0.018134
vt 1.000000 0.040000
vt 1.000000 0.040000
vt 1.000000 0.030818
vt 1.000000 0.031103
vt 1.000000 0.030856
vt 1.000000 0.030972
vt 0.984938 0.040000
vt 0.984630 0.030944
vt 1.000000 0.022351
vt 1.000000 0.022649
vt 1.000000 0.022851
vt 1.000000 0.023486
vt 0.983302 0.023477
vt 0.981866 0.018134
vt 0.960000 0.040000
vt 0.960000 0.031103
vt 0.969182 0.030722
vt 0.968897 0.040000
vt 0.960000 0.022649
vt 0.969144 0.022346
vt 0.960000 0.015062
vt 0.969028 0.015409
vt 0.977649 0.030777
vt 0.977351 0.040000
vt 0.977149 0.022827
vt 0.976514 0.016704
vt 1.000000 0.960000
vt 1.000000 0.968897
vt 1.000000 0.969278
vt 1.000000 0.960000
vt 1.000000 0.977351
vt 1.000000 0.977654
vt 1.000000 0.984938
vt 1.000000 0.984591
vt 0.984938 1.000000
vt 0.984630 1.000000
vt 1.000000 0.969223
vt 1.000000 0.960000
vt 1.000000 0.977173
vt 1.000000 0.983296
vt 0.983302 1.000000
vt 1.000000 0.969056
vt 1.000000 0.960000
vt 1.000000 0.976523
vt 1.000000 0.981866
vt 0.981866 1.000000
vt 0.960000 1.000000
vt 0.960000 1.000000
vt 0.969182 1.000000
vt 0.968897 1.000000
vt 0.969144 1.000000
vt 0.969028 1.000000
vt 0.960000 0.984938
vt 0.969056 0.984630
vt 0.977649 1.000000
vt 0.977351 1.000000
vt 0.977149 1.000000
vt 0.976514 1.000000
vt 0.976523 0.983302
vt 0.981866 0.981866
vt 0.960000 0.960000
vt 0.968897 0.960000
vt 0.969278 0.969182
vt 0.960000 0.968897
vt 0.977351 0.960000
vt 0.977654 0.969144
vt 0.984938 0.960000
vt 0.984591 0.969028
vt 0.969223 0.977649
vt 0.960000 0.977351
vt 0.977173 0.977149
vt 0.983296 0.976514
vt 0.960000 0.000000
vt 0.969182 0.000000
vt 0.969144 0.000000
vt 0.969028 0.000000
vt 0.960000 0.015062
vt 0.969056 0.015370
vt 0.977649 0.000000
vt 0.977351 0.000000
vt 0.977149 0.000000
vt 0.976514 0.000000
vt 0.976523 0.016698
vt 0.984630 0.000000
vt 0.983302 0.000000
vt 0.981866 0.000000
vt 0.981866 0.018134
vt 0.960000 0.040000
vt 0.969278 0.030818
vt 0.977351 0.040000
vt 0.977654 0.030856
vt 0.984938 0.040000
vt 0.984591 0.030972
vt 1.000000 0.040000
vt 1.000000 0.030944
vt 0.969223 0.022351
vt 0.977173 0.022851
vt 0.983296 0.023486
vt 1.000000 0.023477
vt 1.000000 0.018134
vt 1.000000 0.040000
vt 1.000000 0.031103
vt 1.000000 0.030722
vt 1.000000 0.022346
vt 1.000000 0.015409
vt 1.000000 0.030777
vt 1.000000 0.040000
vt 1.000000 0.022827
vt 1.000000 0.016704
vt 1.000000 0.969182
vt 1.000000 0.968897
vt 1.000000 0.969144
vt 1.000000 0.969028
vt 0.984938 0.960000
vt 0.984630 0.969056
vt 1.000000 0.977649
vt 1.000000 0.977149
vt 1.000000 0.976514
vt 0.983302 0.976523
vt 1.000000 0.984630
vt 1.000000 0.983302
vt 1.000000 0.981866
vt 0.981866 0.981866
vt 0.960000 0.960000
vt 0.960000 0.968897
vt 0.969182 0.969278
vt 0.968897 0.960000
vt 0.969144 0.977654
vt 0.969028 0.984591
vt 0.969056 1.000000
vt 0.977649 0.969223
vt 0.977351 0.960000
vt 0.977149 0.977173
vt 0.976514 0.983296
vt 0.976523 1.000000
vt 0.981866 1.000000
vt 0.969278 1.000000
vt 0.977351 1.000000
vt 0.977654 1.000000
vt 0.984591 1.000000
vt 0.969223 1.000000
vt 0.960000 1.000000
vt 0.977173 1.000000
vt 0.983296 1.000000
vt 0.969182 0.000000
vt 0.969028 0.000000
vt 0.976514 0.000000
vt 0.984630 0.000000
vt 1.000000 0.030944
vt 1.000000 0.023477
vt 1.000000 0.031103
vt 1.000000 0.030722
vt 1.000000 0.022346
vt 1.000000 0.015062
vt 1.000000 0.015409
vt 1.000000 0.030777
vt 1.000000 0.040000
vt 1.000000 0.022827
vt 1.000000 0.016704
vt 1.000000 0.969182
vt 1.000000 0.968897
vt 1.000000 0.969144
vt 1.000000 0.977649
vt 1.000000 0.977149
vt 1.000000 0.984938
vt 1.000000 0.983302
vt 0.976523 1.000000
vt 0.969278 1.000000
vt 0.960000 1.000000
vt 0.977351 1.000000
vt 0.977654 1.000000
vt 0.984938 1.000000
vt 0.984591 1.000000
vt 0.969223 1.000000
vt 0.960000 1.000000
vt 0.977173 1.000000
vt 0.983296 1.000000
vt 0.960000 0.000000
vt 0.977654 0.000000
vt 0.984938 0.000000
vt 1.000000 0.015062
vt 0.969223 0.000000
vt 0.977173 0.000000
vt 1.000000 0.016698
vt 1.000000 0.018134
vt 1.000000 0.030818
vt 1.000000 0.030856
vt 1.000000 0.022351
vt 1.000000 0.022851
vt 1.000000 0.023486
vt 1.000000 0.969278
vt 1.000000 0.977654
vt 1.000000 0.984938
vt 1.000000 0.984591
vt 0.984630 1.000000
vt 1.000000 0.969223
vt 1.000000 0.977173
vt 1.000000 0.983296
vt 1.000000 0.969056
vt 1.000000 0.976523
vt 0.969182 1.000000
vt 0.969028 1.000000
vt 0.977649 1.000000
vt 0.976514 1.000000
vt 0.500000 0.000000
vt 0.500000 0.015060
vt 0.500000 0.022645
vt 0.500000 0.031099
vt 0.500000 0.040000
vt 0.500000 1.000000
vt 0.500000 0.984940
vt 0.500000 0.977355
vt 0.500000 0.968901
vt 0.500000 0.960000
s 0
usemtl Material.002
f 3045/233/2530 3051/233/2530 3052/235/2530 3048/234/2530
f 3048/234/2531 3052/235/2531 3053/237/2531 3049/236/2531
f 3049/236/2532 3053/237/2532 3054/239/2532 3050/238/2532
f 3050/238/2533 3054/239/2533 3075/241/2533 3074/240/2533
f 3051/233/2534 3055/243/2534 3056/242/2534 3052/235/2534
f 3052/235/2535 3056/242/2535 3057/244/2535 3053/237/2535
f 3053/237/2536 3057/244/2536 3058/245/2536 3054/239/2536
f 3054/239/2537 3058/245/2537 3076/246/2537 3075/241/2537
f 3055/243/2538 3059/233/2538 3060/247/2538 3056/242/2538
f 3056/242/2539 3060/247/2539 3061/248/2539 3057/244/2539
f 3057/244/2540 3061/248/2540 3062/249/2540 3058/245/2540
f 3058/245/2541 3062/249/2541 3077/250/2541 3076/246/2541
f 3046/251/2542 3066/254/2542 3067/253/2542 3063/252/2542
f 3063/252/2543 3067/253/2543 3068/255/2543 3064/252/2543
f 3064/252/2544 3068/255/2544 3069/256/2544 3065/252/2544
f 3065/252/2545 3069/256/2545 3090/258/2545 3089/257/2545
f 3066/254/2546 3070/260/2546 3071/259/2546 3067/253/2546
f 3067/253/2547 3071/259/2547 3072/261/2547 3068/255/2547
f 3068/255/2548 3072/261/2548 3073/262/2548 3069/256/2548
f 3069/256/2549 3073/262/2549 3091/263/2549 3090/258/2549
f 3070/260/2550 3074/240/2550 3075/241/2550 3071/259/2550
f 3071/259/2551 3075/241/2551 3076/246/2551 3072/261/2551
f 3072/261/2552 3076/246/2552 3077/250/2552 3073/262/2552
f 3073/262/2553 3077/250/2553 3092/264/2553 3091/263/2553
f 3047/265/2554 3081/268/2554 3082/267/2554 3078/266/2554
f 3078/266/2555 3082/267/2555 3083/270/2555 3079/269/2555
f 3079/269/2556 3083/270/2556 3084/272/2556 3080/271/2556
f 3080/271/2557 3084/272/2557 3060/247/2557 3059/233/2557
f 3081/268/2558 3085/274/2558 3086/273/2558 3082/267/2558
f 3082/267/2559 3086/273/2559 3087/275/2559 3083/270/2559
f 3083/270/2560 3087/275/2560 3088/276/2560 3084/272/2560
f 3084/272/2561 3088/276/2561 3061/248/2561 3060/247/2561
f 3085/274/2562 3089/257/2562 3090/258/2562 3086/273/2562
f 3086/273/2563 3090/258/2563 3091/263/2563 3087/275/2563
f 3087/275/2564 3091/263/2564 3092/264/2564 3088/276/2564
f 3088/276/2565 3092/264/2565 3062/249/2565 3061/248/2565
f 3062/249/2566 3092/264/2566 3077/250/2566
f 3093/277/2567 3099/280/2567 3100/279/2567 3096/278/2567
f 3096/278/2568 3100/279/2568 3101/282/2568 3097/281/2568
f 3097/281/2569 3101/282/2569 3102/284/2569 3098/283/2569
f 3098/283/2570 3102/284/2570 3123/286/2570 3122/285/2570
f 3099/280/2571 3103/288/2571 3104/287/2571 3100/279/2571
f 3100/279/2572 3104/287/2572 3105/289/2572 3101/282/2572
f 3101/282/2573 3105/289/2573 3106/290/2573 3102/284/2573
f 3102/284/2574 3106/290/2574 3124/291/2574 3123/286/2574
f 3103/288/2575 3107/293/2575 3108/292/2575 3104/287/2575
f 3104/287/2576 3108/292/2576 3109/294/2576 3105/289/2576
f 3105/289/2577 3109/294/2577 3110/295/2577 3106/290/2577
f 3106/290/2578 3110/295/2578 3125/296/2578 3124/291/2578
f 3094/297/2579 3114/300/2579 3115/299/2579 3111/298/2579
f 3111/298/2580 3115/299/2580 3116/301/2580 3112/298/2580
f 3112/298/2581 3116/301/2581 3117/302/2581 3113/297/2581
f 3113/297/2582 3117/302/2582 3138/304/2582 3137/303/2582
f 3114/300/2583 3118/306/2583 3119/305/2583 3115/299/2583
f 3115/299/2584 3119/305/2584 3120/307/2584 3116/301/2584
f 3116/301/2585 3120/307/2585 3121/308/2585 3117/302/2585
f 3117/302/2586 3121/308/2586 3139/309/2586 3138/304/2586
f 3118/306/2587 3122/285/2587 3123/286/2587 3119/305/2587
f 3119/305/2588 3123/286/2588 3124/291/2588 3120/307/2588
f 3120/307/2589 3124/291/2589 3125/296/2589 3121/308/2589
f 3121/308/2590 3125/296/2590 3140/310/2590 3139/309/2590
f 3095/311/2591 3129/314/2591 3130/313/2591 3126/312/2591
f 3126/312/2592 3130/313/2592 3131/316/2592 3127/315/2592
f 3127/315/2593 3131/316/2593 3132/318/2593 3128/317/2593
f 3128/317/2594 3132/318/2594 3108/292/2594 3107/293/2594
f 3129/314/2595 3133/320/2595 3134/319/2595 3130/313/2595
f 3130/313/2596 3134/319/2596 3135/321/2596 3131/316/2596
f 3131/316/2597 3135/321/2597 3136/322/2597 3132/318/2597
f 3132/318/2598 3136/322/2598 3109/294/2598 3108/292/2598
f 3133/320/2599 3137/303/2599 3138/304/2599 3134/319/2599
f 3134/319/2600 3138/304/2600 3139/309/2600 3135/321/2600
f 3135/321/2601 3139/309/2601 3140/310/2601 3136/322/2601
f 3136/322/2602 3140/310/2602 3110/295/2602 3109/294/2602
f 3110/295/2603 3140/310/2603 3125/296/2603
f 3157/233/2604 3163/234/2604 3164/324/2604 3160/323/2604
f 3160/323/2605 3164/324/2605 3165/325/2605 3161/323/2605
f 3161/323/2606 3165/325/2606 3166/326/2606 3162/233/2606
f 3162/233/2607 3166/326/2607 3187/328/2607 3186/327/2607
f 3163/234/2608 3167/330/2608 3168/329/2608 3164/324/2608
f 3164/324/2609 3168/329/2609 3169/331/2609 3165/325/2609
f 3165/325/2610 3169/331/2610 3170/332/2610 3166/326/2610
f 3166/326/2611 3170/332/2611 3188/333/2611 3187/328/2611
f 3167/330/2612 3171/238/2612 3172/334/2612 3168/329/2612
f 3168/329/2613 3172/334/2613 3173/335/2613 3169/331/2613
f 3169/331/2614 3173/335/2614 3174/336/2614 3170/332/2614
f 3170/332/2615 3174/336/2615 3189/337/2615 3188/333/2615
f 3158/338/2616 3178/266/2616 3179/339/2616 3175/268/2616
f 3175/268/2617 3179/339/2617 3180/341/2617 3176/340/2617
f 3176/340/2618 3180/341/2618 3181/343/2618 3177/342/2618
f 3177/342/2619 3181/343/2619 3202/345/2619 3201/344/2619
f 3178/266/2620 3182/269/2620 3183/346/2620 3179/339/2620
f 3179/339/2621 3183/346/2621 3184/347/2621 3180/341/2621
f 3180/341/2622 3184/347/2622 3185/348/2622 3181/343/2622
f 3181/343/2623 3185/348/2623 3203/349/2623 3202/345/2623
f 3182/269/2624 3186/327/2624 3187/328/2624 3183/346/2624
f 3183/346/2625 3187/328/2625 3188/333/2625 3184/347/2625
f 3184/347/2626 3188/333/2626 3189/337/2626 3185/348/2626
f 3185/348/2627 3189/337/2627 3204/350/2627 3203/349/2627
f 3159/351/2628 3193/344/2628 3194/353/2628 3190/352/2628
f 3190/352/2629 3194/353/2629 3195/354/2629 3191/260/2629
f 3191/260/2630 3195/354/2630 3196/355/2630 3192/240/2630
f 3192/240/2631 3196/355/2631 3172/334/2631 3171/238/2631
f 3193/344/2632 3197/357/2632 3198/356/2632 3194/353/2632
f 3194/353/2633 3198/356/2633 3199/358/2633 3195/354/2633
f 3195/354/2634 3199/358/2634 3200/359/2634 3196/355/2634
f 3196/355/2635 3200/359/2635 3173/335/2635 3172/334/2635
f 3197/357/2636 3201/344/2636 3202/345/2636 3198/356/2636
f 3198/356/2637 3202/345/2637 3203/349/2637 3199/358/2637
f 3199/358/2638 3203/349/2638 3204/350/2638 3200/359/2638
f 3200/359/2639 3204/350/2639 3174/336/2639 3173/335/2639
f 3174/336/2640 3204/350/2640 3189/337/2640
f 3205/293/2641 3211/361/2641 3212/360/2641 3208/277/2641
f 3208/277/2642 3212/360/2642 3213/362/2642 3209/277/2642
f 3209/277/2643 3213/362/2643 3214/363/2643 3210/277/2643
f 3210/277/2644 3214/363/2644 3235/365/2644 3234/364/2644
f 3211/361/2645 3215/281/2645 3216/366/2645 3212/360/2645
f 3212/360/2646 3216/366/2646 3217/367/2646 3213/362/2646
f 3213/362/2647 3217/367/2647 3218/368/2647 3214/363/2647
f 3214/363/2648 3218/368/2648 3236/369/2648 3235/365/2648
f 3215/281/2649 3219/283/2649 3220/370/2649 3216/366/2649
f 3216/366/2650 3220/370/2650 3221/371/2650 3217/367/2650
f 3217/367/2651 3221/371/2651 3222/372/2651 3218/368/2651
f 3218/368/2652 3222/372/2652 3237/373/2652 3236/369/2652
f 3206/374/2653 3226/377/2653 3227/376/2653 3223/375/2653
f 3223/375/2654 3227/376/2654 3228/378/2654 3224/320/2654
f 3224/320/2655 3228/378/2655 3229/379/2655 3225/303/2655
f 3225/303/2656 3229/379/2656 3250/380/2656 3249/297/2656
f 3226/377/2657 3230/382/2657 3231/381/2657 3227/376/2657
f 3227/376/2658 3231/381/2658 3232/383/2658 3228/378/2658
f 3228/378/2659 3232/383/2659 3233/384/2659 3229/379/2659
f 3229/379/2660 3233/384/2660 3251/385/2660 3250/380/2660
f 3230/382/2661 3234/364/2661 3235/365/2661 3231/381/2661
f 3231/381/2662 3235/365/2662 3236/369/2662 3232/383/2662
f 3232/383/2663 3236/369/2663 3237/373/2663 3233/384/2663
f 3233/384/2664 3237/373/2664 3252/386/2664 3251/385/2664
f 3207/297/2665 3241/297/2665 3242/387/2665 3238/300/2665
f 3238/300/2666 3242/387/2666 3243/389/2666 3239/388/2666
f 3239/388/2667 3243/389/2667 3244/390/2667 3240/285/2667
f 3240/285/2668 3244/390/2668 3220/370/2668 3219/283/2668
f 3241/297/2669 3245/392/2669 3246/391/2669 3242/387/2669
f 3242/387/2670 3246/391/2670 3247/393/2670 3243/389/2670
f 3243/389/2671 3247/393/2671 3248/394/2671 3244/390/2671
f 3244/390/2672 3248/394/2672 3221/371/2672 3220/370/2672
f 3245/392/2673 3249/297/2673 3250/380/2673 3246/391/2673
f 3246/391/2674 3250/380/2674 3251/385/2674 3247/393/2674
f 3247/393/2675 3251/385/2675 3252/386/2675 3248/394/2675
f 3248/394/2676 3252/386/2676 3222/372/2676 3221/371/2676
f 3222/372/2677 3252/386/2677 3237/373/2677
f 3253/233/2678 3259/234/2678 3260/395/2678 3256/233/2678
f 3256/233/2679 3260/395/2679 3261/325/2679 3257/233/2679
f 3257/233/2680 3261/325/2680 3262/396/2680 3258/233/2680
f 3258/233/2681 3262/396/2681 3283/328/2681 3282/327/2681
f 3259/234/2682 3263/236/2682 3264/329/2682 3260/395/2682
f 3260/395/2683 3264/329/2683 3265/331/2683 3261/325/2683
f 3261/325/2684 3265/331/2684 3266/397/2684 3262/396/2684
f 3262/396/2685 3266/397/2685 3284/333/2685 3283/328/2685
f 3263/236/2686 3267/238/2686 3268/398/2686 3264/329/2686
f 3264/329/2687 3268/398/2687 3269/335/2687 3265/331/2687
f 3265/331/2688 3269/335/2688 3270/249/2688 3266/397/2688
f 3266/397/2689 3270/249/2689 3285/337/2689 3284/333/2689
f 3254/338/2690 3274/266/2690 3275/339/2690 3271/268/2690
f 3271/268/2691 3275/339/2691 3276/341/2691 3272/340/2691
f 3272/340/2692 3276/341/2692 3277/343/2692 3273/342/2692
f 3273/342/2693 3277/343/2693 3298/399/2693 3297/357/2693
f 3274/266/2694 3278/269/2694 3279/346/2694 3275/339/2694
f 3275/339/2695 3279/346/2695 3280/347/2695 3276/341/2695
f 3276/341/2696 3280/347/2696 3281/348/2696 3277/343/2696
f 3277/343/2697 3281/348/2697 3299/400/2697 3298/399/2697
f 3278/269/2698 3282/327/2698 3283/328/2698 3279/346/2698
f 3279/346/2699 3283/328/2699 3284/333/2699 3280/347/2699
f 3280/347/2700 3284/333/2700 3285/337/2700 3281/348/2700
f 3281/348/2701 3285/337/2701 3300/350/2701 3299/400/2701
f 3255/351/2702 3289/252/2702 3290/402/2702 3286/401/2702
f 3286/401/2703 3290/402/2703 3291/403/2703 3287/260/2703
f 3287/260/2704 3291/403/2704 3292/405/2704 3288/404/2704
f 3288/404/2705 3292/405/2705 3268/398/2705 3267/238/2705
f 3289/252/2706 3293/407/2706 3294/406/2706 3290/402/2706
f 3290/402/2707 3294/406/2707 3295/408/2707 3291/403/2707
f 3291/403/2708 3295/408/2708 3296/409/2708 3292/405/2708
f 3292/405/2709 3296/409/2709 3269/335/2709 3268/398/2709
f 3293/407/2710 3297/357/2710 3298/399/2710 3294/406/2710
f 3294/406/2711 3298/399/2711 3299/400/2711 3295/408/2711
f 3295/408/2712 3299/400/2712 3300/350/2712 3296/409/2712
f 3296/409/2713 3300/350/2713 3270/249/2713 3269/335/2713
f 3270/249/2714 3300/350/2714 3285/337/2714
f 3301/277/2715 3307/411/2715 3308/410/2715 3304/277/2715
f 3304/277/2716 3308/410/2716 3309/412/2716 3305/277/2716
f 3305/277/2717 3309/412/2717 3310/363/2717 3306/277/2717
f 3306/277/2718 3310/363/2718 3331/365/2718 3330/364/2718
f 3307/411/2719 3311/281/2719 3312/413/2719 3308/410/2719
f 3308/410/2720 3312/413/2720 3313/414/2720 3309/412/2720
f 3309/412/2721 3313/414/2721 3314/368/2721 3310/363/2721
f 3310/363/2722 3314/368/2722 3332/369/2722 3331/365/2722
f 3311/281/2723 3315/415/2723 3316/370/2723 3312/413/2723
f 3312/413/2724 3316/370/2724 3317/416/2724 3313/414/2724
f 3313/414/2725 3317/416/2725 3318/295/2725 3314/368/2725
f 3314/368/2726 3318/295/2726 3333/373/2726 3332/369/2726
f 3302/374/2727 3322/377/2727 3323/376/2727 3319/375/2727
f 3319/375/2728 3323/376/2728 3324/378/2728 3320/320/2728
f 3320/320/2729 3324/378/2729 3325/379/2729 3321/303/2729
f 3321/303/2730 3325/379/2730 3346/380/2730 3345/297/2730
f 3322/377/2731 3326/382/2731 3327/381/2731 3323/376/2731
f 3323/376/2732 3327/381/2732 3328/383/2732 3324/378/2732
f 3324/378/2733 3328/383/2733 3329/384/2733 3325/379/2733
f 3325/379/2734 3329/384/2734 3347/417/2734 3346/380/2734
f 3326/382/2735 3330/364/2735 3331/365/2735 3327/381/2735
f 3327/381/2736 3331/365/2736 3332/369/2736 3328/383/2736
f 3328/383/2737 3332/369/2737 3333/373/2737 3329/384/2737
f 3329/384/2738 3333/373/2738 3348/296/2738 3347/417/2738
f 3303/297/2739 3337/419/2739 3338/418/2739 3334/300/2739
f 3334/300/2740 3338/418/2740 3339/421/2740 3335/420/2740
f 3335/420/2741 3339/421/2741 3340/423/2741 3336/422/2741
f 3336/422/2742 3340/423/2742 3316/370/2742 3315/415/2742
f 3337/419/2743 3341/425/2743 3342/424/2743 3338/418/2743
f 3338/418/2744 3342/424/2744 3343/426/2744 3339/421/2744
f 3339/421/2745 3343/426/2745 3344/427/2745 3340/423/2745
f 3340/423/2746 3344/427/2746 3317/416/2746 3316/370/2746
f 3341/425/2747 3345/297/2747 3346/380/2747 3342/424/2747
f 3342/424/2748 3346/380/2748 3347/417/2748 3343/426/2748
f 3343/426/2749 3347/417/2749 3348/296/2749 3344/427/2749
f 3344/427/2750 3348/296/2750 3318/295/2750 3317/416/2750
f 3318/295/2751 3348/296/2751 3333/373/2751
f 3365/233/2752 3371/428/2752 3372/235/2752 3368/234/2752
f 3368/234/2753 3372/235/2753 3373/429/2753 3369/236/2753
f 3369/236/2754 3373/429/2754 3374/239/2754 3370/430/2754
f 3370/430/2755 3374/239/2755 3395/241/2755 3394/431/2755
f 3371/428/2756 3375/428/2756 3376/432/2756 3372/235/2756
f 3372/235/2757 3376/432/2757 3377/433/2757 3373/429/2757
f 3373/429/2758 3377/433/2758 3378/245/2758 3374/239/2758
f 3374/239/2759 3378/245/2759 3396/434/2759 3395/241/2759
f 3375/428/2760 3379/233/2760 3380/247/2760 3376/432/2760
f 3376/432/2761 3380/247/2761 3381/248/2761 3377/433/2761
f 3377/433/2762 3381/248/2762 3382/336/2762 3378/245/2762
f 3378/245/2763 3382/336/2763 3397/435/2763 3396/434/2763
f 3366/351/2764 3386/254/2764 3387/436/2764 3383/252/2764
f 3383/252/2765 3387/436/2765 3388/437/2765 3384/252/2765
f 3384/252/2766 3388/437/2766 3389/256/2766 3385/357/2766
f 3385/357/2767 3389/256/2767 3410/258/2767 3409/257/2767
f 3386/254/2768 3390/260/2768 3391/438/2768 3387/436/2768
f 3387/436/2769 3391/438/2769 3392/439/2769 3388/437/2769
f 3388/437/2770 3392/439/2770 3393/440/2770 3389/256/2770
f 3389/256/2771 3393/440/2771 3411/263/2771 3410/258/2771
f 3390/260/2772 3394/431/2772 3395/241/2772 3391/438/2772
f 3391/438/2773 3395/241/2773 3396/434/2773 3392/439/2773
f 3392/439/2774 3396/434/2774 3397/435/2774 3393/440/2774
f 3393/440/2775 3397/435/2775 3412/264/2775 3411/263/2775
f 3367/265/2776 3401/268/2776 3402/267/2776 3398/266/2776
f 3398/266/2777 3402/267/2777 3403/270/2777 3399/269/2777
f 3399/269/2778 3403/270/2778 3404/272/2778 3400/271/2778
f 3400/271/2779 3404/272/2779 3380/247/2779 3379/233/2779
f 3401/268/2780 3405/274/2780 3406/273/2780 3402/267/2780
f 3402/267/2781 3406/273/2781 3407/275/2781 3403/270/2781
f 3403/270/2782 3407/275/2782 3408/276/2782 3404/272/2782
f 3404/272/2783 3408/276/2783 3381/248/2783 3380/247/2783
f 3405/274/2784 3409/257/2784 3410/258/2784 3406/273/2784
f 3406/273/2785 3410/258/2785 3411/263/2785 3407/275/2785
f 3407/275/2786 3411/263/2786 3412/264/2786 3408/276/2786
f 3408/276/2787 3412/264/2787 3382/336/2787 3381/248/2787
f 3382/336/2788 3412/264/2788 3397/435/2788
f 3413/277/2789 3419/277/2789 3420/441/2789 3416/361/2789
f 3416/361/2790 3420/441/2790 3421/442/2790 3417/281/2790
f 3417/281/2791 3421/442/2791 3422/444/2791 3418/443/2791
f 3418/443/2792 3422/444/2792 3443/445/2792 3442/285/2792
f 3419/277/2793 3423/277/2793 3424/446/2793 3420/441/2793
f 3420/441/2794 3424/446/2794 3425/447/2794 3421/442/2794
f 3421/442/2795 3425/447/2795 3426/448/2795 3422/444/2795
f 3422/444/2796 3426/448/2796 3444/291/2796 3443/445/2796
f 3423/277/2797 3427/277/2797 3428/449/2797 3424/446/2797
f 3424/446/2798 3428/449/2798 3429/450/2798 3425/447/2798
f 3425/447/2799 3429/450/2799 3430/295/2799 3426/448/2799
f 3426/448/2800 3430/295/2800 3445/386/2800 3444/291/2800
f 3414/297/2801 3434/300/2801 3435/451/2801 3431/297/2801
f 3431/297/2802 3435/451/2802 3436/301/2802 3432/297/2802
f 3432/297/2803 3436/301/2803 3437/452/2803 3433/297/2803
f 3433/297/2804 3437/452/2804 3458/304/2804 3457/303/2804
f 3434/300/2805 3438/420/2805 3439/453/2805 3435/451/2805
f 3435/451/2806 3439/453/2806 3440/307/2806 3436/301/2806
f 3436/301/2807 3440/307/2807 3441/454/2807 3437/452/2807
f 3437/452/2808 3441/454/2808 3459/309/2808 3458/304/2808
f 3438/420/2809 3442/285/2809 3443/445/2809 3439/453/2809
f 3439/453/2810 3443/445/2810 3444/291/2810 3440/307/2810
f 3440/307/2811 3444/291/2811 3445/386/2811 3441/454/2811
f 3441/454/2812 3445/386/2812 3460/310/2812 3459/309/2812
f 3415/311/2813 3449/314/2813 3450/313/2813 3446/312/2813
f 3446/312/2814 3450/313/2814 3451/316/2814 3447/315/2814
f 3447/315/2815 3451/316/2815 3452/318/2815 3448/317/2815
f 3448/317/2816 3452/318/2816 3428/449/2816 3427/277/2816
f 3449/314/2817 3453/320/2817 3454/319/2817 3450/313/2817
f 3450/313/2818 3454/319/2818 3455/321/2818 3451/316/2818
f 3451/316/2819 3455/321/2819 3456/322/2819 3452/318/2819
f 3452/318/2820 3456/322/2820 3429/450/2820 3428/449/2820
f 3453/320/2821 3457/303/2821 3458/304/2821 3454/319/2821
f 3454/319/2822 3458/304/2822 3459/309/2822 3455/321/2822
f 3455/321/2823 3459/309/2823 3460/310/2823 3456/322/2823
f 3456/322/2824 3460/310/2824 3430/295/2824 3429/450/2824
f 3430/295/2825 3460/310/2825 3445/386/2825
f 3142/455/2826 3148/455/2826 3051/233/2826 3045/233/2826
f 3148/455/2827 3147/455/2827 3055/243/2827 3051/233/2827
f 3147/455/2828 3146/455/2828 3059/233/2828 3055/243/2828
f 3146/455/2829 3145/456/2829 3080/271/2829 3059/233/2829
f 3145/456/2830 3144/457/2830 3079/269/2830 3080/271/2830
f 3144/457/2831 3143/458/2831 3078/266/2831 3079/269/2831
f 3143/458/2832 3141/459/2832 3047/265/2832 3078/266/2832
f 3046/251/2833 3063/252/2833 3099/280/2833 3093/277/2833
f 3063/252/2834 3064/252/2834 3103/288/2834 3099/280/2834
f 3064/252/2835 3065/252/2835 3107/293/2835 3103/288/2835
f 3065/252/2836 3089/257/2836 3128/317/2836 3107/293/2836
f 3089/257/2837 3085/274/2837 3127/315/2837 3128/317/2837
f 3085/274/2838 3081/268/2838 3126/312/2838 3127/315/2838
f 3081/268/2839 3047/265/2839 3095/311/2839 3126/312/2839
f 3094/297/2840 3111/298/2840 3151/460/2840 3149/460/2840
f 3111/298/2841 3112/298/2841 3152/460/2841 3151/460/2841
f 3112/298/2842 3113/297/2842 3153/460/2842 3152/460/2842
f 3113/297/2843 3137/303/2843 3154/461/2843 3153/460/2843
f 3137/303/2844 3133/320/2844 3155/462/2844 3154/461/2844
f 3133/320/2845 3129/314/2845 3156/463/2845 3155/462/2845
f 3129/314/2846 3095/311/2846 3150/464/2846 3156/463/2846
f 3141/459/2832 3143/458/2832 3178/266/2832 3158/338/2832
f 3143/458/2831 3144/457/2831 3182/269/2831 3178/266/2831
f 3144/457/2830 3145/456/2830 3186/327/2830 3182/269/2830
f 3145/456/2829 3146/455/2829 3162/233/2829 3186/327/2829
f 3146/455/2828 3147/455/2828 3161/323/2828 3162/233/2828
f 3147/455/2827 3148/455/2827 3160/323/2827 3161/323/2827
f 3148/455/2826 3142/455/2826 3157/233/2826 3160/323/2826
f 3158/338/2847 3175/268/2847 3226/377/2847 3206/374/2847
f 3175/268/2848 3176/340/2848 3230/382/2848 3226/377/2848
f 3176/340/2849 3177/342/2849 3234/364/2849 3230/382/2849
f 3177/342/2850 3201/344/2850 3210/277/2850 3234/364/2850
f 3201/344/2851 3197/357/2851 3209/277/2851 3210/277/2851
f 3197/357/2852 3193/344/2852 3208/277/2852 3209/277/2852
f 3193/344/2853 3159/351/2853 3205/293/2853 3208/277/2853
f 3206/374/2846 3223/375/2846 3156/463/2846 3150/464/2846
f 3223/375/2845 3224/320/2845 3155/462/2845 3156/463/2845
f 3224/320/2844 3225/303/2844 3154/461/2844 3155/462/2844
f 3225/303/2843 3249/297/2843 3153/460/2843 3154/461/2843
f 3249/297/2842 3245/392/2842 3152/460/2842 3153/460/2842
f 3245/392/2841 3241/297/2841 3151/460/2841 3152/460/2841
f 3241/297/2840 3207/297/2840 3149/460/2840 3151/460/2840
f 3350/459/2854 3356/458/2854 3274/266/2854 3254/338/2854
f 3356/458/2855 3355/457/2855 3278/269/2855 3274/266/2855
f 3355/457/2856 3354/456/2856 3282/327/2856 3278/269/2856
f 3354/456/2857 3353/455/2857 3258/233/2857 3282/327/2857
f 3353/455/2858 3352/455/2858 3257/233/2858 3258/233/2858
f 3352/455/2859 3351/455/2859 3256/233/2859 3257/233/2859
f 3351/455/2860 3349/455/2860 3253/233/2860 3256/233/2860
f 3254/338/2861 3271/268/2861 3322/377/2861 3302/374/2861
f 3271/268/2862 3272/340/2862 3326/382/2862 3322/377/2862
f 3272/340/2863 3273/342/2863 3330/364/2863 3326/382/2863
f 3273/342/2864 3297/357/2864 3306/277/2864 3330/364/2864
f 3297/357/2865 3293/407/2865 3305/277/2865 3306/277/2865
f 3293/407/2866 3289/252/2866 3304/277/2866 3305/277/2866
f 3289/252/2867 3255/351/2867 3301/277/2867 3304/277/2867
f 3302/374/2868 3319/375/2868 3359/463/2868 3357/464/2868
f 3319/375/2869 3320/320/2869 3360/462/2869 3359/463/2869
f 3320/320/2870 3321/303/2870 3361/461/2870 3360/462/2870
f 3321/303/2871 3345/297/2871 3362/460/2871 3361/461/2871
f 3345/297/2872 3341/425/2872 3363/460/2872 3362/460/2872
f 3341/425/2873 3337/419/2873 3364/460/2873 3363/460/2873
f 3337/419/2874 3303/297/2874 3358/460/2874 3364/460/2874
f 3349/455/2860 3351/455/2860 3371/428/2860 3365/233/2860
f 3351/455/2859 3352/455/2859 3375/428/2859 3371/428/2859
f 3352/455/2858 3353/455/2858 3379/233/2858 3375/428/2858
f 3353/455/2857 3354/456/2857 3400/271/2857 3379/233/2857
f 3354/456/2856 3355/457/2856 3399/269/2856 3400/271/2856
f 3355/457/2855 3356/458/2855 3398/266/2855 3399/269/2855
f 3356/458/2854 3350/459/2854 3367/265/2854 3398/266/2854
f 3366/351/2875 3383/252/2875 3419/277/2875 3413/277/2875
f 3383/252/2876 3384/252/2876 3423/277/2876 3419/277/2876
f 3384/252/2877 3385/357/2877 3427/277/2877 3423/277/2877
f 3385/357/2878 3409/257/2878 3448/317/2878 3427/277/2878
f 3409/257/2879 3405/274/2879 3447/315/2879 3448/317/2879
f 3405/274/2880 3401/268/2880 3446/312/2880 3447/315/2880
f 3401/268/2881 3367/265/2881 3415/311/2881 3446/312/2881
f 3414/297/2874 3431/297/2874 3364/460/2874 3358/460/2874
f 3431/297/2873 3432/297/2873 3363/460/2873 3364/460/2873
f 3432/297/2872 3433/297/2872 3362/460/2872 3363/460/2872
f 3433/297/2871 3457/303/2871 3361/461/2871 3362/460/2871
f 3457/303/2870 3453/320/2870 3360/462/2870 3361/461/2870
f 3453/320/2869 3449/314/2869 3359/463/2869 3360/462/2869
f 3449/314/2868 3415/311/2868 3357/464/2868 3359/463/2868
f 3045/233/2882 3048/234/2882 3259/234/2882 3253/233/2882
f 3048/234/2883 3049/236/2883 3263/236/2883 3259/234/2883
f 3049/236/2884 3050/238/2884 3267/238/2884 3263/236/2884
f 3050/238/2885 3074/240/2885 3288/404/2885 3267/238/2885
f 3074/240/2886 3070/260/2886 3287/260/2886 3288/404/2886
f 3070/260/2887 3066/254/2887 3286/401/2887 3287/260/2887
f 3066/254/2888 3046/251/2888 3255/351/2888 3286/401/2888
f 3093/277/2889 3096/278/2889 3307/411/2889 3301/277/2889
f 3096/278/2890 3097/281/2890 3311/281/2890 3307/411/2890
f 3097/281/2891 3098/283/2891 3315/415/2891 3311/281/2891
f 3098/283/2892 3122/285/2892 3336/422/2892 3315/415/2892
f 3122/285/2893 3118/306/2893 3335/420/2893 3336/422/2893
f 3118/306/2894 3114/300/2894 3334/300/2894 3335/420/2894
f 3114/300/2895 3094/297/2895 3303/297/2895 3334/300/2895
f 3159/351/2896 3190/352/2896 3386/254/2896 3366/351/2896
f 3190/352/2897 3191/260/2897 3390/260/2897 3386/254/2897
f 3191/260/2898 3192/240/2898 3394/431/2898 3390/260/2898
f 3192/240/2899 3171/238/2899 3370/430/2899 3394/431/2899
f 3171/238/2900 3167/330/2900 3369/236/2900 3370/430/2900
f 3167/330/2901 3163/234/2901 3368/234/2901 3369/236/2901
f 3163/234/2902 3157/233/2902 3365/233/2902 3368/234/2902
f 3207/297/2903 3238/300/2903 3434/300/2903 3414/297/2903
f 3238/300/2904 3239/388/2904 3438/420/2904 3434/300/2904
f 3239/388/2905 3240/285/2905 3442/285/2905 3438/420/2905
f 3240/285/2906 3219/283/2906 3418/443/2906 3442/285/2906
f 3219/283/2907 3215/281/2907 3417/281/2907 3418/443/2907
f 3215/281/2908 3211/361/2908 3416/361/2908 3417/281/2908
f 3211/361/2909 3205/293/2909 3413/277/2909 3416/361/2909
f 3045/233/2910 3253/233/2910 3349/455/2910 3142/455/2910
f 3141/459/2911 3150/464/2911 3095/311/2911 3047/265/2911
f 3093/277/2912 3301/277/2912 3255/351/2912 3046/251/2912
f 3149/460/2913 3358/460/2913 3303/297/2913 3094/297/2913
f 3141/459/2911 3158/338/2911 3206/374/2911 3150/464/2911
f 3142/455/2910 3349/455/2910 3365/233/2910 3157/233/2910
f 3207/297/2913 3414/297/2913 3358/460/2913 3149/460/2913
f 3159/351/2914 3366/351/2914 3413/277/2914 3205/293/2914
f 3350/459/2915 3254/338/2915 3302/374/2915 3357/464/2915
f 3350/459/2915 3357/464/2915 3415/311/2915 3367/265/2915
o Mball.002
v 0.933036 9.988138 -1.993812
v 0.802958 9.987211 -2.059661
v 0.890560 9.913821 -1.917740
v 0.812093 10.094913 -2.139802
v 0.714395 10.298213 -2.193209
v 0.907595 10.297831 -2.156761
v 0.721043 10.476879 -2.160342
v 0.890727 10.471063 -2.127812
v 0.803021 10.620243 -2.061274
v 0.707105 10.703943 -1.968945
v 0.809435 10.720040 -1.921011
v 0.707920 10.766430 -1.749876
v 0.900689 10.728724 -1.742947
v 0.717376 10.734351 -1.583239
v 0.888395 10.697561 -1.584773
v 0.707716 10.635785 -1.441025
v 0.901132 10.585155 -1.445730
v 0.798540 10.527302 -1.372097
v 0.707105 10.435791 -1.325561
v 0.893877 10.407559 -1.353745
v 0.707105 10.303900 -1.306542
v 0.891064 10.205156 -1.351274
v 0.707105 10.111102 -1.345089
v 0.836550 10.091507 -1.378544
v 0.802040 9.986520 -1.441012
v 0.793286 9.896895 -1.557035
v 0.893524 9.892317 -1.649384
v 0.707105 9.842947 -1.750633
v 0.801807 9.863038 -1.845349
v 0.697615 9.906695 -1.972067
v 0.607464 9.983132 -2.053618
v 0.619719 10.103105 -2.143722
v 0.515560 10.383352 -2.145323
v 0.610555 10.626538 -2.054614
v 0.596421 10.716477 -1.922634
v 0.516607 10.729902 -1.744072
v 0.520603 10.705774 -1.617829
v 0.618605 10.701599 -1.540318
v 0.619944 10.528278 -1.371331
v 0.523555 10.402893 -1.350827
v 0.519700 10.200729 -1.354252
v 0.577660 10.091507 -1.378544
v 0.612495 9.982285 -1.445043
v 0.618294 9.889847 -1.570407
v 0.519969 9.878405 -1.751238
v 0.596129 9.892132 -1.922049
v 0.414377 9.952298 -1.850475
v 0.481752 9.991324 -1.998895
v 0.486809 9.917775 -1.630354
v 0.375747 9.984629 -1.663301
v 0.487459 9.987140 -1.501020
v 0.412492 10.057277 -1.489017
v 0.374764 10.211953 -1.444636
v 0.471484 10.304688 -1.366538
v 0.378839 10.397683 -1.440912
v 0.513466 10.585516 -1.445792
v 0.380323 10.522025 -1.504299
v 0.417954 10.622825 -1.569794
v 0.371508 10.632707 -1.757125
v 0.486785 10.691495 -1.869744
v 0.397235 10.604754 -1.923143
v 0.484356 10.617635 -2.001034
v 0.379862 10.483699 -2.025321
v 0.543311 10.525100 -2.106158
v 0.370994 10.304060 -2.064874
v 0.512370 10.208437 -2.142945
v 0.415116 10.117720 -2.052341
v 0.378836 10.051221 -1.959078
v 0.299978 10.081317 -1.833104
v 0.250979 10.172169 -1.751468
v 0.278158 10.207071 -1.921319
v 0.294805 10.304688 -1.968945
v 0.281543 10.409020 -1.923797
v 0.299620 10.525668 -1.835128
v 0.250993 10.437281 -1.748835
v 0.299193 10.525501 -1.664637
v 0.230276 10.304688 -1.750633
v 0.299386 10.085603 -1.662218
v 0.281250 10.200347 -1.576456
v 0.294805 10.304688 -1.530806
v 0.277937 10.402375 -1.578838
v 0.950011 9.909142 -1.755103
v 1.037115 9.983373 -1.664260
v 1.036912 9.985495 -1.841761
v 0.953633 10.029294 -1.473822
v 1.034820 10.051209 -1.539772
v 1.039496 10.211725 -1.444737
v 0.942726 10.304688 -1.366538
v 1.035326 10.397494 -1.440831
v 1.032993 10.525697 -1.506173
v 1.119405 10.304688 -1.530806
v 1.132832 10.202223 -1.575402
v 1.113390 10.082291 -1.662792
v 1.115767 10.084706 -1.833463
v 1.002104 10.053536 -2.004274
v 1.135858 10.204676 -1.920540
v 1.037252 10.211291 -2.057225
v 1.119405 10.304688 -1.968945
v 1.036953 10.401207 -2.055943
v 1.133124 10.407157 -1.923853
v 1.020994 10.603517 -1.919563
v 1.112665 10.529688 -1.834720
v 0.927835 10.691324 -1.869801
v 1.000693 10.579934 -1.985860
v 1.040422 10.635448 -1.748867
v 0.994102 10.621261 -1.565737
v 1.116103 10.522797 -1.664198
v 1.136082 10.404773 -1.579622
v 1.163198 10.437255 -1.751215
v 1.183934 10.303900 -1.749876
v 1.163251 10.172142 -1.748582
v 0.930862 10.185950 -2.125158
v -0.546708 9.989955 -2.049539
v -0.406678 10.038386 -2.010831
v -0.506509 9.910285 -1.924014
v -0.440802 9.902947 -1.758795
v -0.504048 9.912874 -1.572845
v -0.562679 9.863527 -1.673307
v -0.707014 9.877238 -1.579973
v -0.723947 9.845333 -1.799840
v -0.808182 9.864193 -1.705196
v -0.643748 9.867608 -1.900764
v -0.729032 9.981077 -2.062312
v -0.773653 10.090409 -2.125756
v -0.641627 10.140244 -2.162163
v -0.810338 10.209893 -2.161118
v -0.625687 10.349395 -2.190941
v -0.806813 10.394217 -2.165298
v -0.714846 10.524117 -2.134017
v -0.728756 10.628645 -2.062011
v -0.706861 10.732176 -1.919764
v -0.725875 10.764154 -1.749876
v -0.828218 10.704619 -1.574376
v -0.651753 10.732140 -1.579347
v -0.813680 10.619491 -1.451927
v -0.629988 10.632517 -1.441308
v -0.726110 10.533190 -1.367495
v -0.726286 10.360041 -1.309396
v -0.631964 10.430627 -1.326562
v -0.811373 10.254681 -1.328480
v -0.828129 10.123313 -1.365037
v -0.631963 10.112031 -1.346765
v -0.727489 9.976721 -1.441867
v -0.823241 9.951303 -1.494713
v -0.893557 9.916920 -1.620195
v -0.918528 9.905152 -1.758524
v -0.910853 10.005738 -2.012171
v -0.855941 9.915473 -1.927689
v -1.037415 10.135189 -1.992494
v -0.986558 10.431229 -2.065690
v -1.065543 10.500147 -1.927778
v -0.902297 10.558895 -2.057004
v -0.986196 10.614245 -1.912764
v -0.853938 10.695657 -1.926296
v -1.069231 10.570262 -1.753225
v -0.996982 10.622231 -1.627795
v -1.067394 10.494268 -1.568711
v -0.995742 10.434158 -1.444426
v -0.951573 10.572356 -1.492292
v -1.070856 10.304468 -1.496620
v -0.993975 10.173936 -1.443029
v -0.952366 10.034922 -1.496113
v -1.067899 10.122492 -1.562394
v -1.048118 10.045844 -1.624106
v -1.133484 10.304451 -1.621608
v -1.132002 10.442907 -1.748491
v -1.113278 10.380441 -1.914828
v -1.113688 10.225999 -1.914069
v -1.051078 10.047406 -1.872289
v -1.069436 10.039330 -1.746991
v -1.132002 10.166470 -1.751261
v -1.155817 10.304688 -1.749874
v -0.917938 10.313143 -1.365903
v -0.865672 10.472763 -1.376796
v -0.909614 10.710109 -1.750378
v -0.988006 10.304111 -2.090862
v -0.930598 10.110488 -2.076506
v -0.546694 9.988914 -1.451082
v -0.494943 10.135127 -1.375054
v -0.547118 10.304194 -1.322195
v -0.524497 10.492174 -1.369302
v -0.448466 10.567719 -1.452986
v -0.502703 10.696271 -1.574063
v -0.553653 10.754969 -1.785555
v -0.505804 10.698547 -1.924811
v -0.546612 10.619929 -2.049143
v -0.498898 10.484580 -2.125074
v -0.448917 10.304867 -2.141065
v -0.501395 10.126010 -2.127014
v -0.296383 10.413265 -1.995700
v -0.402747 10.571851 -2.006418
v -0.312595 10.554943 -1.907013
v -0.319868 10.607340 -1.749913
v -0.440362 10.706100 -1.758459
v -0.305909 10.562992 -1.625859
v -0.360893 10.569585 -1.536984
v -0.363389 10.434507 -1.441333
v -0.366234 10.304075 -1.410786
v -0.364220 10.172962 -1.441025
v -0.403018 10.037398 -1.493197
v -0.294234 10.122218 -1.553127
v -0.305594 10.046385 -1.626251
v -0.238971 10.258355 -1.584174
v -0.241444 10.376178 -1.584195
v -0.228953 10.434675 -1.675246
v -0.238972 10.487700 -1.766268
v -0.231857 10.386476 -1.883161
v -0.241982 10.236455 -1.918573
v -0.228260 10.175687 -1.823290
v -0.318760 10.135807 -1.993665
v -0.306079 10.046174 -1.873976
v -0.320486 10.001382 -1.750285
v -0.239639 10.120481 -1.732722
v -0.199566 10.304688 -1.749876
v -0.319868 10.304650 -2.040461
v 0.284312 10.163205 -0.272648
v 0.328772 10.299249 -0.313110
v 0.320594 10.564853 -0.312352
v 0.346926 10.702167 -0.172724
v 0.400148 10.568753 -0.219083
v 0.452423 10.569521 -0.100555
v 0.468067 10.387668 -0.124837
v 0.411971 10.394819 -0.245247
v 0.410853 10.251230 -0.179080
v 0.399165 10.170194 -0.088796
v 0.469828 10.289741 0.002370
v 0.399136 10.167376 0.079402
v 0.488315 10.465681 -0.002863
v 0.441456 10.468522 0.198162
v 0.419611 10.643218 0.098885
v 0.393592 10.699076 -0.003469
v 0.401334 10.568384 0.212541
v 0.322295 10.565947 0.305668
v 0.328160 10.297585 0.308298
v 0.431667 10.304739 0.180907
v 0.323058 10.160056 0.216552
v 0.310213 10.073583 0.078838
v 0.273180 10.040394 -0.077764
v 0.173415 10.079025 -0.261117
v 0.082570 10.000264 -0.170741
v 0.086001 10.179610 -0.371650
v 0.223562 10.300729 -0.381578
v 0.077266 10.309609 -0.428901
v 0.222380 10.434859 -0.404289
v 0.044987 10.477107 -0.444013
v 0.083016 10.653179 -0.383433
v 0.216491 10.570985 -0.376956
v 0.168842 10.729066 -0.303237
v 0.079316 10.852736 -0.154361
v 0.249737 10.787271 -0.165344
v 0.081553 10.853030 0.148513
v 0.270385 10.789337 0.122339
v 0.165428 10.781823 0.239362
v 0.276685 10.695048 0.261924
v 0.182532 10.604342 0.376998
v 0.055107 10.472483 0.440305
v 0.262513 10.434237 0.374647
v 0.077763 10.308895 0.423816
v 0.221957 10.299698 0.377121
v 0.182229 10.161831 0.329006
v 0.177964 10.083255 0.258950
v 0.078570 10.017977 0.199574
v 0.171106 9.995888 0.082979
v -0.099972 10.005446 -0.162554
v -0.019984 10.083125 -0.298112
v -0.107607 10.211380 -0.381658
v -0.059763 10.307693 -0.424797
v -0.113207 10.572702 -0.406362
v -0.009135 10.805193 -0.253415
v -0.088857 10.855525 -0.124689
v 0.079302 10.881266 -0.005105
v -0.009473 10.805615 0.247854
v -0.009520 10.687658 0.359926
v 0.035349 10.560467 0.419411
v -0.059881 10.305449 0.419490
v -0.008825 10.170695 0.367054
v -0.011805 10.076685 0.287685
v -0.099324 10.005683 0.159026
v 0.068661 9.961686 0.025705
v -0.102983 9.974120 -0.003073
v -0.279601 10.056085 -0.039108
v -0.189244 10.142460 -0.300315
v -0.299455 10.287254 -0.312435
v -0.189787 10.378571 -0.402470
v -0.227400 10.492015 -0.378312
v -0.289752 10.643462 -0.278924
v -0.102220 10.705950 -0.337746
v -0.202968 10.789528 -0.186259
v -0.234613 10.817118 -0.003094
v -0.103288 10.871344 -0.004322
v -0.203952 10.788539 0.181680
v -0.087308 10.857164 0.114241
v -0.188922 10.703826 0.295599
v -0.140737 10.572083 0.394991
v -0.231841 10.488907 0.371476
v -0.190867 10.378777 0.396954
v -0.183698 10.255981 0.367195
v -0.183120 10.146467 0.302391
v -0.253402 10.064850 0.137078
v -0.345080 10.136600 0.101685
v -0.337035 10.221683 0.228947
v -0.327749 10.339810 0.293786
v -0.331963 10.477061 0.298863
v -0.364002 10.568813 0.234212
v -0.326892 10.695815 0.166324
v -0.336551 10.739699 -0.005909
v -0.413484 10.606251 -0.091074
v -0.321513 10.698969 -0.174820
v -0.423727 10.477948 -0.175451
v -0.429028 10.319228 -0.147643
v -0.281076 10.131346 -0.211873
v -0.335709 10.135702 -0.125771
v -0.411173 10.227571 -0.081806
v -0.424940 10.394377 0.173030
v -0.428212 10.580658 0.080125
v -0.461244 10.474777 -0.015697
v -0.436191 10.285391 0.073590
v -0.332766 10.476370 -0.303062
v 0.276274 10.809905 0.000039
vn 0.4478 -0.6835 -0.5764
vn 0.1816 -0.6830 -0.7075
vn 0.3729 -0.8411 -0.3918
vn 0.1955 -0.4274 -0.8827
vn -0.0001 -0.0065 -1.0000
vn 0.3749 0.0064 -0.9271
vn 0.0136 0.3524 -0.9358
vn 0.3543 0.3537 -0.8657
vn 0.1966 0.6628 -0.7226
vn -0.0028 0.8636 -0.5042
vn 0.2082 0.8986 -0.3863
vn 0.0010 1.0000 -0.0037
vn 0.3797 0.9248 0.0264
vn 0.0349 0.9293 0.3677
vn 0.3462 0.8581 0.3793
vn 0.0149 0.7084 0.7056
vn 0.3789 0.5965 0.7076
vn 0.1789 0.4703 0.8642
vn 0.0032 0.2623 0.9650
vn 0.3580 0.2193 0.9076
vn 0.0001 -0.0187 0.9998
vn 0.3487 -0.2085 0.9137
vn -0.0020 -0.3873 0.9220
vn 0.2739 -0.4468 0.8517
vn 0.1697 -0.6910 0.7026
vn 0.1668 -0.8796 0.4455
vn 0.3687 -0.8965 0.2455
vn -0.0038 -0.9999 0.0145
vn 0.1792 -0.9615 -0.2081
vn 0.0059 -0.8578 -0.5140
vn -0.1958 -0.6710 -0.7151
vn -0.1713 -0.4145 -0.8938
vn -0.3647 0.1616 -0.9170
vn -0.1684 0.6753 -0.7181
vn -0.2104 0.9011 -0.3792
vn -0.3729 0.9276 0.0216
vn -0.3766 0.8758 0.3019
vn -0.2023 0.8438 0.4971
vn -0.1724 0.4728 0.8641
vn -0.3527 0.2099 0.9119
vn -0.3533 -0.2180 0.9097
vn -0.2787 -0.4544 0.8461
vn -0.1676 -0.6888 0.7053
vn -0.1588 -0.8992 0.4076
vn -0.3656 -0.9308 -0.0045
vn -0.2287 -0.8985 -0.3747
vn -0.6034 -0.7667 -0.2194
vn -0.4404 -0.6752 -0.5917
vn -0.4551 -0.8414 0.2915
vn -0.6827 -0.7043 0.1946
vn -0.4317 -0.6962 0.5735
vn -0.6007 -0.5208 0.6065
vn -0.6681 -0.2017 0.7163
vn -0.4643 -0.0041 0.8857
vn -0.6548 0.2064 0.7271
vn -0.3860 0.5947 0.7052
vn -0.6686 0.4564 0.5871
vn -0.5867 0.7029 0.4022
vn -0.6859 0.7276 -0.0060
vn -0.4600 0.8435 -0.2774
vn -0.6503 0.6486 -0.3956
vn -0.4464 0.6713 -0.5917
vn -0.6573 0.3752 -0.6536
vn -0.3197 0.4434 -0.8374
vn -0.6666 -0.0032 -0.7454
vn -0.3780 -0.1771 -0.9087
vn -0.5853 -0.3823 -0.7150
vn -0.6906 -0.5382 -0.4831
vn -0.8408 -0.5069 -0.1898
vn -0.9590 -0.2834 0.0004
vn -0.8872 -0.2118 -0.4099
vn -0.8514 -0.0098 -0.5244
vn -0.8866 0.2246 -0.4045
vn -0.8431 0.4927 -0.2157
vn -0.9591 0.2831 -0.0014
vn -0.8398 0.5000 0.2113
vn -1.0000 0.0001 -0.0016
vn -0.8397 -0.5009 0.2096
vn -0.8872 -0.2312 0.3993
vn -0.8546 -0.0016 0.5193
vn -0.8955 0.2094 0.3927
vn 0.4869 -0.8731 -0.0264
vn 0.6714 -0.7128 0.2028
vn 0.6829 -0.6978 -0.2161
vn 0.5034 -0.5913 0.6300
vn 0.6839 -0.5468 0.4830
vn 0.6627 -0.2138 0.7177
vn 0.4642 0.0004 0.8857
vn 0.6560 0.2064 0.7260
vn 0.6688 0.4620 0.5824
vn 0.8553 0.0002 0.5182
vn 0.8828 -0.2278 0.4109
vn 0.8466 -0.4945 0.1968
vn 0.8435 -0.4955 -0.2075
vn 0.6061 -0.5329 -0.5905
vn 0.8902 -0.2239 -0.3966
vn 0.6776 -0.1964 -0.7087
vn 0.8543 0.0026 -0.5198
vn 0.6644 0.2134 -0.7163
vn 0.8858 0.2297 -0.4033
vn 0.6584 0.6648 -0.3528
vn 0.8406 0.4984 -0.2120
vn 0.4564 0.8392 -0.2956
vn 0.5778 0.5800 -0.5743
vn 0.6825 0.7308 0.0138
vn 0.5970 0.6935 0.4034
vn 0.8418 0.4962 0.2126
vn 0.8949 0.2134 0.3920
vn 0.9591 0.2831 -0.0067
vn 1.0000 -0.0011 0.0001
vn 0.9589 -0.2835 0.0067
vn 0.4480 -0.2765 -0.8502
vn 0.2316 -0.6728 -0.7027
vn 0.5481 -0.5812 -0.6014
vn 0.3597 -0.8461 -0.3933
vn 0.4895 -0.8716 -0.0259
vn 0.3640 -0.8334 0.4158
vn 0.2134 -0.9667 0.1412
vn -0.0447 -0.9190 0.3917
vn -0.0848 -0.9915 -0.0987
vn -0.2479 -0.9617 0.1171
vn 0.0696 -0.9309 -0.3587
vn -0.0797 -0.6896 -0.7198
vn -0.1990 -0.4557 -0.8676
vn 0.0604 -0.3317 -0.9414
vn -0.2600 -0.1760 -0.9494
vn 0.0859 0.0821 -0.9929
vn -0.2619 0.1828 -0.9476
vn -0.0637 0.4477 -0.8919
vn -0.0819 0.6865 -0.7225
vn -0.0550 0.9168 -0.3955
vn -0.1151 0.9933 0.0097
vn -0.2982 0.8653 0.4029
vn 0.0382 0.9195 0.3912
vn -0.2584 0.6800 0.6862
vn 0.0917 0.7022 0.7061
vn -0.0898 0.4824 0.8713
vn -0.1062 0.0844 0.9908
vn 0.0996 0.2763 0.9559
vn -0.2383 -0.1260 0.9630
vn -0.2862 -0.3764 0.8812
vn 0.0735 -0.3854 0.9198
vn -0.0659 -0.6892 0.7216
vn -0.3037 -0.7457 0.5930
vn -0.4658 -0.8304 0.3056
vn -0.5205 -0.8529 -0.0391
vn -0.4682 -0.6436 -0.6055
vn -0.3698 -0.8411 -0.3946
vn -0.7369 -0.3583 -0.5733
vn -0.6170 0.2807 -0.7352
vn -0.7978 0.4296 -0.4230
vn -0.4379 0.5352 -0.7224
vn -0.6362 0.6755 -0.3729
vn -0.3722 0.8395 -0.3958
vn -0.7994 0.6004 -0.0217
vn -0.6487 0.7059 0.2845
vn -0.8198 0.3980 0.4116
vn -0.6447 0.2719 0.7145
vn -0.5458 0.5832 0.6016
vn -0.8030 0.0025 0.5960
vn -0.6263 -0.2756 0.7293
vn -0.5479 -0.5856 0.5973
vn -0.8211 -0.3735 0.4316
vn -0.7513 -0.5976 0.2802
vn -0.9494 0.0004 0.3141
vn -0.9497 0.3130 0.0125
vn -0.9016 0.1555 -0.4037
vn -0.9028 -0.1672 -0.3962
vn -0.7534 -0.5832 -0.3038
vn -0.7928 -0.6095 0.0018
vn -0.9510 -0.3091 0.0070
vn -0.9999 0.0005 -0.0116
vn -0.4826 0.0146 0.8757
vn -0.3696 0.3531 0.8595
vn -0.4658 0.8849 -0.0061
vn -0.6129 -0.0142 -0.7901
vn -0.4852 -0.3911 -0.7820
vn 0.2412 -0.6775 0.6949
vn 0.3711 -0.3481 0.8609
vn 0.2611 -0.0144 0.9652
vn 0.3062 0.3842 0.8710
vn 0.4442 0.5731 0.6886
vn 0.3747 0.8389 0.3947
vn 0.2309 0.9708 -0.0647
vn 0.3558 0.8364 -0.4171
vn 0.2295 0.6739 -0.7023
vn 0.3518 0.3761 -0.8572
vn 0.4609 -0.0096 -0.8874
vn 0.3504 -0.3597 -0.8648
vn 0.7578 0.2451 -0.6047
vn 0.5590 0.5654 -0.6065
vn 0.7415 0.5669 -0.3587
vn 0.7120 0.7021 -0.0059
vn 0.5271 0.8498 -0.0048
vn 0.7612 0.5797 0.2908
vn 0.6631 0.5748 0.4795
vn 0.6433 0.2762 0.7141
vn 0.6217 -0.0015 0.7833
vn 0.6380 -0.2753 0.7191
vn 0.5502 -0.5880 0.5929
vn 0.8018 -0.3652 0.4730
vn 0.7429 -0.6037 0.2892
vn 0.9067 -0.1162 0.4054
vn 0.8858 0.1705 0.4316
vn 0.9326 0.2925 0.2117
vn 0.9117 0.4074 -0.0538
vn 0.9306 0.1816 -0.3178
vn 0.9009 -0.1450 -0.4091
vn 0.9377 -0.2884 -0.1937
vn 0.7239 -0.3468 -0.5964
vn 0.7495 -0.5892 -0.3018
vn 0.7084 -0.7058 -0.0030
vn 0.9163 -0.3958 0.0610
vn 1.0000 -0.0067 0.0066
vn 0.7038 -0.0087 -0.7104
vn 0.5488 -0.5637 -0.6173
vn 0.6440 -0.2463 -0.7243
vn 0.6231 0.3064 -0.7197
vn 0.6813 0.6120 -0.4016
vn 0.8027 0.3032 -0.5136
vn 0.9181 0.3248 -0.2270
vn 0.9525 -0.0731 -0.2956
vn 0.8102 -0.0373 -0.5850
vn 0.8239 -0.3849 -0.4160
vn 0.7916 -0.5755 -0.2054
vn 0.9579 -0.2866 0.0197
vn 0.8019 -0.5679 0.1857
vn 0.9948 0.0975 0.0297
vn 0.8806 0.0764 0.4676
vn 0.8411 0.4867 0.2362
vn 0.7859 0.6179 -0.0245
vn 0.7851 0.3556 0.5072
vn 0.6286 0.2773 0.7266
vn 0.6490 -0.2594 0.7152
vn 0.8687 -0.2570 0.4234
vn 0.6320 -0.5778 0.5165
vn 0.6077 -0.7689 0.1987
vn 0.5292 -0.8276 -0.1871
vn 0.3162 -0.7369 -0.5975
vn 0.1344 -0.9189 -0.3708
vn 0.1475 -0.5199 -0.8414
vn 0.4074 -0.2871 -0.8670
vn 0.1206 -0.2396 -0.9634
vn 0.4252 0.0268 -0.9047
vn 0.0423 0.1144 -0.9925
vn 0.1184 0.4796 -0.8695
vn 0.3947 0.3284 -0.8581
vn 0.3257 0.6571 -0.6798
vn 0.1551 0.9280 -0.3389
vn 0.4710 0.8016 -0.3683
vn 0.1485 0.9363 0.3183
vn 0.5278 0.7971 0.2933
vn 0.2941 0.7543 0.5869
vn 0.5380 0.5878 0.6042
vn 0.3183 0.3988 0.8601
vn 0.0764 0.0755 0.9942
vn 0.4995 0.0283 0.8658
vn 0.1406 -0.2392 0.9607
vn 0.3968 -0.2514 0.8828
vn 0.3239 -0.5418 0.7756
vn 0.3352 -0.7343 0.5903
vn 0.1179 -0.8798 0.4604
vn 0.3480 -0.9140 0.2084
vn -0.2341 -0.8970 -0.3749
vn -0.0680 -0.7297 -0.6804
vn -0.2336 -0.4490 -0.8624
vn -0.1342 -0.2174 -0.9668
vn -0.2417 0.3009 -0.9225
vn -0.0411 0.8044 -0.5927
vn -0.2033 0.9371 -0.2837
vn 0.1530 0.9882 -0.0064
vn -0.0440 0.7941 0.6062
vn -0.0284 0.5714 0.8202
vn 0.0263 0.3203 0.9470
vn -0.1464 -0.2281 0.9626
vn -0.0358 -0.5333 0.8452
vn -0.0551 -0.7375 0.6730
vn -0.2229 -0.8960 0.3840
vn 0.1011 -0.9941 0.0399
vn -0.2356 -0.9718 -0.0114
vn -0.5877 -0.8039 -0.0915
vn -0.3981 -0.6128 -0.6826
vn -0.6455 -0.2840 -0.7090
vn -0.3886 -0.0920 -0.9168
vn -0.4772 0.1567 -0.8647
vn -0.6059 0.4609 -0.6485
vn -0.2310 0.6007 -0.7654
vn -0.4349 0.7941 -0.4246
vn -0.5099 0.8602 0.0018
vn -0.2306 0.9730 -0.0024
vn -0.4388 0.7969 0.4152
vn -0.2015 0.9401 0.2749
vn -0.4124 0.5818 0.7010
vn -0.3114 0.3060 0.8997
vn -0.5127 0.1873 0.8379
vn -0.3955 -0.0939 0.9137
vn -0.4025 -0.3721 0.8364
vn -0.3929 -0.6040 0.6934
vn -0.5205 -0.7823 0.3422
vn -0.7603 -0.6086 0.2269
vn -0.7088 -0.4282 0.5606
vn -0.6838 -0.1813 0.7068
vn -0.6839 0.1256 0.7187
vn -0.7527 0.3237 0.5733
vn -0.6917 0.6056 0.3935
vn -0.7213 0.6926 -0.0037
vn -0.8830 0.4129 -0.2231
vn -0.7015 0.6018 -0.3817
vn -0.8920 0.1219 -0.4353
vn -0.9047 -0.2254 -0.3615
vn -0.5970 -0.6326 -0.4934
vn -0.7377 -0.6039 -0.3019
vn -0.8763 -0.4498 -0.1723
vn -0.9093 -0.0563 0.4123
vn -0.9163 0.3473 0.1994
vn -0.9961 0.0852 -0.0213
vn -0.9387 -0.3004 0.1692
vn -0.7139 0.0934 -0.6939
vn 0.5283 0.8490 -0.0072
s 1
usemtl Material
f 3462//2917 3461//2916 3463//2918
f 3464//2919 3465//2920 3466//2921
f 3469//2924 3468//2923 3467//2922
f 3471//2926 3472//2927 3473//2928
f 3475//2930 3476//2931 3477//2932
f 3474//2929 3476//2931 3475//2930
f 3476//2931 3478//2933 3477//2932
f 3482//2937 3480//2935 3481//2936
f 3482//2937 3481//2936 3483//2938
f 3482//2937 3483//2938 3484//2939
f 3484//2939 3483//2938 3485//2940
f 3489//2944 3487//2942 3488//2943
f 3490//2945 3491//2946 3462//2917
f 3491//2946 3490//2945 3506//2961
f 3465//2920 3526//2981 3493//2948
f 3493//2948 3524//2979 3467//2922
f 3474//2929 3497//2952 3498//2953
f 3498//2953 3516//2971 3476//2931
f 3476//2931 3516//2971 3499//2954
f 3483//2938 3481//2936 3501//2956
f 3501//2956 3502//2957 3483//2938
f 3503//2958 3483//2938 3502//2957
f 3506//2961 3488//2943 3505//2960
f 3506//2961 3507//2962 3508//2963
f 3512//2967 3501//2956 3513//2968
f 3514//2969 3513//2968 3501//2956
f 3500//2955 3516//2971 3515//2970
f 3517//2972 3515//2970 3516//2971
f 3516//2971 3518//2973 3517//2972
f 3497//2952 3496//2951 3518//2973
f 3519//2974 3518//2973 3496//2951
f 3521//2976 3519//2974 3520//2975
f 3523//2978 3522//2977 3524//2979
f 3524//2979 3493//2948 3523//2978
f 3525//2980 3523//2978 3493//2948
f 3527//2982 3525//2980 3526//2981
f 3528//2983 3531//2986 3527//2982
f 3529//2984 3528//2983 3507//2962
f 3531//2986 3529//2984 3530//2985
f 3532//2987 3531//2986 3533//2988
f 3541//2996 3536//2991 3535//2990
f 3537//2992 3539//2994 3541//2996
f 3512//2967 3539//2994 3538//2993
f 3517//2972 3541//2996 3515//2970
f 3517//2972 3536//2991 3541//2996
f 3517//2972 3518//2973 3536//2991
f 3513//2968 3515//2970 3540//2995
f 3519//2974 3536//2991 3518//2973
f 3534//2989 3536//2991 3519//2974
f 3523//2978 3533//2988 3534//2989
f 3523//2978 3525//2980 3533//2988
f 3532//2987 3533//2988 3525//2980
f 3533//2988 3537//2992 3535//2990
f 3529//2984 3538//2993 3530//2985
f 3528//2983 3529//2984 3531//2986
f 3522//2977 3520//2975 3495//2950
f 3502//2957 3501//2956 3512//2967
f 3539//2994 3512//2967 3513//2968
f 3509//2964 3504//2959 3511//2966
f 3506//2961 3505//2960 3507//2962
f 3503//2958 3511//2966 3504//2959
f 3502//2957 3511//2966 3503//2958
f 3512//2967 3511//2966 3502//2957
f 3501//2956 3500//2955 3514//2969
f 3500//2955 3499//2954 3516//2971
f 3498//2953 3518//2973 3516//2971
f 3498//2953 3497//2952 3518//2973
f 3494//2949 3522//2977 3495//2950
f 3524//2979 3522//2977 3494//2949
f 3527//2982 3526//2981 3492//2947
f 3506//2961 3508//2963 3491//2946
f 3489//2944 3506//2961 3490//2945
f 3542//2997 3489//2944 3463//2918
f 3542//2997 3544//2999 3543//2998
f 3543//2998 3545//3000 3487//2942
f 3546//3001 3545//3000 3543//2998
f 3547//3002 3482//2937 3545//3000
f 3548//3003 3482//2937 3547//3002
f 3548//3003 3547//3002 3549//3004
f 3549//3004 3477//2932 3480//2935
f 3550//3005 3477//2932 3549//3004
f 3568//3023 3550//3005 3549//3004
f 3551//3006 3568//3023 3549//3004
f 3546//3001 3553//3008 3552//3007
f 3555//3010 3556//3011 3554//3009
f 3558//3013 3556//3011 3557//3012
f 3557//3012 3559//3014 3558//3013
f 3564//3019 3560//3015 3559//3014
f 3564//3019 3561//3016 3562//3017
f 3564//3019 3563//3018 3561//3016
f 3561//3016 3563//3018 3565//3020
f 3571//3026 3570//3025 3552//3007
f 3556//3011 3560//3015 3570//3025
f 3560//3015 3562//3017 3569//3024
f 3552//3007 3568//3023 3551//3006
f 3569//3024 3562//3017 3567//3022
f 3565//3020 3567//3022 3562//3017
f 3564//3019 3471//2926 3563//3018
f 3565//3020 3562//3017 3561//3016
f 3466//2921 3468//2923 3559//3014
f 3466//2921 3559//3014 3557//3012
f 3564//3019 3562//3017 3560//3015
f 3557//3012 3555//3010 3572//3027
f 3556//3011 3555//3010 3557//3012
f 3552//3007 3553//3008 3571//3026
f 3550//3005 3568//3023 3567//3022
f 3545//3000 3482//2937 3484//2939
f 3553//3008 3546//3001 3543//2998
f 3545//3000 3486//2941 3487//2942
f 3488//2943 3486//2941 3504//2959
f 3485//2940 3545//3000 3484//2939
f 3479//2934 3478//2933 3499//2954
f 3477//2932 3478//2933 3480//2935
f 3475//2930 3477//2932 3566//3021
f 3474//2929 3498//2953 3476//2931
f 3471//2926 3473//2928 3563//3018
f 3470//2925 3495//2950 3471//2926
f 3469//2924 3471//2926 3564//3019
f 3470//2925 3469//2924 3494//2949
f 3464//2919 3466//2921 3572//3027
f 3555//3010 3464//2919 3572//3027
f 3490//2945 3462//2917 3463//2918
f 3544//2999 3542//2997 3463//2918
f 3556//3011 3570//3025 3571//3026
f 3550//3005 3566//3021 3477//2932
f 3464//2919 3492//2947 3465//2920
f 3471//2926 3495//2950 3472//2927
f 3527//2982 3508//2963 3528//2983
f 3530//2985 3537//2992 3531//2986
f 3540//2995 3539//2994 3513//2968
f 3582//3037 3608//3063 3583//3038
f 3585//3040 3584//3039 3586//3041
f 3587//3042 3586//3041 3588//3043
f 3592//3047 3593//3048 3594//3049
f 3602//3057 3601//3056 3603//3058
f 3604//3059 3605//3060 3579//3034
f 3604//3059 3622//3077 3605//3060
f 3609//3064 3637//3092 3607//3062
f 3612//3067 3610//3065 3611//3066
f 3611//3066 3613//3068 3612//3067
f 3619//3074 3616//3071 3617//3072
f 3618//3073 3619//3074 3617//3072
f 3622//3077 3623//3078 3624//3079
f 3623//3078 3620//3075 3625//3080
f 3620//3075 3617//3072 3625//3080
f 3626//3081 3625//3080 3617//3072
f 3615//3070 3626//3081 3617//3072
f 3611//3066 3626//3081 3615//3070
f 3611//3066 3627//3082 3626//3081
f 3629//3084 3628//3083 3609//3064
f 3632//3087 3631//3086 3625//3080
f 3630//3085 3631//3086 3629//3084
f 3632//3087 3626//3081 3627//3082
f 3632//3087 3625//3080 3626//3081
f 3623//3078 3625//3080 3631//3086
f 3622//3077 3621//3076 3623//3078
f 3634//3089 3619//3074 3618//3073
f 3634//3089 3595//3050 3619//3074
f 3616//3071 3619//3074 3593//3048
f 3633//3088 3634//3089 3618//3073
f 3615//3070 3617//3072 3616//3071
f 3610//3065 3612//3067 3588//3043
f 3637//3092 3586//3041 3584//3039
f 3589//3044 3588//3043 3612//3067
f 3627//3082 3611//3066 3610//3065
f 3628//3083 3627//3082 3636//3091
f 3628//3083 3636//3091 3609//3064
f 3607//3062 3629//3084 3609//3064
f 3579//3034 3605//3060 3581//3036
f 3640//3095 3641//3096 3599//3054
f 3642//3097 3596//3051 3641//3096
f 3643//3098 3596//3051 3642//3097
f 3651//3106 3652//3107 3650//3105
f 3642//3097 3657//3112 3656//3111
f 3660//3115 3662//3117 3661//3116
f 3668//3123 3650//3105 3667//3122
f 3673//3128 3672//3127 3671//3126
f 3666//3121 3665//3120 3674//3129
f 3668//3123 3667//3122 3674//3129
f 3674//3129 3663//3118 3673//3128
f 3574//3029 3670//3125 3671//3126
f 3670//3125 3675//3130 3668//3123
f 3674//3129 3667//3122 3666//3121
f 3652//3107 3653//3108 3666//3121
f 3650//3105 3652//3107 3667//3122
f 3674//3129 3665//3120 3664//3119
f 3673//3128 3663//3118 3661//3116
f 3660//3115 3661//3116 3659//3114
f 3657//3112 3642//3097 3641//3096
f 3663//3118 3664//3119 3658//3113
f 3664//3119 3656//3111 3657//3112
f 3666//3121 3653//3108 3655//3110
f 3647//3102 3646//3101 3651//3106
f 3651//3106 3646//3101 3645//3100
f 3639//3094 3658//3113 3640//3095
f 3639//3094 3638//3093 3660//3115
f 3600//3055 3598//3053 3633//3088
f 3598//3053 3634//3089 3633//3088
f 3599//3054 3641//3096 3597//3052
f 3598//3053 3597//3052 3634//3089
f 3644//3099 3592//3047 3594//3049
f 3607//3062 3583//3038 3608//3063
f 3578//3033 3577//3032 3579//3034
f 3660//3115 3638//3093 3577//3032
f 3574//3029 3671//3126 3575//3030
f 3574//3029 3573//3028 3649//3104
f 3674//3129 3669//3124 3668//3123
f 3591//3046 3592//3047 3644//3099
f 3640//3095 3598//3053 3602//3057
f 3632//3087 3628//3083 3631//3086
f 3680//3135 3678//3133 3679//3134
f 3683//3138 3682//3137 3684//3139
f 3695//3150 3687//3142 3686//3141
f 3689//3144 3695//3150 3688//3143
f 3686//3141 3688//3143 3695//3150
f 3679//3134 3691//3146 3681//3136
f 3714//3169 3692//3147 3690//3145
f 3689//3144 3692//3147 3693//3148
f 3694//3149 3695//3150 3689//3144
f 3696//3151 3695//3150 3694//3149
f 3687//3142 3696//3151 3697//3152
f 3699//3154 3676//3131 3698//3153
f 3676//3131 3699//3154 3701//3156
f 3676//3131 3701//3156 3702//3157
f 3705//3160 3706//3161 3707//3162
f 3708//3163 3709//3164 3710//3165
f 3712//3167 3711//3166 3713//3168
f 3714//3169 3713//3168 3715//3170
f 3717//3172 3715//3170 3716//3171
f 3718//3173 3720//3175 3719//3174
f 3721//3176 3722//3177 3723//3178
f 3700//3155 3698//3153 3739//3194
f 3725//3180 3700//3155 3724//3179
f 3703//3158 3727//3182 3705//3160
f 3706//3161 3728//3183 3747//3202
f 3706//3161 3747//3202 3729//3184
f 3734//3189 3754//3209 3716//3171
f 3718//3173 3735//3190 3736//3191
f 3739//3194 3738//3193 3740//3195
f 3740//3195 3741//3196 3724//3179
f 3724//3179 3741//3196 3771//3226
f 3726//3181 3742//3197 3743//3198
f 3728//3183 3744//3199 3745//3200
f 3747//3202 3728//3183 3746//3201
f 3756//3211 3754//3209 3755//3210
f 3759//3214 3738//3193 3758//3213
f 3761//3216 3760//3215 3759//3214
f 3764//3219 3765//3220 3775//3230
f 3766//3221 3767//3222 3775//3230
f 3746//3201 3769//3224 3767//3222
f 3772//3227 3773//3228 3771//3226
f 3770//3225 3771//3226 3773//3228
f 3772//3227 3741//3196 3773//3228
f 3773//3228 3760//3215 3777//3232
f 3761//3216 3774//3229 3777//3232
f 3770//3225 3776//3231 3769//3224
f 3743//3198 3771//3226 3770//3225
f 3746//3201 3745//3200 3778//3233
f 3769//3224 3746//3201 3778//3233
f 3766//3221 3775//3230 3765//3220
f 3764//3219 3753//3208 3765//3220
f 3774//3229 3762//3217 3763//3218
f 3774//3229 3761//3216 3762//3217
f 3755//3210 3754//3209 3763//3218
f 3764//3219 3763//3218 3754//3209
f 3754//3209 3753//3208 3764//3219
f 3753//3208 3751//3206 3765//3220
f 3748//3203 3766//3221 3749//3204
f 3743//3198 3778//3233 3744//3199
f 3743//3198 3742//3197 3771//3226
f 3742//3197 3724//3179 3771//3226
f 3771//3226 3741//3196 3772//3227
f 3740//3195 3759//3214 3741//3196
f 3758//3213 3738//3193 3737//3192
f 3736//3191 3758//3213 3737//3192
f 3736//3191 3757//3212 3758//3213
f 3735//3190 3716//3171 3756//3211
f 3715//3170 3733//3188 3734//3189
f 3753//3208 3754//3209 3733//3188
f 3733//3188 3732//3187 3753//3208
f 3732//3187 3751//3206 3753//3208
f 3713//3168 3711//3166 3732//3187
f 3752//3207 3751//3206 3732//3187
f 3729//3184 3748//3203 3730//3185
f 3727//3182 3726//3181 3744//3199
f 3726//3181 3725//3180 3742//3197
f 3723//3178 3722//3177 3739//3194
f 3722//3177 3721//3176 3737//3192
f 3694//3149 3719//3174 3720//3175
f 3718//3173 3736//3191 3720//3175
f 3716//3171 3715//3170 3734//3189
f 3693//3148 3714//3169 3715//3170
f 3712//3167 3713//3168 3714//3169
f 3691//3146 3710//3165 3779//3234
f 3679//3134 3710//3165 3691//3146
f 3679//3134 3708//3163 3710//3165
f 3706//3161 3729//3184 3708//3163
f 3702//3157 3701//3156 3703//3158
f 3677//3132 3676//3131 3702//3157
f 3725//3180 3701//3156 3699//3154
f 3697//3152 3723//3178 3698//3153
f 3697//3152 3721//3176 3723//3178
f 3697//3152 3696//3151 3721//3176
f 3721//3176 3696//3151 3720//3175
f 3687//3142 3695//3150 3696//3151
f 3690//3145 3712//3167 3714//3169
f 3692//3147 3714//3169 3693//3148
f 3688//3143 3681//3136 3690//3145
f 3682//3137 3681//3136 3688//3143
f 3680//3135 3679//3134 3681//3136
f 3679//3134 3678//3133 3708//3163
f 3707//3162 3708//3163 3678//3133
f 3678//3133 3680//3135 3683//3138
f 3704//3159 3707//3162 3678//3133
f 3676//3131 3684//3139 3685//3140
f 3685//3140 3698//3153 3676//3131
f 3696//3151 3694//3149 3720//3175
f 3694//3149 3689//3144 3717//3172
f 3703//3158 3705//3160 3704//3159
f 3720//3175 3736//3191 3721//3176
f 3768//3223 3748//3203 3746//3201
f 3756//3211 3763//3218 3762//3217
f 3755//3210 3763//3218 3756//3211
f 3474//2929 3475//2930 3473//2928 3472//2927
f 3471//2926 3469//2924 3470//2925
f 3474//2929 3472//2927 3496//2951 3497//2952
f 3478//2933 3479//2934 3480//2935
f 3480//2935 3479//2934 3481//2936
f 3487//2942 3486//2941 3488//2943
f 3463//2918 3489//2944 3490//2945
f 3492//2947 3526//2981 3465//2920
f 3493//2948 3467//2922 3465//2920
f 3524//2979 3494//2949 3467//2922
f 3494//2949 3495//2950 3470//2925
f 3495//2950 3496//2951 3472//2927
f 3510//2965 3509//2964 3511//2966 3512//2967
f 3479//2934 3499//2954 3500//2955
f 3479//2934 3500//2955 3481//2936
f 3481//2936 3500//2955 3501//2956
f 3504//2959 3505//2960 3488//2943
f 3509//2964 3510//2965 3505//2960
f 3529//2984 3507//2962 3510//2965 3538//2993
f 3514//2969 3515//2970 3513//2968
f 3500//2955 3515//2970 3514//2969
f 3520//2975 3519//2974 3496//2951
f 3522//2977 3521//2976 3520//2975
f 3523//2978 3521//2976 3522//2977
f 3525//2980 3493//2948 3526//2981
f 3535//2990 3534//2989 3533//2988
f 3541//2996 3535//2990 3537//2992
f 3530//2985 3539//2994 3537//2992
f 3530//2985 3538//2993 3539//2994
f 3510//2965 3512//2967 3538//2993
f 3515//2970 3541//2996 3540//2995
f 3539//2994 3540//2995 3541//2996
f 3535//2990 3536//2991 3534//2989
f 3531//2986 3537//2992 3533//2988
f 3531//2986 3532//2987 3525//2980 3527//2982
f 3527//2982 3492//2947 3491//2946 3508//2963
f 3521//2976 3523//2978 3534//2989
f 3505//2960 3510//2965 3507//2962
f 3508//2963 3507//2962 3528//2983
f 3509//2964 3505//2960 3504//2959
f 3520//2975 3496//2951 3495//2950
f 3543//2998 3544//2999 3554//3009 3553//3008
f 3543//2998 3487//2942 3542//2997
f 3549//3004 3480//2935 3548//3003
f 3547//3002 3551//3006 3549//3004
f 3547//3002 3552//3007 3551//3006
f 3461//2916 3555//3010 3544//2999 3463//2918
f 3475//2930 3566//3021 3565//3020 3473//2928
f 3559//3014 3560//3015 3558//3013
f 3565//3020 3563//3018 3473//2928
f 3547//3002 3545//3000 3546//3001 3552//3007
f 3566//3021 3550//3005 3567//3022
f 3567//3022 3565//3020 3566//3021
f 3569//3024 3567//3022 3568//3023
f 3569//3024 3568//3023 3570//3025
f 3570//3025 3568//3023 3552//3007
f 3554//3009 3571//3026 3553//3008
f 3560//3015 3569//3024 3570//3025
f 3558//3013 3560//3015 3556//3011
f 3559//3014 3468//2923 3564//3019
f 3571//3026 3554//3009 3556//3011
f 3544//2999 3555//3010 3554//3009
f 3492//2947 3464//2919 3462//2917 3491//2946
f 3542//2997 3487//2942 3489//2944
f 3545//3000 3485//2940 3486//2941
f 3485//2940 3483//2938 3503//2958
f 3548//3003 3480//2935 3482//2937
f 3476//2931 3499//2954 3478//2933
f 3468//2923 3469//2924 3564//3019
f 3555//3010 3461//2916 3462//2917 3464//2919
f 3503//2958 3504//2959 3486//2941 3485//2940
f 3557//3012 3572//3027 3466//2921
f 3469//2924 3467//2922 3494//2949
f 3489//2944 3488//2943 3506//2961
f 3595//3050 3596//3051 3594//3049 3593//3048
f 3534//2989 3519//2974 3521//2976
f 3574//3029 3575//3030 3573//3028
f 3578//3033 3579//3034 3580//3035
f 3578//3033 3580//3035 3582//3037
f 3582//3037 3580//3035 3608//3063
f 3583//3038 3584//3039 3585//3040
f 3585//3040 3586//3041 3587//3042
f 3588//3043 3589//3044 3587//3042
f 3591//3046 3590//3045 3614//3069
f 3600//3055 3601//3056 3602//3057 3598//3053
f 3595//3050 3597//3052 3596//3051
f 3597//3052 3598//3053 3599//3054
f 3635//3090 3614//3069 3613//3068 3615//3070
f 3579//3034 3603//3058 3604//3059
f 3581//3036 3605//3060 3606//3061
f 3630//3085 3624//3079 3623//3078 3631//3086
f 3621//3076 3633//3088 3620//3075
f 3628//3083 3632//3087 3627//3082
f 3629//3084 3631//3086 3628//3083
f 3615//3070 3613//3068 3611//3066
f 3621//3076 3620//3075 3623//3078
f 3624//3079 3630//3085 3606//3061 3605//3060
f 3601//3056 3622//3077 3604//3059
f 3601//3056 3621//3076 3622//3077
f 3601//3056 3600//3055 3633//3088
f 3593//3048 3619//3074 3595//3050
f 3635//3090 3616//3071 3593//3048
f 3633//3088 3621//3076 3601//3056
f 3633//3088 3618//3073 3620//3075
f 3620//3075 3618//3073 3617//3072
f 3616//3071 3635//3090 3615//3070
f 3613//3068 3614//3069 3612//3067
f 3636//3091 3610//3065 3588//3043
f 3637//3092 3636//3091 3586//3041
f 3636//3091 3588//3043 3586//3041
f 3627//3082 3610//3065 3636//3091
f 3607//3062 3608//3063 3629//3084
f 3648//3103 3649//3104 3585//3040 3587//3042
f 3605//3060 3622//3077 3624//3079
f 3602//3057 3638//3093 3639//3094
f 3640//3095 3602//3057 3639//3094
f 3644//3099 3594//3049 3643//3098
f 3644//3099 3654//3109 3645//3100
f 3648//3103 3587//3042 3647//3102
f 3650//3105 3675//3130 3648//3103 3647//3102
f 3654//3109 3653//3108 3652//3107 3645//3100
f 3647//3102 3651//3106 3650//3105
f 3651//3106 3645//3100 3652//3107
f 3668//3123 3669//3124 3671//3126 3670//3125
f 3655//3110 3665//3120 3666//3121
f 3652//3107 3666//3121 3667//3122
f 3659//3114 3661//3116 3663//3118 3658//3113
f 3669//3124 3674//3129 3673//3128
f 3674//3129 3664//3119 3663//3118
f 3673//3128 3662//3117 3672//3127
f 3671//3126 3669//3124 3673//3128
f 3668//3123 3675//3130 3650//3105
f 3664//3119 3665//3120 3655//3110 3656//3111
f 3662//3117 3673//3128 3661//3116
f 3659//3114 3658//3113 3639//3094
f 3658//3113 3657//3112 3641//3096
f 3664//3119 3657//3112 3658//3113
f 3655//3110 3653//3108 3654//3109 3643//3098
f 3643//3098 3656//3111 3655//3110
f 3635//3090 3592//3047 3591//3046 3614//3069
f 3574//3029 3649//3104 3670//3125
f 3644//3099 3643//3098 3654//3109
f 3656//3111 3643//3098 3642//3097
f 3641//3096 3640//3095 3658//3113
f 3659//3114 3639//3094 3660//3115
f 3638//3093 3602//3057 3603//3058
f 3601//3056 3604//3059 3603//3058
f 3640//3095 3599//3054 3598//3053
f 3596//3051 3597//3052 3641//3096
f 3597//3052 3595//3050 3634//3089
f 3594//3049 3596//3051 3643//3098
f 3635//3090 3593//3048 3592//3047
f 3591//3046 3645//3100 3646//3101 3590//3045
f 3591//3046 3644//3099 3645//3100
f 3585//3040 3649//3104 3573//3028 3583//3038
f 3612//3067 3614//3069 3590//3045
f 3589//3044 3612//3067 3590//3045
f 3587//3042 3589//3044 3647//3102
f 3573//3028 3575//3030 3582//3037 3583//3038
f 3584//3039 3607//3062 3637//3092
f 3607//3062 3584//3039 3583//3038
f 3576//3031 3672//3127 3662//3117 3577//3032
f 3580//3035 3606//3061 3608//3063
f 3581//3036 3606//3061 3580//3035
f 3579//3034 3581//3036 3580//3035
f 3660//3115 3577//3032 3662//3117
f 3648//3103 3675//3130 3670//3125 3649//3104
f 3577//3032 3578//3033 3576//3031
f 3576//3031 3578//3033 3582//3037
f 3576//3031 3582//3037 3575//3030
f 3576//3031 3575//3030 3671//3126 3672//3127
f 3589//3044 3590//3045 3646//3101 3647//3102
f 3579//3034 3577//3032 3638//3093 3603//3058
f 3606//3061 3630//3085 3629//3084 3608//3063
f 3609//3064 3636//3091 3637//3092
f 3681//3136 3682//3137 3683//3138 3680//3135
f 3676//3131 3677//3132 3684//3139
f 3677//3132 3683//3138 3684//3139
f 3677//3132 3704//3159 3683//3138
f 3704//3159 3678//3133 3683//3138
f 3779//3234 3710//3165 3709//3164 3731//3186
f 3685//3140 3684//3139 3686//3141
f 3690//3145 3689//3144 3688//3143
f 3691//3146 3690//3145 3681//3136
f 3703//3158 3704//3159 3702//3157
f 3704//3159 3705//3160 3707//3162
f 3707//3162 3706//3161 3708//3163
f 3711//3166 3712//3167 3779//3234 3731//3186
f 3718//3173 3719//3174 3717//3172 3716//3171
f 3726//3181 3727//3182 3703//3158 3701//3156
f 3698//3153 3723//3178 3739//3194
f 3725//3180 3726//3181 3701//3156
f 3731//3186 3709//3164 3730//3185 3750//3205
f 3728//3183 3706//3161 3705//3160
f 3729//3184 3730//3185 3709//3164
f 3752//3207 3711//3166 3731//3186 3750//3205
f 3740//3195 3724//3179 3700//3155 3739//3194
f 3752//3207 3732//3187 3711//3166
f 3734//3189 3733//3188 3754//3209
f 3718//3173 3716//3171 3735//3190
f 3737//3192 3738//3193 3722//3177
f 3738//3193 3739//3194 3722//3177
f 3749//3204 3750//3205 3730//3185 3748//3203
f 3743//3198 3744//3199 3726//3181
f 3746//3201 3748//3203 3747//3202
f 3752//3207 3750//3205 3749//3204 3751//3206
f 3762//3217 3761//3216 3757//3212 3756//3211
f 3738//3193 3759//3214 3740//3195
f 3759//3214 3760//3215 3741//3196
f 3778//3233 3743//3198 3770//3225 3769//3224
f 3767//3222 3766//3221 3768//3223
f 3741//3196 3760//3215 3773//3228
f 3774//3229 3764//3219 3775//3230
f 3776//3231 3775//3230 3767//3222
f 3777//3232 3770//3225 3773//3228
f 3774//3229 3775//3230 3776//3231
f 3777//3232 3774//3229 3776//3231
f 3712//3167 3690//3145 3691//3146 3779//3234
f 3467//2922 3468//2923 3466//2921 3465//2920
f 3768//3223 3766//3221 3748//3203
f 3776//3231 3767//3222 3769//3224
f 3768//3223 3746//3201 3767//3222
f 3766//3221 3765//3220 3751//3206
f 3763//3218 3764//3219 3774//3229
f 3760//3215 3761//3216 3777//3232
f 3759//3214 3758//3213 3761//3216
f 3758//3213 3757//3212 3761//3216
f 3751//3206 3749//3204 3766//3221
f 3745//3200 3746//3201 3728//3183
f 3744//3199 3778//3233 3745//3200
f 3735//3190 3757//3212 3736//3191
f 3735//3190 3756//3211 3757//3212
f 3754//3209 3756//3211 3716//3171
f 3729//3184 3747//3202 3748//3203
f 3744//3199 3728//3183 3705//3160
f 3727//3182 3744//3199 3705//3160
f 3725//3180 3724//3179 3742//3197
f 3694//3149 3717//3172 3719//3174
f 3717//3172 3693//3148 3715//3170
f 3687//3142 3697//3152 3698//3153 3685//3140
f 3708//3163 3729//3184 3709//3164
f 3699//3154 3700//3155 3725//3180
f 3698//3153 3700//3155 3699//3154
f 3693//3148 3717//3172 3689//3144
f 3690//3145 3692//3147 3689//3144
f 3686//3141 3687//3142 3685//3140
f 3682//3137 3686//3141 3684//3139
f 3682//3137 3688//3143 3686//3141
f 3704//3159 3677//3132 3702//3157
f 3733//3188 3715//3170 3713//3168 3732//3187
f 3721//3176 3736//3191 3737//3192
f 3777//3232 3776//3231 3770//3225
o Mball.003
v 0.861582 10.551438 -2.004950
v 0.861582 10.505124 -2.104322
v 0.905075 10.461071 -2.104322
v 0.950800 10.461071 -2.004950
v 0.861582 10.461071 -2.148015
v 0.861582 10.360883 -2.193952
v 0.950800 10.360883 -2.104322
v 0.861582 10.260694 -2.193952
v 0.950800 10.260694 -2.104322
v 0.861582 10.160505 -2.148015
v 0.905075 10.160505 -2.104322
v 0.861582 10.116452 -2.104322
v 0.861582 10.070138 -2.004950
v 0.950800 10.160505 -2.004950
v 0.861582 10.070138 -1.905578
v 0.950800 10.160505 -1.905578
v 0.861582 10.116452 -1.806206
v 0.905075 10.160505 -1.806206
v 0.960497 10.177989 -1.905578
v 0.950801 10.260694 -1.806206
v 0.960497 10.260694 -1.823548
v 0.950801 10.360883 -1.806206
v 0.960497 10.360883 -1.823548
v 0.960497 10.443587 -1.905578
v 0.905075 10.461071 -1.806206
v 0.950800 10.461071 -1.905578
v 0.861582 10.505124 -1.806206
v 0.861582 10.551438 -1.905578
v 0.762668 10.551438 -1.806206
v 0.762668 10.561260 -1.823548
v 0.844321 10.561260 -1.905578
v 0.762668 10.590092 -1.905578
v 0.663753 10.590092 -1.905578
v 0.663753 10.561260 -1.823548
v 0.663753 10.590092 -2.004950
v 0.762668 10.590092 -2.004950
v 0.663753 10.561260 -2.086980
v 0.762668 10.561260 -2.086980
v 0.663753 10.551438 -2.104322
v 0.762668 10.551438 -2.104322
v 0.663753 10.461071 -2.193952
v 0.762668 10.461071 -2.193952
v 0.663753 10.443587 -2.203694
v 0.762668 10.443587 -2.203694
v 0.663753 10.360883 -2.232290
v 0.762668 10.360883 -2.232290
v 0.663753 10.260694 -2.232290
v 0.762668 10.260694 -2.232290
v 0.663753 10.177989 -2.203694
v 0.762668 10.177989 -2.203694
v 0.663753 10.160505 -2.193952
v 0.762668 10.160505 -2.193952
v 0.663753 10.070138 -2.104322
v 0.762668 10.070138 -2.104322
v 0.663753 10.060316 -2.086980
v 0.762668 10.060316 -2.086980
v 0.663753 10.031485 -2.004950
v 0.762668 10.031485 -2.004950
v 0.663753 10.031485 -1.905578
v 0.762668 10.031485 -1.905578
v 0.663753 10.060316 -1.823548
v 0.762668 10.060316 -1.823548
v 0.663753 10.070138 -1.806206
v 0.762668 10.070138 -1.806206
v 0.663753 10.160505 -1.716576
v 0.762668 10.160505 -1.716576
v 0.663753 10.177989 -1.706835
v 0.762668 10.177989 -1.706835
v 0.663753 10.260694 -1.678238
v 0.762668 10.260694 -1.678238
v 0.663753 10.360883 -1.678238
v 0.762668 10.360883 -1.678238
v 0.663753 10.443587 -1.706835
v 0.762668 10.443587 -1.706835
v 0.663753 10.461071 -1.716576
v 0.762668 10.461071 -1.716576
v 0.663753 10.551438 -1.806206
v 0.861582 10.461071 -1.762512
v 0.861582 10.360883 -1.716576
v 0.844321 10.360883 -1.706835
v 0.861582 10.260694 -1.716576
v 0.844321 10.260694 -1.706835
v 0.582100 10.360883 -1.706835
v 0.582100 10.260694 -1.706835
v 0.564839 10.260694 -1.716576
v 0.564839 10.360883 -1.716576
v 0.475620 10.260694 -1.806206
v 0.475620 10.360883 -1.806206
v 0.521346 10.461071 -1.806206
v 0.564839 10.461071 -1.762512
v 0.564839 10.505124 -1.806206
v 0.475620 10.461071 -1.905578
v 0.564839 10.551438 -1.905578
v 0.475620 10.461071 -2.004950
v 0.564839 10.551438 -2.004950
v 0.465924 10.443587 -1.905578
v 0.465924 10.443587 -2.004950
v 0.465924 10.360883 -2.086980
v 0.475621 10.360883 -2.104322
v 0.521346 10.461071 -2.104322
v 0.465924 10.260694 -2.086980
v 0.475621 10.260694 -2.104322
v 0.465924 10.177989 -2.004950
v 0.475620 10.160505 -2.004950
v 0.521346 10.160505 -2.104322
v 0.564839 10.070138 -2.004950
v 0.564839 10.116452 -2.104322
v 0.564839 10.160505 -2.148015
v 0.564839 10.260694 -2.193952
v 0.465924 10.177989 -1.905578
v 0.475620 10.160505 -1.905578
v 0.465924 10.260694 -1.823548
v 0.521346 10.160505 -1.806206
v 0.564839 10.116452 -1.806206
v 0.564839 10.070138 -1.905578
v 0.564839 10.160505 -1.762512
v 0.437459 10.260694 -1.905578
v 0.437459 10.360883 -1.905578
v 0.465924 10.360883 -1.823548
v 0.437459 10.260694 -2.004950
v 0.437459 10.360883 -2.004950
v 0.564839 10.360883 -2.193952
v 0.582100 10.260694 -2.203694
v 0.582100 10.360883 -2.203694
v 0.564839 10.505124 -2.104322
v 0.564839 10.461071 -2.148015
v 0.582100 10.561260 -1.905578
v 0.861582 10.160505 -1.762512
v 0.582100 10.060316 -1.905578
v 0.582100 10.060316 -2.004950
v 0.844321 10.060316 -1.905578
v 0.844321 10.060316 -2.004950
v 0.844321 10.260694 -2.203694
v 0.844321 10.360883 -2.203694
v 0.844321 10.561260 -2.004950
v 0.582100 10.561260 -2.004950
v 0.960497 10.443587 -2.004950
v 0.988962 10.360883 -1.905578
v 0.988962 10.260694 -1.905578
v 0.988962 10.360883 -2.004950
v 0.988962 10.260694 -2.004950
v 0.960497 10.177989 -2.004950
v 0.960497 10.260694 -2.086980
v 0.960497 10.360883 -2.086980
v -0.622137 10.549716 -2.104322
v -0.523222 10.498920 -2.104322
v -0.523222 10.546471 -2.004950
v -0.547797 10.561260 -2.004950
v -0.622137 10.561260 -2.083935
v -0.622137 10.588556 -2.004950
v -0.622137 10.588556 -1.905578
v -0.547797 10.561260 -1.905578
v -0.622137 10.561260 -1.826592
v -0.622137 10.549716 -1.806206
v -0.523222 10.546471 -1.905578
v -0.523222 10.498920 -1.806206
v -0.441574 10.461071 -1.905578
v -0.487297 10.461071 -1.806206
v -0.424308 10.427876 -1.905578
v -0.424308 10.360883 -1.839131
v -0.441574 10.360883 -1.806206
v -0.424308 10.260694 -1.839131
v -0.441574 10.260694 -1.806206
v -0.424308 10.193701 -1.905578
v -0.441574 10.160505 -1.905578
v -0.487297 10.160505 -1.806206
v -0.523222 10.122656 -1.806206
v -0.523222 10.075106 -1.905578
v -0.523222 10.160505 -1.768666
v -0.622137 10.071860 -1.806206
v -0.622137 10.160505 -1.718284
v -0.721051 10.068673 -1.806206
v -0.721051 10.160505 -1.715124
v -0.622137 10.060316 -1.826592
v -0.721051 10.060316 -1.820961
v -0.721051 10.030180 -1.905578
v -0.622137 10.033020 -1.905578
v -0.547797 10.060316 -1.905578
v -0.547797 10.060316 -2.004950
v -0.622137 10.033020 -2.004950
v -0.523222 10.075106 -2.004950
v -0.622137 10.071860 -2.104322
v -0.622137 10.060316 -2.083935
v -0.523222 10.122656 -2.104322
v -0.523222 10.160505 -2.141862
v -0.622137 10.160505 -2.192244
v -0.622137 10.181059 -2.203694
v -0.523222 10.260694 -2.189024
v -0.547797 10.260694 -2.203694
v -0.523222 10.360883 -2.189024
v -0.547797 10.360883 -2.203694
v -0.622137 10.440517 -2.203694
v -0.523222 10.461071 -2.141862
v -0.622137 10.461071 -2.192244
v -0.622137 10.360883 -2.230767
v -0.721051 10.446196 -2.203694
v -0.721051 10.461071 -2.195405
v -0.721051 10.552903 -2.104322
v -0.819966 10.510864 -2.104322
v -0.819966 10.461071 -2.153709
v -0.819966 10.556033 -2.004950
v -0.721051 10.561260 -2.089567
v -0.810219 10.561260 -2.004950
v -0.721051 10.591396 -2.004950
v -0.721051 10.591396 -1.905578
v -0.810219 10.561260 -1.905578
v -0.721051 10.561260 -1.820961
v -0.819966 10.510864 -1.806206
v -0.819966 10.556033 -1.905578
v -0.721051 10.552903 -1.806206
v -0.721051 10.461071 -1.715124
v -0.819966 10.461071 -1.756819
v -0.819966 10.360883 -1.712019
v -0.721051 10.446196 -1.706835
v -0.810219 10.360883 -1.706835
v -0.819966 10.260694 -1.712019
v -0.810219 10.260694 -1.706835
v -0.819966 10.160505 -1.756819
v -0.721051 10.175381 -1.706835
v -0.721051 10.260694 -1.676944
v -0.622137 10.260694 -1.679761
v -0.622137 10.181059 -1.706835
v -0.721051 10.360883 -1.676944
v -0.622137 10.360883 -1.679761
v -0.547797 10.360883 -1.706835
v -0.547797 10.260694 -1.706835
v -0.622137 10.440517 -1.706835
v -0.523222 10.260694 -1.721503
v -0.523222 10.360883 -1.721503
v -0.916681 10.260694 -1.806206
v -0.916681 10.360883 -1.806206
v -0.918881 10.260694 -1.810002
v -0.918881 10.360883 -1.810002
v -0.918881 10.457245 -1.905578
v -0.916681 10.461071 -1.905578
v -0.871078 10.461071 -1.806206
v -0.918881 10.457245 -2.004950
v -0.916681 10.461071 -2.004950
v -0.955028 10.360883 -1.905578
v -0.918881 10.164331 -1.905578
v -0.871078 10.160505 -1.806206
v -0.916681 10.160505 -1.905578
v -0.819966 10.110712 -1.806206
v -0.819966 10.065543 -1.905578
v -0.819966 10.065543 -2.004950
v -0.916681 10.160505 -2.004950
v -0.819966 10.110712 -2.104322
v -0.871078 10.160505 -2.104322
v -0.819966 10.160505 -2.153709
v -0.819966 10.260694 -2.198509
v -0.916681 10.260694 -2.104322
v -0.819966 10.360883 -2.198509
v -0.916681 10.360883 -2.104322
v -0.871078 10.461071 -2.104322
v -0.918881 10.260694 -2.100526
v -0.918881 10.360883 -2.100526
v -0.955028 10.360883 -2.004950
v -0.955028 10.260694 -2.004950
v -0.918881 10.164331 -2.004950
v -0.955028 10.260694 -1.905578
v -0.810219 10.260694 -2.203694
v -0.810219 10.360883 -2.203694
v -0.721051 10.260694 -2.233584
v -0.721051 10.360883 -2.233584
v -0.721051 10.175381 -2.203694
v -0.622137 10.260694 -2.230767
v -0.721051 10.160505 -2.195405
v -0.721051 10.068673 -2.104322
v -0.810219 10.060316 -2.004950
v -0.721051 10.060316 -2.089567
v -0.721051 10.030180 -2.004950
v -0.810219 10.060316 -1.905578
v -0.622137 10.461071 -1.718284
v -0.441575 10.260694 -2.104322
v -0.441575 10.360883 -2.104322
v -0.424308 10.260694 -2.071397
v -0.424308 10.360883 -2.071397
v -0.424308 10.427876 -2.004950
v -0.441575 10.461071 -2.004950
v -0.487297 10.461071 -2.104322
v -0.403439 10.360883 -2.004950
v -0.424308 10.193701 -2.004950
v -0.487297 10.160505 -2.104322
v -0.441575 10.160505 -2.004950
v -0.403439 10.260694 -2.004950
v -0.403438 10.260694 -1.905578
v -0.403438 10.360883 -1.905578
v -0.523222 10.461071 -1.768666
vn 0.5765 0.7963 -0.1833
vn 0.5014 0.7067 -0.4991
vn 0.7135 0.4934 -0.4975
vn 0.8033 0.5669 -0.1825
vn 0.5015 0.4948 -0.7097
vn 0.5760 0.1798 -0.7974
vn 0.7957 0.1865 -0.5762
vn 0.5797 -0.1868 -0.7932
vn 0.8000 -0.1796 -0.5726
vn 0.5004 -0.4940 -0.7110
vn 0.7121 -0.4943 -0.4986
vn 0.4998 -0.7090 -0.4975
vn 0.5822 -0.7908 -0.1889
vn 0.7941 -0.5819 -0.1755
vn 0.5765 -0.7963 0.1833
vn 0.8033 -0.5669 0.1825
vn 0.5014 -0.7067 0.4991
vn 0.7135 -0.4934 0.4975
vn 0.8984 -0.3966 0.1889
vn 0.7957 -0.1865 0.5762
vn 0.8859 -0.2034 0.4169
vn 0.8000 0.1796 0.5726
vn 0.8969 0.1850 0.4017
vn 0.8946 0.4065 0.1854
vn 0.7121 0.4943 0.4986
vn 0.7941 0.5819 0.1755
vn 0.4998 0.7090 0.4975
vn 0.5822 0.7908 0.1889
vn 0.1901 0.7919 0.5803
vn 0.2080 0.8830 0.4208
vn 0.4225 0.8824 0.2069
vn 0.1641 0.9728 0.1634
vn -0.1641 0.9728 0.1634
vn -0.1879 0.8910 0.4134
vn -0.1641 0.9728 -0.1634
vn 0.1641 0.9728 -0.1634
vn -0.1914 0.8948 -0.4034
vn 0.2080 0.8830 -0.4208
vn -0.1844 0.7974 -0.5747
vn 0.1904 0.7916 -0.5806
vn -0.1896 0.5741 -0.7965
vn 0.1768 0.5835 -0.7927
vn -0.2070 0.4153 -0.8858
vn 0.1869 0.4079 -0.8937
vn -0.1629 0.1608 -0.9734
vn 0.1629 0.1608 -0.9734
vn -0.1629 -0.1608 -0.9734
vn 0.1629 -0.1608 -0.9734
vn -0.1882 -0.4003 -0.8968
vn 0.1904 -0.3980 -0.8974
vn -0.1828 -0.5709 -0.8004
vn 0.1839 -0.5685 -0.8019
vn -0.1901 -0.7919 -0.5803
vn 0.1901 -0.7919 -0.5803
vn -0.2080 -0.8830 -0.4208
vn 0.2080 -0.8830 -0.4208
vn -0.1641 -0.9728 -0.1634
vn 0.1641 -0.9728 -0.1634
vn -0.1641 -0.9728 0.1634
vn 0.1641 -0.9728 0.1634
vn -0.1892 -0.8942 0.4057
vn 0.2080 -0.8830 0.4208
vn -0.1833 -0.7959 0.5770
vn 0.1904 -0.7916 0.5806
vn -0.1768 -0.5835 0.7927
vn 0.1768 -0.5835 0.7927
vn -0.1869 -0.4079 0.8937
vn 0.1869 -0.4079 0.8937
vn -0.1629 -0.1608 0.9734
vn 0.1629 -0.1608 0.9734
vn -0.1629 0.1608 0.9734
vn 0.1629 0.1608 0.9734
vn -0.1904 0.3980 0.8974
vn 0.1904 0.3980 0.8974
vn -0.1839 0.5685 0.8019
vn 0.1839 0.5685 0.8019
vn -0.1772 0.7880 0.5896
vn 0.5004 0.4940 0.7110
vn 0.5797 0.1868 0.7932
vn 0.4200 0.2040 0.8843
vn 0.5760 -0.1798 0.7974
vn 0.4048 -0.1856 0.8954
vn -0.4200 0.2040 0.8843
vn -0.4048 -0.1856 0.8954
vn -0.5760 -0.1798 0.7974
vn -0.5797 0.1868 0.7932
vn -0.8000 -0.1796 0.5726
vn -0.7957 0.1865 0.5762
vn -0.7135 0.4934 0.4975
vn -0.5004 0.4940 0.7110
vn -0.5025 0.7053 0.5000
vn -0.8033 0.5669 0.1825
vn -0.5789 0.7948 0.1822
vn -0.7941 0.5819 -0.1755
vn -0.5825 0.7905 -0.1892
vn -0.8984 0.3966 0.1889
vn -0.8946 0.4065 -0.1854
vn -0.8969 0.1850 -0.4017
vn -0.8000 0.1796 -0.5726
vn -0.7121 0.4943 -0.4986
vn -0.8859 -0.2034 -0.4169
vn -0.7957 -0.1865 -0.5762
vn -0.8984 -0.3966 -0.1889
vn -0.8033 -0.5669 -0.1825
vn -0.7135 -0.4934 -0.4975
vn -0.5822 -0.7908 -0.1889
vn -0.4998 -0.7090 -0.4975
vn -0.5012 -0.4951 -0.7097
vn -0.5886 -0.1738 -0.7895
vn -0.8946 -0.4065 0.1854
vn -0.7941 -0.5819 0.1755
vn -0.8969 -0.1850 0.4017
vn -0.7121 -0.4943 0.4986
vn -0.5023 -0.7053 0.5002
vn -0.5915 -0.7869 0.1761
vn -0.5015 -0.4948 0.7097
vn -0.9738 -0.1602 0.1615
vn -0.9738 0.1602 0.1615
vn -0.8859 0.2034 0.4169
vn -0.9738 -0.1602 -0.1615
vn -0.9738 0.1602 -0.1615
vn -0.5793 0.1865 -0.7935
vn -0.4125 -0.1842 -0.8921
vn -0.4200 0.2040 -0.8843
vn -0.5014 0.7067 -0.4991
vn -0.4987 0.4924 -0.7133
vn -0.4073 0.8937 0.1883
vn 0.5015 -0.4948 0.7097
vn -0.4151 -0.8904 0.1869
vn -0.4225 -0.8824 -0.2069
vn 0.4050 -0.8943 0.1904
vn 0.4225 -0.8824 -0.2069
vn 0.4200 -0.2040 -0.8843
vn 0.4048 0.1856 -0.8954
vn 0.4050 0.8943 -0.1904
vn -0.4225 0.8824 -0.2069
vn 0.8984 0.3966 -0.1889
vn 0.9738 0.1602 0.1615
vn 0.9738 -0.1602 0.1615
vn 0.9738 0.1602 -0.1615
vn 0.9738 -0.1602 -0.1615
vn 0.8946 -0.4065 -0.1854
vn 0.8969 -0.1850 -0.4017
vn 0.8859 0.2034 -0.4169
vn 0.2165 0.7863 -0.5786
vn 0.5214 0.6936 -0.4971
vn 0.5951 0.7820 -0.1853
vn 0.4260 0.8844 -0.1906
vn 0.2305 0.8792 -0.4170
vn 0.1830 0.9697 -0.1618
vn 0.1830 0.9697 0.1618
vn 0.4394 0.8750 0.2034
vn 0.2305 0.8792 0.4170
vn 0.2163 0.7866 0.5783
vn 0.5991 0.7780 0.1893
vn 0.5196 0.6963 0.4952
vn 0.8062 0.5643 0.1775
vn 0.7192 0.4893 0.4933
vn 0.9046 0.3847 0.1839
vn 0.9046 0.1816 0.3856
vn 0.8079 0.1798 0.5612
vn 0.8989 -0.1936 0.3931
vn 0.8066 -0.1842 0.5617
vn 0.9058 -0.3805 0.1862
vn 0.8111 -0.5555 0.1832
vn 0.7202 -0.4885 0.4925
vn 0.5214 -0.6936 0.4971
vn 0.5951 -0.7820 0.1853
vn 0.5212 -0.4928 0.6968
vn 0.2165 -0.7863 0.5786
vn 0.2045 -0.5804 0.7882
vn -0.1563 -0.8019 0.5767
vn -0.1492 -0.5860 0.7964
vn 0.2305 -0.8792 0.4170
vn -0.1638 -0.8996 0.4049
vn -0.1447 -0.9757 0.1645
vn 0.1830 -0.9697 0.1618
vn 0.4260 -0.8844 0.1906
vn 0.4394 -0.8750 -0.2034
vn 0.1830 -0.9697 -0.1618
vn 0.5991 -0.7780 -0.1893
vn 0.2163 -0.7866 -0.5783
vn 0.2305 -0.8792 -0.4170
vn 0.5196 -0.6963 -0.4952
vn 0.5201 -0.4918 -0.6983
vn 0.2113 -0.5676 -0.7957
vn 0.2162 -0.3974 -0.8918
vn 0.5966 -0.1872 -0.7804
vn 0.4368 -0.2006 -0.8769
vn 0.5944 0.1817 -0.7834
vn 0.4254 0.1856 -0.8858
vn 0.2131 0.4052 -0.8890
vn 0.5212 0.4927 -0.6968
vn 0.2045 0.5804 -0.7882
vn 0.1817 0.1593 -0.9704
vn -0.1844 0.4185 -0.8893
vn -0.1634 0.5757 -0.8012
vn -0.1569 0.8028 -0.5752
vn -0.4818 0.7190 -0.5010
vn -0.4789 0.4941 -0.7256
vn -0.5654 0.8030 -0.1886
vn -0.1652 0.9000 -0.4033
vn -0.4048 0.8900 -0.2099
vn -0.1447 0.9757 -0.1645
vn -0.1447 0.9757 0.1645
vn -0.3852 0.9036 0.1875
vn -0.1613 0.8952 0.4155
vn -0.4827 0.7180 0.5014
vn -0.5599 0.8088 0.1798
vn -0.1495 0.7918 0.5922
vn -0.1565 0.5690 0.8073
vn -0.4807 0.4958 0.7233
vn -0.5625 0.1861 0.8055
vn -0.1643 0.3979 0.9026
vn -0.4023 0.2070 0.8918
vn -0.5570 -0.1774 0.8113
vn -0.3828 -0.1847 0.9052
vn -0.4816 -0.4962 0.7223
vn -0.1604 -0.4100 0.8979
vn -0.1436 -0.1620 0.9763
vn 0.1817 -0.1593 0.9704
vn 0.2131 -0.4052 0.8890
vn -0.1436 0.1620 0.9763
vn 0.1817 0.1593 0.9704
vn 0.4368 0.2006 0.8769
vn 0.4254 -0.1856 0.8858
vn 0.2162 0.3974 0.8918
vn 0.5944 -0.1817 0.7834
vn 0.5966 0.1872 0.7804
vn -0.7963 -0.1779 0.5781
vn -0.7880 0.1872 0.5865
vn -0.8929 -0.1864 0.4099
vn -0.8761 0.2101 0.4339
vn -0.8941 0.4062 0.1887
vn -0.7988 0.5740 0.1800
vn -0.7085 0.4970 0.5011
vn -0.8872 0.4227 -0.1850
vn -0.7853 0.5943 -0.1736
vn -0.9695 0.1725 0.1739
vn -0.8872 -0.4227 0.1850
vn -0.7079 -0.4973 0.5016
vn -0.7853 -0.5943 0.1736
vn -0.4824 -0.7180 0.5018
vn -0.5755 -0.7990 0.1741
vn -0.5651 -0.8032 -0.1883
vn -0.7988 -0.5740 -0.1800
vn -0.4800 -0.7213 -0.4993
vn -0.7085 -0.4970 -0.5011
vn -0.4813 -0.4966 -0.7223
vn -0.5727 -0.1718 -0.8016
vn -0.7880 -0.1872 -0.5865
vn -0.5623 0.1859 -0.8058
vn -0.7963 0.1779 -0.5781
vn -0.7079 0.4973 -0.5016
vn -0.8761 -0.2100 -0.4339
vn -0.8929 0.1864 -0.4099
vn -0.9695 0.1725 -0.1739
vn -0.9695 -0.1725 -0.1739
vn -0.8941 -0.4062 -0.1887
vn -0.9695 -0.1725 0.1739
vn -0.3942 -0.1832 -0.9006
vn -0.4025 0.2071 -0.8917
vn -0.1436 -0.1620 -0.9763
vn -0.1436 0.1620 -0.9763
vn -0.1630 -0.3994 -0.9022
vn 0.1817 -0.1593 -0.9704
vn -0.1559 -0.5705 -0.8064
vn -0.1639 -0.7966 -0.5818
vn -0.4050 -0.8899 -0.2101
vn -0.1853 -0.8865 -0.4241
vn -0.1447 -0.9757 -0.1645
vn -0.3967 -0.8989 0.1859
vn 0.2113 0.5676 0.7957
vn 0.8079 -0.1798 -0.5612
vn 0.8066 0.1842 -0.5617
vn 0.9046 -0.1816 -0.3856
vn 0.8989 0.1936 -0.3931
vn 0.9058 0.3805 -0.1862
vn 0.8111 0.5555 -0.1832
vn 0.7202 0.4885 -0.4925
vn 0.9781 0.1467 -0.1479
vn 0.9046 -0.3847 -0.1839
vn 0.7192 -0.4893 -0.4933
vn 0.8062 -0.5643 -0.1775
vn 0.9781 -0.1467 -0.1479
vn 0.9781 -0.1467 0.1479
vn 0.9781 0.1467 0.1479
vn 0.5201 0.4918 0.6983
s 1
usemtl Material.001
f 3783//3238 3782//3237 3781//3236 3780//3235
f 3782//3237 3784//3239 3781//3236
f 3784//3239 3782//3237 3786//3241 3785//3240
f 3785//3240 3786//3241 3788//3243 3787//3242
f 3787//3242 3788//3243 3790//3245 3789//3244
f 3789//3244 3790//3245 3791//3246
f 3791//3246 3790//3245 3793//3248 3792//3247
f 3792//3247 3793//3248 3795//3250 3794//3249
f 3794//3249 3795//3250 3797//3252 3796//3251
f 3799//3254 3797//3252 3795//3250 3798//3253
f 3800//3255 3799//3254 3798//3253
f 3802//3257 3801//3256 3799//3254 3800//3255
f 3804//3259 3801//3256 3802//3257 3803//3258
f 3805//3260 3804//3259 3803//3258
f 3804//3259 3805//3260 3807//3262 3806//3261
f 3807//3262 3810//3265 3809//3264 3808//3263
f 3806//3261 3807//3262 3808//3263
f 3809//3264 3810//3265 3811//3266
f 3813//3268 3809//3264 3811//3266 3812//3267
f 3811//3266 3815//3270 3814//3269 3812//3267
f 3815//3270 3817//3272 3816//3271 3814//3269
f 3816//3271 3817//3272 3819//3274 3818//3273
f 3819//3274 3821//3276 3820//3275 3818//3273
f 3820//3275 3821//3276 3823//3278 3822//3277
f 3823//3278 3825//3280 3824//3279 3822//3277
f 3824//3279 3825//3280 3827//3282 3826//3281
f 3826//3281 3827//3282 3829//3284 3828//3283
f 3829//3284 3831//3286 3830//3285 3828//3283
f 3830//3285 3831//3286 3833//3288 3832//3287
f 3833//3288 3835//3290 3834//3289 3832//3287
f 3834//3289 3835//3290 3837//3292 3836//3291
f 3836//3291 3837//3292 3839//3294 3838//3293
f 3839//3294 3841//3296 3840//3295 3838//3293
f 3840//3295 3841//3296 3843//3298 3842//3297
f 3843//3298 3845//3300 3844//3299 3842//3297
f 3844//3299 3845//3300 3847//3302 3846//3301
f 3847//3302 3849//3304 3848//3303 3846//3301
f 3849//3304 3851//3306 3850//3305 3848//3303
f 3850//3305 3851//3306 3853//3308 3852//3307
f 3853//3308 3855//3310 3854//3309 3852//3307
f 3854//3309 3855//3310 3808//3263 3856//3311
f 3858//3313 3857//3312 3855//3310 3853//3308
f 3859//3314 3858//3313 3853//3308
f 3858//3313 3859//3314 3861//3316 3860//3315
f 3862//3317 3850//3305 3852//3307
f 3861//3316 3859//3314 3851//3306 3849//3304
f 3850//3305 3862//3317 3863//3318 3848//3303
f 3863//3318 3862//3317 3865//3320 3864//3319
f 3865//3320 3867//3322 3866//3321 3864//3319
f 3869//3324 3868//3323 3867//3322 3865//3320
f 3868//3323 3869//3324 3870//3325
f 3872//3327 3871//3326 3868//3323 3870//3325
f 3874//3329 3873//3328 3871//3326 3872//3327
f 3871//3326 3873//3328 3876//3331 3875//3330
f 3879//3334 3878//3333 3877//3332 3876//3331
f 3873//3328 3879//3334 3876//3331
f 3877//3332 3878//3333 3881//3336 3880//3335
f 3881//3336 3884//3339 3883//3338 3882//3337
f 3880//3335 3881//3336 3882//3337
f 3883//3338 3884//3339 3886//3341 3885//3340
f 3884//3339 3881//3336 3888//3343 3887//3342
f 3882//3337 3883//3338 3890//3345 3889//3344
f 3892//3347 3866//3321 3891//3346 3889//3344
f 3890//3345 3892//3347 3889//3344
f 3892//3347 3890//3345 3894//3349 3893//3348
f 3895//3350 3892//3347 3893//3348
f 3891//3346 3896//3351 3889//3344
f 3898//3353 3897//3352 3896//3351 3891//3346
f 3897//3352 3898//3353 3875//3330
f 3897//3352 3900//3355 3899//3354 3896//3351
f 3896//3351 3899//3354 3882//3337 3889//3344
f 3899//3354 3880//3335 3882//3337
f 3881//3336 3878//3333 3901//3356 3888//3343
f 3901//3356 3903//3358 3902//3357 3888//3343
f 3899//3354 3900//3355 3877//3332 3880//3335
f 3877//3332 3900//3355 3876//3331
f 3904//3359 3879//3334 3873//3328 3874//3329
f 3905//3360 3879//3334 3904//3359
f 3813//3268 3906//3361 3872//3327 3870//3325
f 3856//3311 3813//3268 3870//3325
f 3867//3322 3868//3323 3871//3326 3875//3330
f 3898//3353 3867//3322 3875//3330
f 3864//3319 3866//3321 3892//3347 3895//3350
f 3866//3321 3867//3322 3898//3353 3891//3346
f 3861//3316 3849//3304 3847//3302
f 3848//3303 3863//3318 3846//3301
f 3796//3251 3907//3362 3845//3300 3843//3298
f 3842//3297 3844//3299 3895//3350 3893//3348
f 3908//3363 3840//3295 3842//3297 3893//3348
f 3894//3349 3908//3363 3893//3348
f 3885//3340 3909//3364 3908//3363 3894//3349
f 3910//3365 3841//3296 3839//3294
f 3840//3295 3908//3363 3838//3293
f 3908//3363 3909//3364 3836//3291 3838//3293
f 3835//3290 3911//3366 3837//3292
f 3909//3364 3834//3289 3836//3291
f 3832//3287 3834//3289 3909//3364 3885//3340
f 3886//3341 3832//3287 3885//3340
f 3887//3342 3830//3285 3832//3287 3886//3341
f 3902//3357 3828//3283 3830//3285 3887//3342
f 3888//3343 3902//3357 3887//3342
f 3827//3282 3912//3367 3829//3284
f 3902//3357 3826//3281 3828//3283
f 3825//3280 3913//3368 3912//3367 3827//3282
f 3902//3357 3903//3358 3824//3279 3826//3281
f 3824//3279 3903//3358 3822//3277
f 3820//3275 3822//3277 3903//3358 3901//3356
f 3905//3360 3820//3275 3901//3356
f 3818//3273 3820//3275 3905//3360 3904//3359
f 3914//3369 3817//3272 3815//3270
f 3816//3271 3915//3370 3814//3269
f 3814//3269 3915//3370 3906//3361 3812//3267
f 3906//3361 3813//3268 3812//3267
f 3780//3235 3914//3369 3810//3265 3807//3262
f 3808//3263 3809//3264 3813//3268 3856//3311
f 3916//3371 3783//3238 3805//3260 3803//3258
f 3802//3257 3917//3372 3803//3258
f 3799//3254 3801//3256 3858//3313 3860//3315
f 3918//3373 3917//3372 3802//3257 3800//3255
f 3920//3375 3919//3374 3917//3372 3918//3373
f 3921//3376 3920//3375 3918//3373 3798//3253
f 3922//3377 3920//3375 3921//3376
f 3923//3378 3919//3374 3920//3375 3922//3377
f 3919//3374 3923//3378 3916//3371
f 3918//3373 3800//3255 3798//3253
f 3797//3252 3907//3362 3796//3251
f 3910//3365 3794//3249 3796//3251 3843//3298
f 3841//3296 3910//3365 3843//3298
f 3910//3365 3911//3366 3792//3247 3794//3249
f 3792//3247 3911//3366 3835//3290 3833//3288
f 3791//3246 3792//3247 3833//3288
f 3787//3242 3789//3244 3831//3286 3829//3284
f 3912//3367 3787//3242 3829//3284
f 3788//3243 3786//3241 3923//3378 3922//3377
f 3912//3367 3913//3368 3785//3240 3787//3242
f 3784//3239 3785//3240 3913//3368 3823//3278
f 3821//3276 3784//3239 3823//3278
f 3781//3236 3784//3239 3821//3276 3819//3274
f 3786//3241 3782//3237 3783//3238 3916//3371
f 3923//3378 3786//3241 3916//3371
f 3790//3245 3788//3243 3922//3377 3921//3376
f 3793//3248 3790//3245 3921//3376
f 3805//3260 3783//3238 3780//3235 3807//3262
f 3917//3372 3919//3374 3916//3371 3803//3258
f 3795//3250 3793//3248 3921//3376 3798//3253
f 3857//3312 3804//3259 3806//3261
f 3801//3256 3804//3259 3857//3312 3858//3313
f 3797//3252 3799//3254 3860//3315 3907//3362
f 3914//3369 3780//3235 3781//3236 3819//3274
f 3817//3272 3914//3369 3819//3274
f 3913//3368 3825//3280 3823//3278
f 3831//3286 3789//3244 3791//3246 3833//3288
f 3810//3265 3914//3369 3815//3270 3811//3266
f 3837//3292 3911//3366 3910//3365 3839//3294
f 3855//3310 3857//3312 3806//3261 3808//3263
f 3851//3306 3859//3314 3853//3308
f 3907//3362 3860//3315 3861//3316 3847//3302
f 3845//3300 3907//3362 3847//3302
f 3816//3271 3818//3273 3904//3359 3874//3329
f 3915//3370 3816//3271 3874//3329
f 3878//3333 3879//3334 3905//3360 3901//3356
f 3884//3339 3887//3342 3886//3341
f 3906//3361 3915//3370 3874//3329 3872//3327
f 3876//3331 3900//3355 3897//3352 3875//3330
f 3890//3345 3883//3338 3885//3340 3894//3349
f 3869//3324 3854//3309 3856//3311 3870//3325
f 3852//3307 3854//3309 3869//3324 3865//3320
f 3862//3317 3852//3307 3865//3320
f 3846//3301 3863//3318 3864//3319 3895//3350
f 3844//3299 3846//3301 3895//3350
f 3927//3382 3926//3381 3925//3380 3924//3379
f 3928//3383 3927//3382 3924//3379
f 3927//3382 3928//3383 3929//3384
f 3931//3386 3927//3382 3929//3384 3930//3385
f 3932//3387 3931//3386 3930//3385
f 3934//3389 3931//3386 3932//3387 3933//3388
f 3935//3390 3934//3389 3933//3388
f 3937//3392 3936//3391 3934//3389 3935//3390
f 3937//3392 3940//3395 3939//3394 3938//3393
f 3936//3391 3937//3392 3938//3393
f 3939//3394 3940//3395 3942//3397 3941//3396
f 3942//3397 3945//3400 3944//3399 3943//3398
f 3941//3396 3942//3397 3943//3398
f 3947//3402 3944//3399 3945//3400 3946//3401
f 3945//3400 3948//3403 3946//3401
f 3946//3401 3948//3403 3950//3405 3949//3404
f 3949//3404 3950//3405 3952//3407 3951//3406
f 3954//3409 3953//3408 3949//3404 3951//3406
f 3956//3411 3953//3408 3954//3409 3955//3410
f 3957//3412 3953//3408 3956//3411
f 3959//3414 3958//3413 3957//3412 3956//3411
f 3957//3412 3958//3413 3960//3415 3947//3402
f 3960//3415 3958//3413 3962//3417 3961//3416
f 3963//3418 3960//3415 3961//3416
f 3965//3420 3964//3419 3963//3418 3961//3416
f 3967//3422 3964//3419 3965//3420 3966//3421
f 3968//3423 3967//3422 3966//3421
f 3968//3423 3970//3425 3969//3424 3967//3422
f 3972//3427 3969//3424 3970//3425 3971//3426
f 3973//3428 3972//3427 3971//3426
f 3970//3425 3974//3429 3971//3426
f 3976//3431 3973//3428 3971//3426 3975//3430
f 3924//3379 3973//3428 3976//3431 3977//3432
f 3977//3432 3976//3431 3979//3434 3978//3433
f 3981//3436 3977//3432 3978//3433 3980//3435
f 3982//3437 3981//3436 3980//3435
f 3981//3436 3982//3437 3983//3438
f 3983//3438 3982//3437 3985//3440 3984//3439
f 3985//3440 3986//3441 3984//3439
f 3986//3441 3985//3440 3988//3443 3987//3442
f 3989//3444 3986//3441 3987//3442
f 3991//3446 3990//3445 3989//3444 3987//3442
f 3993//3448 3990//3445 3991//3446 3992//3447
f 3994//3449 3993//3448 3992//3447
f 3996//3451 3994//3449 3992//3447 3995//3450
f 3998//3453 3996//3451 3995//3450 3997//3452
f 3952//3407 3998//3453 3997//3452
f 3999//3454 3996//3451 3998//3453
f 4001//3456 4000//3455 3999//3454 3998//3453
f 4000//3455 4003//3458 4002//3457 3999//3454
f 4005//3460 4004//3459 4003//3458 4000//3455
f 4003//3458 4004//3459 4006//3461
f 4008//3463 4004//3459 4005//3460 4007//3462
f 4005//3460 4000//3455 4001//3456
f 4002//3457 3994//3449 3996//3451 3999//3454
f 3992//3447 4010//3465 4009//3464 3995//3450
f 4009//3464 4010//3465 4012//3467 4011//3466
f 4010//3465 4015//3470 4014//3469 4013//3468
f 4012//3467 4010//3465 4013//3468
f 4014//3469 4017//3472 4016//3471 4013//3468
f 4018//3473 4012//3467 4013//3468
f 4020//3475 4009//3464 4011//3466 4019//3474
f 4021//3476 4020//3475 4019//3474
f 4020//3475 4021//3476 4023//3478 4022//3477
f 4021//3476 4025//3480 4024//3479 4023//3478
f 4025//3480 4027//3482 4026//3481 4024//3479
f 4027//3482 4028//3483 4026//3481
f 4027//3482 4030//3485 4029//3484 4028//3483
f 4030//3485 4032//3487 4031//3486 4029//3484
f 4032//3487 4033//3488 3979//3434 4031//3486
f 4035//3490 4032//3487 4030//3485 4034//3489
f 4037//3492 4036//3491 4035//3490 4034//3489
f 4035//3490 4036//3491 4016//3471
f 4037//3492 4034//3489 4038//3493
f 4039//3494 4037//3492 4038//3493 4019//3474
f 4018//3473 4036//3491 4037//3492 4039//3494
f 4031//3486 4041//3496 4040//3495 4029//3484
f 4040//3495 4041//3496 4043//3498 4042//3497
f 4043//3498 4041//3496 3975//3430
f 4040//3495 4042//3497 4044//3499
f 4042//3497 4045//3500 3966//3421 4044//3499
f 4043//3498 3974//3429 4045//3500 4042//3497
f 4040//3495 4044//3499 4046//3501 4028//3483
f 4029//3484 4040//3495 4028//3483
f 4028//3483 4046//3501 4047//3502 4026//3481
f 4047//3502 4049//3504 4048//3503 4024//3479
f 4026//3481 4047//3502 4024//3479
f 4048//3503 4049//3504 4050//3505
f 4051//3506 4048//3503 4050//3505 3955//3410
f 4049//3504 3962//3417 3959//3414 4050//3505
f 4024//3479 4048//3503 4051//3506 4023//3478
f 3997//3452 4020//3475 4022//3477
f 4011//3466 4039//3494 4019//3474
f 4012//3467 4018//3473 4039//3494 4011//3466
f 3994//3449 4002//3457 3993//3448
f 4006//3461 4052//3507 3990//3445 3993//3448
f 3988//3443 4014//3469 4015//3470 3987//3442
f 3985//3440 3982//3437 3980//3435 3988//3443
f 3979//3434 4033//3488 3978//3433
f 3976//3431 3975//3430 4041//3496 4031//3486
f 3979//3434 3976//3431 4031//3486
f 3974//3429 3970//3425 3968//3423 4045//3500
f 3969//3424 4054//3509 4053//3508 3967//3422
f 4053//3508 4054//3509 4056//3511 4055//3510
f 4054//3509 4059//3514 4058//3513 4057//3512
f 4056//3511 4054//3509 4057//3512
f 4060//3515 4056//3511 4057//3512
f 4062//3517 4053//3508 4055//3510 4061//3516
f 4063//3518 4062//3517 4061//3516
f 4055//3510 4064//3519 4061//3516
f 4061//3516 4064//3519 4065//3520 3943//3398
f 4064//3519 4060//3515 4066//3521 4065//3520
f 4056//3511 4060//3515 4064//3519 4055//3510
f 4045//3500 3968//3423 3966//3421
f 3967//3422 4053//3508 4062//3517 3964//3419
f 3966//3421 3965//3420 4046//3501 4044//3499
f 3963//3418 4062//3517 4063//3518 3960//3415
f 3961//3416 3962//3417 4049//3504 4047//3502
f 3962//3417 3958//3413 3959//3414
f 3954//3409 4051//3506 3955//3410
f 4051//3506 3954//3409 3951//3406 4022//3477
f 4023//3478 4051//3506 4022//3477
f 3951//3406 3952//3407 3997//3452 4022//3477
f 3957//3412 3947//3402 3946//3401 3949//3404
f 3953//3408 3957//3412 3949//3404
f 3944//3399 4063//3518 4061//3516 3943//3398
f 3945//3400 3942//3397 4007//3462 3948//3403
f 4065//3520 3941//3396 3943//3398
f 3942//3397 3940//3395 4008//3463 4007//3462
f 4065//3520 4066//3521 3939//3394 3941//3396
f 4057//3512 4058//3513 3936//3391 3938//3393
f 3940//3395 3937//3392 4067//3522 4008//3463
f 3939//3394 4066//3521 3938//3393
f 3936//3391 4058//3513 3926//3381 3934//3389
f 4067//3522 3937//3392 3935//3390
f 3933//3388 3932//3387 3986//3441 3989//3444
f 3986//3441 3932//3387 3930//3385 3984//3439
f 3929//3384 3928//3383 3981//3436 3983//3438
f 3925//3380 3972//3427 3973//3428 3924//3379
f 4059//3514 3972//3427 3925//3380
f 4058//3513 4059//3514 3925//3380 3926//3381
f 3972//3427 4059//3514 4054//3509 3969//3424
f 3964//3419 4062//3517 3963//3418
f 3926//3381 3927//3382 3931//3386 3934//3389
f 4066//3521 4060//3515 4057//3512 3938//3393
f 3960//3415 4063//3518 3944//3399 3947//3402
f 4052//3507 4067//3522 3935//3390 3933//3388
f 4008//3463 4067//3522 4052//3507 4006//3461
f 4004//3459 4008//3463 4006//3461
f 3948//3403 4007//3462 4005//3460 4001//3456
f 3950//3405 3948//3403 4001//3456
f 3981//3436 3928//3383 3924//3379 3977//3432
f 3971//3426 3974//3429 4043//3498 3975//3430
f 4046//3501 3965//3420 3961//3416 4047//3502
f 3930//3385 3929//3384 3983//3438 3984//3439
f 4050//3505 3959//3414 3956//3411 3955//3410
f 3990//3445 4052//3507 3933//3388 3989//3444
f 4002//3457 4003//3458 4006//3461 3993//3448
f 3952//3407 3950//3405 4001//3456 3998//3453
f 3978//3433 4033//3488 4017//3472 3980//3435
f 4033//3488 4032//3487 4035//3490 4016//3471
f 4017//3472 4033//3488 4016//3471
f 4030//3485 4027//3482 4025//3480 4038//3493
f 4034//3489 4030//3485 4038//3493
f 3980//3435 4017//3472 4014//3469 3988//3443
f 4016//3471 4036//3491 4018//3473 4013//3468
f 4038//3493 4025//3480 4021//3476 4019//3474
f 4015//3470 3991//3446 3987//3442
f 3991//3446 4015//3470 4010//3465 3992//3447
f 3995//3450 4009//3464 4020//3475 3997//3452
